

SET SQL_MODE = "NO_AUTO_VALUE_ON_ZERO";
START TRANSACTION;
SET time_zone = "+00:00";

--
-- データベース: `primary`
--

-- --------------------------------------------------------

--
-- テーブルの構造 `areas`
--

CREATE TABLE `areas` (
  `id` int(10) UNSIGNED NOT NULL,
  `display` tinyint(1) NOT NULL DEFAULT 0 COMMENT '表示',
  `name` varchar(255) COLLATE utf8mb4_bin NOT NULL COMMENT '名前',
  `label` varchar(255) COLLATE utf8mb4_bin NOT NULL COMMENT '表示名',
  `book_label` varchar(255) COLLATE utf8mb4_bin NOT NULL COMMENT '冊子での表示名',
  `serial` varchar(255) COLLATE utf8mb4_bin NOT NULL COMMENT 'シリアル名',
  `reorder` int(10) UNSIGNED NOT NULL DEFAULT 1 COMMENT '並び順',
  `book_reorder` int(10) UNSIGNED NOT NULL DEFAULT 1 COMMENT '冊子での並び順',
  `area_label_id` int(10) UNSIGNED NOT NULL DEFAULT 1 COMMENT 'エリアラベルID',
  `area_section_id` int(10) UNSIGNED NOT NULL DEFAULT 1 COMMENT 'エリアセクションID',
  `city_id` int(10) UNSIGNED NOT NULL DEFAULT 1 COMMENT '市町村ID',
  `prefecture_id` int(10) UNSIGNED NOT NULL DEFAULT 1 COMMENT '都道府県ID',
  `user_id` int(10) UNSIGNED NOT NULL DEFAULT 1 COMMENT 'ユーザーID',
  `created_at` timestamp NOT NULL DEFAULT current_timestamp(),
  `updated_at` timestamp NOT NULL DEFAULT current_timestamp()
) ENGINE=InnoDB DEFAULT CHARSET=utf8mb4 COLLATE=utf8mb4_bin;

--
-- テーブルのデータのダンプ `areas`
--

INSERT INTO `areas` (`id`, `display`, `name`, `label`, `book_label`, `serial`, `reorder`, `book_reorder`, `area_label_id`, `area_section_id`, `city_id`, `prefecture_id`, `user_id`, `created_at`, `updated_at`) VALUES
(1, 1, '指定なし', '', '', 'empty', 1, 1, 1, 1, 1, 1, 1, '2022-10-05 03:22:33', '2022-10-05 03:22:33'),
(2, 1, '中央', '中央', '中央', 'chuo', 2, 1, 2, 2, 5, 2, 1, '2022-10-05 03:22:33', '2022-10-05 03:22:33'),
(3, 1, '豊岡', '豊岡', '豊岡', 'toyooka', 3, 2, 3, 2, 5, 2, 1, '2022-10-05 03:22:33', '2022-10-05 03:22:33'),
(4, 1, '東旭川・千代田', '東旭川・千代田', '東旭川・千代田', 'higashiasahikawa_chiyoda', 4, 3, 4, 2, 5, 2, 1, '2022-10-05 03:22:33', '2022-10-05 03:22:33'),
(5, 1, '東光', '東光', '東光', 'toko', 5, 4, 5, 2, 5, 2, 1, '2022-10-05 03:22:33', '2022-10-05 03:22:33'),
(6, 1, '新旭川・永山南', '新旭川・永山南', '新旭川・永山南', 'shinasahikawa_nagayamaminami', 6, 5, 6, 2, 5, 2, 1, '2022-10-05 03:22:33', '2022-10-05 03:22:33'),
(7, 1, '永山', '永山', '永山', 'nagayama', 7, 6, 7, 2, 5, 2, 1, '2022-10-05 03:22:33', '2022-10-05 03:22:33'),
(8, 1, '末広・東鷹栖', '末広・東鷹栖', '末広・東鷹栖', 'suehiro_higashitakasu', 8, 7, 8, 2, 5, 2, 1, '2022-10-05 03:22:33', '2022-10-05 03:22:33'),
(9, 1, '春光・春光台', '春光・春光台', '春光・春光台', 'shunko_shunkodai', 9, 8, 9, 2, 5, 2, 1, '2022-10-05 03:22:33', '2022-10-05 03:22:33'),
(10, 1, '北星・旭星', '北星・旭星', '北星・旭星', 'hokusei_kyokusei', 10, 9, 10, 2, 5, 2, 1, '2022-10-05 03:22:33', '2022-10-05 03:22:33'),
(11, 1, '神居・江丹別', '神居・江丹別', '神居・江丹別', 'kamui_etanbetsu', 11, 10, 11, 2, 5, 2, 1, '2022-10-05 03:22:33', '2022-10-05 03:22:33'),
(12, 1, '神楽・西神楽', '神楽・西神楽', '神楽・西神楽', 'kagura_nishikagura', 12, 11, 12, 2, 5, 2, 1, '2022-10-05 03:22:33', '2022-10-05 03:22:33'),
(13, 1, '道北エリア', '道北エリア', '道北エリア', 'dohoku_area', 2, 1, 13, 3, 5, 2, 1, '2022-10-05 03:22:33', '2022-10-05 03:22:33'),
(14, 1, '中央区', '中央区', '中央区', 'chuo', 13, 1, 14, 4, 2, 2, 1, '2022-10-05 03:22:33', '2022-10-05 03:22:33'),
(15, 1, '北区', '北区', '北区', 'kita', 14, 2, 15, 4, 2, 2, 1, '2022-10-05 03:22:33', '2022-10-05 03:22:33'),
(16, 1, '東区', '東区', '東区', 'higashi', 15, 3, 16, 4, 2, 2, 1, '2022-10-05 03:22:33', '2022-10-05 03:22:33'),
(17, 1, '白石区', '白石区', '白石区', 'shiroishi', 1, 4, 17, 4, 2, 2, 1, '2022-10-05 03:22:34', '2022-10-05 03:22:34'),
(18, 1, '厚別区', '厚別区', '厚別区', 'atsubetsu', 1, 5, 18, 4, 2, 2, 1, '2022-10-05 03:22:34', '2022-10-05 03:22:34'),
(19, 1, '豊平区', '豊平区', '豊平区', 'toyohira', 1, 6, 19, 4, 2, 2, 1, '2022-10-05 03:22:34', '2022-10-05 03:22:34'),
(20, 1, '清田区', '清田区', '清田区', 'kiyota', 1, 7, 20, 4, 2, 2, 1, '2022-10-05 03:22:34', '2022-10-05 03:22:34'),
(21, 1, '南区', '南区', '南区', 'minami', 1, 8, 21, 4, 2, 2, 1, '2022-10-05 03:22:34', '2022-10-05 03:22:34'),
(22, 1, '西区', '西区', '西区', 'nishi', 1, 9, 22, 4, 2, 2, 1, '2022-10-05 03:22:34', '2022-10-05 03:22:34'),
(23, 1, '手稲区', '手稲区', '手稲区', 'teine', 1, 10, 23, 4, 2, 2, 1, '2022-10-05 03:22:34', '2022-10-05 03:22:34'),
(24, 1, '江別市', '江別市', '江別市', 'ebetsu_city', 1, 1, 24, 5, 3, 2, 1, '2022-10-05 03:22:34', '2022-10-05 03:22:34'),
(25, 1, '千歳市', '千歳市', '千歳市', 'chitose_city', 1, 2, 24, 5, 3, 2, 1, '2022-10-05 03:22:34', '2022-10-05 03:22:34'),
(26, 1, '恵庭市', '恵庭市', '恵庭市', 'eniwa_city', 1, 3, 24, 5, 3, 2, 1, '2022-10-05 03:22:34', '2022-10-05 03:22:34'),
(27, 1, '北広島市', '北広島市', '北広島市', 'kitahiroshima_city', 1, 4, 24, 5, 3, 2, 1, '2022-10-05 03:22:34', '2022-10-05 03:22:34'),
(28, 1, '石狩市', '石狩市', '石狩市', 'ishikari_city', 1, 5, 24, 5, 3, 2, 1, '2022-10-05 03:22:34', '2022-10-05 03:22:34'),
(29, 1, '石狩郡', '石狩郡', '石狩郡', 'ishikari_gun', 1, 6, 24, 5, 3, 2, 1, '2022-10-05 03:22:34', '2022-10-05 03:22:34'),
(30, 1, '岩見沢市', '岩見沢市', '岩見沢市', 'iwamizawa_city', 1, 7, 24, 5, 3, 2, 1, '2022-10-05 03:22:34', '2022-10-05 03:22:34'),
(31, 1, '南空知エリア', '南空知エリア', '南空知エリア', 'minamisorachi_area', 1, 8, 24, 5, 3, 1, 1, '2022-10-05 03:22:34', '2022-10-05 03:22:34'),
(32, 1, '北空知エリア', '北空知エリア', '北空知エリア', 'kitasorachi_area', 1, 9, 24, 5, 3, 2, 1, '2022-10-05 03:22:34', '2022-10-05 03:22:34'),
(33, 1, 'オホーツクエリア', 'オホーツクエリア', 'オホーツクエリア', 'ohotsuku_area', 1, 1, 25, 6, 3, 2, 1, '2022-10-05 03:22:34', '2022-10-05 03:22:34'),
(34, 1, '根室・釧路エリア', '根室・釧路エリア', '根室・釧路エリア', 'nemuro_kushiro_area', 1, 2, 26, 6, 3, 2, 1, '2022-10-05 03:22:34', '2022-10-05 03:22:34'),
(35, 1, '十勝・日高エリア', '十勝・日高エリア', '十勝・日高エリア', 'tokachi_hidaka_area', 1, 3, 27, 6, 3, 2, 1, '2022-10-05 03:22:34', '2022-10-05 03:22:34'),
(36, 1, '胆振エリア', '胆振エリア', '胆振エリア', 'iburi_area', 1, 1, 28, 7, 3, 2, 1, '2022-10-05 03:22:34', '2022-10-05 03:22:34'),
(37, 1, '後志エリア', '後志エリア', '後志エリア', 'kunashiri_area', 1, 2, 29, 7, 3, 2, 1, '2022-10-05 03:22:34', '2022-10-05 03:22:34'),
(38, 1, '檜山・渡島エリア', '檜山・渡島エリア', '檜山・渡島エリア', 'hiyama_oshima_area', 1, 3, 30, 7, 3, 2, 1, '2022-10-05 03:22:34', '2022-10-05 03:22:34');

-- --------------------------------------------------------

--
-- テーブルの構造 `area_branches`
--

CREATE TABLE `area_branches` (
  `id` int(10) UNSIGNED NOT NULL,
  `display` tinyint(1) NOT NULL DEFAULT 0 COMMENT '表示',
  `public` tinyint(1) NOT NULL DEFAULT 0 COMMENT '一般画面で公開',
  `serial` varchar(255) COLLATE utf8mb4_bin NOT NULL COMMENT 'シリアル',
  `code` varchar(5) COLLATE utf8mb4_bin NOT NULL COMMENT '都道府県コード',
  `name` varchar(255) COLLATE utf8mb4_bin NOT NULL COMMENT '名前',
  `reorder` int(10) UNSIGNED NOT NULL DEFAULT 1 COMMENT '並び順',
  `user_id` int(10) UNSIGNED NOT NULL DEFAULT 1 COMMENT 'ユーザーID',
  `created_at` timestamp NOT NULL DEFAULT current_timestamp(),
  `updated_at` timestamp NOT NULL DEFAULT current_timestamp()
) ENGINE=InnoDB DEFAULT CHARSET=utf8mb4 COLLATE=utf8mb4_bin;

--
-- テーブルのデータのダンプ `area_branches`
--

INSERT INTO `area_branches` (`id`, `display`, `public`, `serial`, `code`, `name`, `reorder`, `user_id`, `created_at`, `updated_at`) VALUES
(1, 1, 0, 'empty', '00', '指定なし', 1, 1, '2022-10-05 03:22:32', '2022-10-05 03:22:32'),
(2, 1, 1, 'ishikari', '01', '石狩', 2, 1, '2022-10-05 03:22:32', '2022-10-05 03:22:32'),
(3, 1, 1, 'oshima', '02', '渡島', 3, 1, '2022-10-05 03:22:32', '2022-10-05 03:22:32'),
(4, 1, 1, 'hiyama', '03', '檜山', 4, 1, '2022-10-05 03:22:32', '2022-10-05 03:22:32'),
(5, 1, 1, 'kunashiri', '04', '後志', 5, 1, '2022-10-05 03:22:32', '2022-10-05 03:22:32'),
(6, 1, 1, 'sorachi', '05', '空知', 6, 1, '2022-10-05 03:22:32', '2022-10-05 03:22:32'),
(7, 1, 1, 'kamikawa', '06', '上川', 7, 1, '2022-10-05 03:22:32', '2022-10-05 03:22:32'),
(8, 1, 1, 'rumoi', '07', '留萌', 8, 1, '2022-10-05 03:22:32', '2022-10-05 03:22:32'),
(9, 1, 1, 'souya', '08', '宗谷', 9, 1, '2022-10-05 03:22:32', '2022-10-05 03:22:32'),
(10, 1, 1, 'ohotsuku', '09', 'オホーツク', 10, 1, '2022-10-05 03:22:32', '2022-10-05 03:22:32'),
(11, 1, 1, 'iburi', '10', '胆振', 11, 1, '2022-10-05 03:22:32', '2022-10-05 03:22:32'),
(12, 1, 1, 'hidaka', '11', '日高', 12, 1, '2022-10-05 03:22:32', '2022-10-05 03:22:32'),
(13, 1, 1, 'tokachi', '12', '十勝', 13, 1, '2022-10-05 03:22:32', '2022-10-05 03:22:32'),
(14, 1, 1, 'kushirocho', '13', '釧路', 14, 1, '2022-10-05 03:22:32', '2022-10-05 03:22:32'),
(15, 1, 1, 'nemuro', '14', '根室', 15, 1, '2022-10-05 03:22:32', '2022-10-05 03:22:32');

-- --------------------------------------------------------

--
-- テーブルの構造 `area_centers`
--

CREATE TABLE `area_centers` (
  `id` int(10) UNSIGNED NOT NULL,
  `display` tinyint(1) NOT NULL DEFAULT 0 COMMENT '表示',
  `name` varchar(255) COLLATE utf8mb4_bin NOT NULL COMMENT '名前',
  `label` varchar(255) COLLATE utf8mb4_bin NOT NULL COMMENT '表示名',
  `book_label` varchar(255) COLLATE utf8mb4_bin NOT NULL COMMENT '冊子での表示名',
  `zip1` varchar(3) COLLATE utf8mb4_bin NOT NULL COMMENT '郵便番号1',
  `zip2` varchar(4) COLLATE utf8mb4_bin NOT NULL COMMENT '郵便番号2',
  `address` varchar(255) COLLATE utf8mb4_bin NOT NULL COMMENT '住所',
  `tel1` varchar(5) COLLATE utf8mb4_bin NOT NULL COMMENT '電話番号1',
  `tel2` varchar(5) COLLATE utf8mb4_bin NOT NULL COMMENT '電話番号2',
  `tel3` varchar(5) COLLATE utf8mb4_bin NOT NULL COMMENT '電話番号3',
  `fax` varchar(255) COLLATE utf8mb4_bin NOT NULL COMMENT 'FAX番号',
  `email` varchar(255) COLLATE utf8mb4_bin NOT NULL COMMENT 'メールアドレス',
  `lat` decimal(17,14) NOT NULL COMMENT 'LAT',
  `lng` decimal(17,14) NOT NULL COMMENT 'LNG',
  `search_words` text COLLATE utf8mb4_bin NOT NULL COMMENT '検索用テキスト（保存時に自動作成）',
  `reorder` int(10) UNSIGNED NOT NULL DEFAULT 1 COMMENT '並び順',
  `book_reorder` int(10) UNSIGNED NOT NULL DEFAULT 1 COMMENT '冊子での並び順',
  `area_id` int(10) UNSIGNED NOT NULL DEFAULT 1 COMMENT 'エリアID',
  `area_section_id` int(10) UNSIGNED NOT NULL DEFAULT 1 COMMENT 'エリアセクションID',
  `city_id` int(10) UNSIGNED NOT NULL DEFAULT 1 COMMENT '市町村ID',
  `prefecture_id` int(10) UNSIGNED NOT NULL DEFAULT 1 COMMENT '都道府県ID',
  `user_id` int(10) UNSIGNED NOT NULL DEFAULT 1 COMMENT 'ユーザーID',
  `created_at` timestamp NOT NULL DEFAULT current_timestamp(),
  `updated_at` timestamp NOT NULL DEFAULT current_timestamp()
) ENGINE=InnoDB DEFAULT CHARSET=utf8mb4 COLLATE=utf8mb4_bin;

--
-- テーブルのデータのダンプ `area_centers`
--

INSERT INTO `area_centers` (`id`, `display`, `name`, `label`, `book_label`, `zip1`, `zip2`, `address`, `tel1`, `tel2`, `tel3`, `fax`, `email`, `lat`, `lng`, `search_words`, `reorder`, `book_reorder`, `area_id`, `area_section_id`, `city_id`, `prefecture_id`, `user_id`, `created_at`, `updated_at`) VALUES
(1, 1, '指定なし', '', '', '', '', '', '', '', '', '', '', '43.76281006321748', '142.35817790725756', '', 1, 1, 1, 1, 1, 2, 1, '2022-10-05 03:22:34', '2022-10-05 03:22:34'),
(2, 1, '札幌市中央区第1地域包括支援センター', '中央区第1', '中央区第1', '060', '0062', '札幌市中央区南2条西10丁目1001番地5 パールタウン内', '011', '209', '2939', '011-271-7878', '', '43.76281006321748', '142.35817790725756', '', 1, 1, 14, 4, 2, 2, 1, '2022-10-05 03:22:34', '2022-10-05 03:22:34'),
(3, 1, '札幌市中央区第2地域包括支援センター', '中央区第2', '中央区第2', '064', '0941', '札幌市中央区旭ヶ丘5丁目6-51', '011', '520', '3668', '011-561-8300', '', '43.76281006321748', '142.35817790725756', '', 1, 2, 14, 4, 2, 2, 1, '2022-10-05 03:22:34', '2022-10-05 03:22:34'),
(4, 1, '札幌市中央区第3地域包括支援センター', '中央区第3', '中央区第3', '064', '0919', '札幌市中央区南19条西8丁目1-14 第18ふじい宅建ビル 2階', '011', '205', '0537', '011-205-0538', '', '43.76281006321748', '142.35817790725756', '', 1, 3, 14, 4, 2, 2, 1, '2022-10-05 03:22:34', '2022-10-05 03:22:34'),
(5, 1, '札幌市北区第1地域包括支援センター', '北区第1', '北区第1', '001', '0024', '札幌市北区北24条西5丁目 札幌サンプラザ 5階', '011', '700', '2939', '011-700-5037', '', '43.76281006321748', '142.35817790725756', '', 1, 4, 15, 4, 2, 2, 1, '2022-10-05 03:22:34', '2022-10-05 03:22:34'),
(6, 1, '札幌市北区第2地域包括支援センター', '北区第2', '北区第2', '001', '0040', '札幌市北区北40条西4丁目2-7 札幌N40ビル 2階', '011', '736', '4165', '011-746-1665', '', '43.76281006321748', '142.35817790725756', '', 1, 5, 15, 4, 2, 2, 1, '2022-10-05 03:22:34', '2022-10-05 03:22:34'),
(7, 1, '札幌市北区第3地域包括支援センター', '北区第3', '北区第3', '001', '0908', '札幌市北区新琴似8条14丁目2-1', '011', '214', '1422', '011-214-1423', '', '43.76281006321748', '142.35817790725756', '', 1, 6, 15, 4, 2, 2, 1, '2022-10-05 03:22:34', '2022-10-05 03:22:34'),
(8, 1, '札幌市東区第1地域包括支援センター', '東区第1', '東区第1', '065', '0023', '札幌市東区北23条東15丁目5-26 昌栄堂ビル 3階', '011', '711', '4165', '011-751-3272', '', '43.76281006321748', '142.35817790725756', '', 1, 7, 16, 4, 2, 2, 1, '2022-10-05 03:22:34', '2022-10-05 03:22:34'),
(9, 1, '札幌市東区第2地域包括支援センター', '東区第2', '東区第2', '065', '0042', '札幌市東区本町2条5丁目7-10 竹田ビル 1階', '011', '781', '8061', '011-785-6572', '', '43.76281006321748', '142.35817790725756', '', 1, 8, 16, 4, 2, 2, 1, '2022-10-05 03:22:34', '2022-10-05 03:22:34'),
(10, 1, '札幌市東区第3地域包括支援センター', '東区第3', '東区第3', '007', '0840', '札幌市東区北40条東15丁目3-19 新和北40条ビル 3階', '011', '722', '4165', '011-731-1665', '', '43.76281006321748', '142.35817790725756', '', 1, 9, 16, 4, 2, 2, 1, '2022-10-05 03:22:34', '2022-10-05 03:22:34'),
(11, 1, '札幌市白石区第1地域包括支援センター', '白石区第1', '白石区第1', '003', '0027', '札幌市白石区本通4丁目北6-1 五光ビル 3階', '011', '864', '4614', '011-864-5633', '', '43.76281006321748', '142.35817790725756', '', 1, 10, 17, 4, 2, 2, 1, '2022-10-05 03:22:34', '2022-10-05 03:22:34'),
(12, 1, '札幌市白石区第2地域包括支援センター', '白石区第2', '白石区第2', '003', '0003', '札幌市白石区東札幌3条3丁目7-25 シヴァビル 5階', '011', '837', '6800', '011-837-6801', '', '43.76281006321748', '142.35817790725756', '', 1, 11, 17, 4, 2, 2, 1, '2022-10-05 03:22:34', '2022-10-05 03:22:34'),
(13, 1, '札幌市白石区第3地域包括支援センター', '白石区第3', '白石区第3', '003', '0026', '札幌市白石区本通17丁目南5-12 清友ビル1階', '011', '860', '1611', '011-860-1612', '', '43.76281006321748', '142.35817790725756', '', 1, 12, 17, 4, 2, 2, 1, '2022-10-05 03:22:34', '2022-10-05 03:22:34'),
(14, 1, '札幌市厚別区第1地域包括支援センター', '厚別区第1', '厚別区第1', '004', '0069', '札幌市厚別区厚別町山本750-6', '011', '896', '5077', '011-896-5021', '', '43.76281006321748', '142.35817790725756', '', 1, 13, 18, 4, 2, 2, 1, '2022-10-05 03:22:34', '2022-10-05 03:22:34'),
(15, 1, '札幌市厚別区第2地域包括支援センター', '厚別区第2', '厚別区第2', '004', '0022', '札幌市厚別区厚別南5丁目1-10', '011', '375', '0610', '011-375-0615', '', '43.76281006321748', '142.35817790725756', '', 1, 14, 18, 4, 2, 2, 1, '2022-10-05 03:22:34', '2022-10-05 03:22:34'),
(16, 1, '札幌市豊平区第1地域包括支援センター', '豊平区第1', '豊平区第1', '062', '0012', '札幌市豊平区美園12条7丁目7-8 八千代ビル 1階', '011', '841', '4165', '011-841-5533', '', '43.76281006321748', '142.35817790725756', '', 1, 15, 19, 4, 2, 2, 1, '2022-10-05 03:22:34', '2022-10-05 03:22:34'),
(17, 1, '札幌市豊平区第2地域包括支援センター', '豊平区第2', '豊平区第2', '062', '0034', '札幌市豊平区西岡4条3丁目7-5 竹田ビル 1階', '011', '836', '6110', '011-836-6116', '', '43.76281006321748', '142.35817790725756', '', 1, 16, 19, 4, 2, 2, 1, '2022-10-05 03:22:34', '2022-10-05 03:22:34'),
(18, 1, '札幌市豊平区第3地域包括支援センター', '豊平区第3', '豊平区第3', '062', '0020', '札幌市豊平区月寒中央通7丁目6-20 JA月寒中央ビル 2階', '011', '854', '7777', '011-854-7780', '', '43.76281006321748', '142.35817790725756', '', 1, 17, 19, 4, 2, 2, 1, '2022-10-05 03:22:34', '2022-10-05 03:22:34'),
(19, 1, '札幌市清田区第1地域包括支援センター', '清田区第1', '清田区第1', '004', '0861', '札幌市清田区北野1条1丁目6-28', '011', '888', '1717', '011-888-1718', '', '43.76281006321748', '142.35817790725756', '', 1, 18, 20, 4, 2, 2, 1, '2022-10-05 03:22:34', '2022-10-05 03:22:34'),
(20, 1, '札幌市清田区第2地域包括支援センター', '清田区第2', '清田区第2', '004', '0841', '札幌市清田区清田1条1丁目5-1 プレイスビル 2階', '011', '887', '5588', '011-887-5311', '', '43.76281006321748', '142.35817790725756', '', 1, 19, 20, 4, 2, 2, 1, '2022-10-05 03:22:34', '2022-10-05 03:22:34'),
(21, 1, '札幌市南区第1地域包括支援センター', '南区第1', '南区第1', '005', '0003', '札幌市南区澄川3条6丁目3-3 じょうてつドエル真駒内 1階', '011', '867', '0710', '011-867-0717', '', '43.76281006321748', '142.35817790725756', '', 1, 20, 21, 4, 2, 2, 1, '2022-10-05 03:22:34', '2022-10-05 03:22:34'),
(22, 1, '札幌市南区第2地域包括支援センター', '南区第2', '南区第2', '005', '0814', '札幌市南区川沿14条2丁目1-36', '011', '572', '6110', '011-572-7075', '', '43.76281006321748', '142.35817790725756', '', 1, 21, 21, 4, 2, 2, 1, '2022-10-05 03:22:34', '2022-10-05 03:22:34'),
(23, 1, '札幌市南区第3地域包括支援センター', '南区第3', '南区第3', '005', '0014', '札幌市南区真駒内幸町2丁目1-5 真駒内幸町ビル 7階701号', '011', '588', '6510', '011-588-6511', '', '43.76281006321748', '142.35817790725756', '', 1, 22, 21, 4, 2, 2, 1, '2022-10-05 03:22:34', '2022-10-05 03:22:34'),
(24, 1, '札幌市西区第1地域包括支援センター', '西区第1', '西区第1', '063', '0804', '札幌市西区二十四軒4条5丁目11-14', '011', '611', '1161', '011-611-1173', '', '43.76281006321748', '142.35817790725756', '', 1, 23, 22, 4, 2, 2, 1, '2022-10-05 03:22:34', '2022-10-05 03:22:34'),
(25, 1, '札幌市西区第2地域包括支援センター', '西区第2', '西区第2', '063', '0032', '札幌市西区西野2条2丁目5-7 ロイヤル三王ビル 3階', '011', '661', '3929', '011-661-3960', '', '43.76281006321748', '142.35817790725756', '', 1, 24, 22, 4, 2, 2, 1, '2022-10-05 03:22:34', '2022-10-05 03:22:34'),
(26, 1, '札幌市西区第3地域包括支援センター', '西区第3', '西区第3', '063', '0823', '札幌市西区発寒3条1丁目2-25 ヒロガミビル 1階', '011', '671', '8200', '011-671-8250', '', '43.76281006321748', '142.35817790725756', '', 1, 25, 22, 4, 2, 2, 1, '2022-10-05 03:22:34', '2022-10-05 03:22:34'),
(27, 1, '札幌市手稲区第1地域包括支援センター', '手稲区第1', '手稲区第1', '006', '0814', '札幌市手稲区前田4条10丁目2-8 タケシンスクエアビル3階', '011', '695', '8000', '011-695-8855', '', '43.76281006321748', '142.35817790725756', '', 1, 26, 23, 4, 2, 2, 1, '2022-10-05 03:22:34', '2022-10-05 03:22:34'),
(28, 1, '札幌市手稲区第2地域包括支援センター', '手稲区第2', '手稲区第2', '006', '0835', '札幌市手稲区曙5条2丁目8-1', '011', '686', '7000', '011-686-6000', '', '43.76281006321748', '142.35817790725756', '', 1, 27, 23, 4, 2, 2, 1, '2022-10-05 03:22:34', '2022-10-05 03:22:34'),
(29, 1, '江別第一地域包括支援センター', '江別第1', '江別第1', '067', '0004', '江別市若草町6番地の1いきいきセンターわかくさ', '011', '389', '4144', '011-391-4612', '', '43.76281006321748', '142.35817790725756', '', 1, 1, 24, 5, 18, 2, 1, '2022-10-05 03:22:34', '2022-10-05 03:22:34'),
(30, 1, '江別第二地域包括支援センター', '江別第2', '江別第2', '067', '0061', '江別市上江別東町7番地の26 江別管工事業協同組合2階', '011', '389', '5420', '011-389-5421', '', '43.76281006321748', '142.35817790725756', '', 1, 2, 24, 5, 18, 2, 1, '2022-10-05 03:22:34', '2022-10-05 03:22:34'),
(31, 1, '野幌第一地域包括支援センター', '野幌第1', '野幌第1', '069', '0801', '江別市中央町31番地の6', '011', '381', '2940', '011-381-2941', '', '43.76281006321748', '142.35817790725756', '', 1, 3, 24, 5, 18, 2, 1, '2022-10-05 03:22:34', '2022-10-05 03:22:34'),
(32, 1, '大麻第一地域包括支援センター', '大麻第1', '大麻第1', '069', '0854', '江別市大麻中町2番地の17', '011', '388', '5100', '011-388-5101', '', '43.76281006321748', '142.35817790725756', '', 1, 4, 24, 5, 18, 2, 1, '2022-10-05 03:22:34', '2022-10-05 03:22:34'),
(33, 1, '千歳市西区地域包括支援センター', '千歳市西区', '千歳市西区', '066', '0037', '千歳市新富1丁目3番5号', '0123', '42', '3131', '0123-42-3146', '', '43.76281006321748', '142.35817790725756', '', 1, 2, 25, 5, 25, 2, 1, '2022-10-05 03:22:34', '2022-10-05 03:22:34'),
(34, 1, '千歳市東区地域包括支援センター', '千歳市東区', '千歳市東区', '066', '0019', '千歳市流通3丁目3番地の16', '0123', '40', '6516', '0123-40-6512', '', '43.76281006321748', '142.35817790725756', '', 1, 2, 25, 5, 25, 2, 1, '2022-10-05 03:22:34', '2022-10-05 03:22:34'),
(35, 1, '千歳市北区地域包括支援センター', '千歳市北区', '千歳市北区', '066', '0033', '千歳市北光2丁目1番1号', '0123', '25', '8180', '0123-25-8530', '', '43.76281006321748', '142.35817790725756', '', 1, 3, 25, 5, 25, 2, 1, '2022-10-05 03:22:34', '2022-10-05 03:22:34'),
(36, 1, '千歳市南区地域包括支援センター', '千歳市南区', '千歳市南区', '066', '0066', '千歳市大和4丁目2番1号', '0123', '22', '5188', '0123-27-7508', '', '43.76281006321748', '142.35817790725756', '', 1, 4, 25, 5, 25, 2, 1, '2022-10-05 03:22:34', '2022-10-05 03:22:34'),
(37, 1, '千歳市向陽台区地域包括支援センター', '千歳市向陽台', '千歳市向陽台', '066', '0057', '千歳市若草4丁目13番地の1', '0123', '48', '2848', '0123-28-3733', '', '43.76281006321748', '142.35817790725756', '', 1, 5, 25, 5, 25, 2, 1, '2022-10-05 03:22:34', '2022-10-05 03:22:34'),
(38, 1, '恵庭市みなみ地域包括支援センター', 'たよれーるみなみ', 'たよれーるみなみ', '061', '1423', '恵庭市柏木町429番地の6', '0123', '34', '8467', '0123-34-8561', '', '43.76281006321748', '142.35817790725756', '', 1, 3, 26, 5, 32, 2, 1, '2022-10-05 03:22:34', '2022-10-05 03:22:34'),
(39, 1, '恵庭市ひがし地域包括支援センター', 'たよれーるひがし', 'たよれーるひがし', '061', '1405', '恵庭市黄金南5丁目11番地の4', '0123', '35', '1071', '0123-35-1072', '', '43.76281006321748', '142.35817790725756', '', 1, 2, 26, 5, 32, 2, 1, '2022-10-05 03:22:34', '2022-10-05 03:22:34'),
(40, 1, '恵庭市きた地域包括支援センター', 'たよれーるきた', 'たよれーるきた', '061', '1353', '恵庭市島松本町1丁目11-1', '0123', '25', '3100', '0123-25-3123', '', '43.76281006321748', '142.35817790725756', '', 1, 1, 26, 5, 32, 2, 1, '2022-10-05 03:22:34', '2022-10-05 03:22:34'),
(41, 1, '恵庭市中島・恵み野地域包括支援センター', 'たよれーるにし', 'たよれーるにし', '061', '1373', '恵庭市恵み野西3丁目3番の10 シャロームめぐみの内', '0123', '36', '0036', '0123-36-0037', '', '43.76281006321748', '142.35817790725756', '', 1, 4, 26, 5, 32, 2, 1, '2022-10-05 03:22:34', '2022-10-05 03:22:34'),
(42, 1, '北広島市きた高齢者支援センター', '北広島市きた', '北広島市<br>きた', '061', '1102', '北広島市西の里347-4', '011', '375', '5888', '011-375-5115', '', '43.76281006321748', '142.35817790725756', '', 1, 4, 27, 5, 34, 2, 1, '2022-10-05 03:22:34', '2022-10-05 03:22:34'),
(43, 1, '北広島市みなみ高齢者支援センター', '北広島市みなみ', '北広島市<br>みなみ', '061', '1144', '北広島市白樺町1丁目8-2 地域交流ホームふれて1階', '011', '372', '8110', '011-372-8077', '', '43.76281006321748', '142.35817790725756', '', 1, 2, 27, 5, 34, 2, 1, '2022-10-05 03:22:34', '2022-10-05 03:22:34'),
(44, 1, '北広島市にし高齢者支援センター', '北広島市にし', '北広島市<br>にし', '061', '1275', '北広島市大曲南ヶ丘1丁目1-5', '011', '370', '3922', '011-370-3933', '', '43.76281006321748', '142.35817790725756', '', 1, 4, 27, 5, 34, 2, 1, '2022-10-05 03:22:34', '2022-10-05 03:22:34'),
(45, 1, '北広島市ひがし高齢者支援センター', '北広島市ひがし', '北広島市<br>ひがし', '061', '1127', '北広島市朝日町5丁目1-2 東記念館内', '011', '211', '8520', '011-372-6667', '', '43.76281006321748', '142.35817790725756', '', 1, 3, 27, 5, 34, 2, 1, '2022-10-05 03:22:34', '2022-10-05 03:22:34'),
(46, 1, '石狩市厚田地域包括支援センター', '石狩市厚田', '石狩市厚田', '061', '3601', '石狩市厚田区厚田45番地', '0133', '78', '1030', '0133-78-1034', '', '43.76281006321748', '142.35817790725756', '', 1, 5, 28, 5, 35, 2, 1, '2022-10-05 03:22:34', '2022-10-05 03:22:34'),
(47, 1, '石狩市浜益地域包括支援センター', '石狩市浜益', '石狩市浜益', '061', '3101', '石狩市浜益区浜益2番地4', '0133', '79', '5111', '0133-79-2350', '', '43.76281006321748', '142.35817790725756', '', 1, 4, 28, 5, 35, 2, 1, '2022-10-05 03:22:34', '2022-10-05 03:22:34'),
(48, 1, '石狩市南地域包括支援センター', '石狩市南', '石狩市南', '061', '3207', '石狩市花川南7条4丁目376番地1 花ぴりか内', '0133', '73', '2221', '0133-72-8031', '', '43.76281006321748', '142.35817790725756', '', 1, 3, 28, 5, 35, 2, 1, '2022-10-05 03:22:34', '2022-10-05 03:22:34'),
(49, 1, '石狩市北地域包括支援センター', '石狩市北', '石狩市北', '061', '3216', '石狩市花川北6条1丁目41番地1石狩市総合保健福祉センター1階', '0133', '75', '6100', '0133-75-6161', '', '43.76281006321748', '142.35817790725756', '', 1, 2, 28, 5, 35, 2, 1, '2022-10-05 03:22:34', '2022-10-05 03:22:34'),
(50, 1, '石狩市花川中央地域包括支援センター', '石狩市花川', '石狩市花川', '061', '3213', '石狩市花川北3条3丁目13番地1', '0133', '77', '6371', '0133-77-6372', '', '43.76281006321748', '142.35817790725756', '', 1, 5, 28, 5, 35, 2, 1, '2022-10-05 03:22:34', '2022-10-05 03:22:34'),
(51, 1, '当別町地域包括支援センター', '石狩郡当別町', '石狩郡当別町', '061', '0234', '当別町西町32番地2 当別町総合保健福祉センター', '0133', '25', '5152', '0133-25-5159', '', '43.76281006321748', '142.35817790725756', '', 1, 6, 29, 5, 37, 2, 1, '2022-10-05 03:22:34', '2022-10-05 03:22:34'),
(52, 1, '新篠津村地域包括支援センター', '新篠津村', '新篠津村', '068', '1192', '新篠津村第47線北13番地', '0126', '58', '3363', '0126-58-3356', '', '43.76281006321748', '142.35817790725756', '', 1, 999, 31, 5, 38, 2, 1, '2022-10-05 03:22:34', '2022-10-05 03:22:34'),
(53, 1, '函館市地域包括支援センターあさひ', '函館市西部', '函館市<br>函館市西部', '040', '0037', '函館市旭町4番12号', '0138', '27', '8880', '0138-27-8900', '', '43.76281006321748', '142.35817790725756', '', 1, 103, 38, 7, 3, 2, 1, '2022-10-05 03:22:34', '2022-10-05 03:22:34'),
(54, 1, '函館市地域包括支援センターときとう', '中央部第2', '函館市<br>中央部第2', '040', '0012', '函館市時任町35番24号', '0138', '33', '0555', '0138-33-0666', '', '43.76281006321748', '142.35817790725756', '', 1, 102, 38, 7, 3, 2, 1, '2022-10-05 03:22:34', '2022-10-05 03:22:34'),
(55, 1, '函館市地域包括支援センターたかおか', '東央部第2', '函館市<br>東央部第2', '042', '0955', '函館市高丘町3番1号', '0138', '57', '7740', '0138-57-7746', '', '43.76281006321748', '142.35817790725756', '', 1, 105, 38, 7, 3, 2, 1, '2022-10-05 03:22:34', '2022-10-05 03:22:34'),
(56, 1, '函館市地域包括支援センター西堀', '北東部第1', '函館市<br>北東部第1', '041', '0855', '函館市中道2丁目6番11号', '0138', '52', '0016', '0138-52-3399', '', '43.76281006321748', '142.35817790725756', '', 1, 106, 38, 7, 3, 2, 1, '2022-10-05 03:22:34', '2022-10-05 03:22:34'),
(57, 1, '函館市地域包括支援センターよろこび', '函館市北部', '函館市北部', '041', '0808', '函館市桔梗1丁目14番1号', '0138', '34', '6868', '0138-34-6878', '', '43.76281006321748', '142.35817790725756', '', 1, 109, 38, 7, 3, 2, 1, '2022-10-05 03:22:34', '2022-10-05 03:22:34'),
(58, 1, '函館市地域包括支援センター社協', '函館市東部', '函館市東部', '041', '0305', '函館市館町3番地1', '0138', '82', '4700', '0138-82-4450', '', '43.76281006321748', '142.35817790725756', '', 1, 110, 38, 7, 3, 2, 1, '2022-10-05 03:22:34', '2022-10-05 03:22:34'),
(59, 1, '函館市地域包括支援センターこん中央', '中央部第1', '函館市<br>中央部第1', '040', '0035', '函館市松風町18番14号', '0138', '27', '0777', '0138-27-0710', '', '43.76281006321748', '142.35817790725756', '', 1, 101, 38, 7, 3, 2, 1, '2022-10-05 03:22:34', '2022-10-05 03:22:34'),
(60, 1, '函館市地域包括支援センターゆのかわ', '東央部第1', '函館市<br>東央部第1', '042', '0932', '函館市湯川町3丁目29番15号', '0138', '36', '4300', '0138-57-0080', '', '43.76281006321748', '142.35817790725756', '', 1, 104, 38, 7, 3, 2, 1, '2022-10-05 03:22:34', '2022-10-05 03:22:34'),
(61, 1, '函館市地域包括支援センター亀田', '北東部第2', '函館市<br>北東部第2', '041', '0812', '函館市昭和1丁目23番8号', '0138', '40', '7755', '0138-40-7766', '', '43.76281006321748', '142.35817790725756', '', 1, 107, 38, 7, 3, 2, 1, '2022-10-05 03:22:34', '2022-10-05 03:22:34'),
(62, 1, '函館市地域包括支援センター神山', '北東部第3', '函館市<br>北東部第3', '041', '0832', '函館市神山1丁目25番9号', '0138', '76', '0820', '0138-76-0821', '', '43.76281006321748', '142.35817790725756', '', 1, 108, 38, 7, 3, 2, 1, '2022-10-05 03:22:34', '2022-10-05 03:22:34'),
(63, 1, '北斗市地域包括支援センターかけはし', '北斗市', '北斗市', '049', '0156', '北斗市中野通2丁目18番1号', '0138', '74', '2530', '0138-74-2540', '', '43.76281006321748', '142.35817790725756', '', 1, 120, 38, 7, 36, 2, 1, '2022-10-05 03:22:34', '2022-10-05 03:22:34'),
(64, 1, '松前町地域包括支援センター', '松前町', '松前町', '049', '1592', '松前町字福山248番地1', '0139', '42', '2275', '0139-46-2048', '', '43.76281006321748', '142.35817790725756', '', 1, 123, 38, 7, 39, 2, 1, '2022-10-05 03:22:34', '2022-10-05 03:22:34'),
(65, 1, '福島町地域包括支援センター', '福島町', '福島町', '049', '1392', '福島町字福島820番地', '0139', '47', '4511', '0139-47-4406', '', '43.76281006321748', '142.35817790725756', '', 1, 999, 38, 7, 40, 2, 1, '2022-10-05 03:22:34', '2022-10-05 03:22:34'),
(66, 1, '知内町地域包括支援センター', '知内町', '知内町', '049', '1103', '知内町字重内31-130', '01392', '5', '3506', '01392-5-3510', '', '43.76281006321748', '142.35817790725756', '', 1, 999, 38, 7, 41, 2, 1, '2022-10-05 03:22:34', '2022-10-05 03:22:34'),
(67, 1, '木古内町地域包括支援センター', '木古内町', '木古内町', '049', '0422', '木古内町字本町150-1', '01392', '2', '2122', '01392-2-2420', '', '43.76281006321748', '142.35817790725756', '', 1, 999, 38, 7, 42, 2, 1, '2022-10-05 03:22:34', '2022-10-05 03:22:34'),
(68, 1, '介護総合支援センター安心ななえ', '七飯町', '七飯町', '041', '1192', '七飯町本町6丁目1番1号', '0138', '66', '2488', '0138-65-9280', '', '43.76281006321748', '142.35817790725756', '', 1, 121, 38, 7, 43, 2, 1, '2022-10-05 03:22:34', '2022-10-05 03:22:34'),
(69, 1, '鹿部町地域包括支援センター', '鹿部町', '鹿部町', '041', '1498', '鹿部町字鹿部252番地1', '01372', '7', '5291', '0137-7-7888', '', '43.76281006321748', '142.35817790725756', '', 1, 999, 38, 7, 44, 2, 1, '2022-10-05 03:22:34', '2022-10-05 03:22:34'),
(70, 1, '森町地域包括支援センター', '森町', '森町', '049', '2393', '森町字御幸町144番地の1', '01374', '3', '2322', '01374-2-5977', '', '43.76281006321748', '142.35817790725756', '', 1, 122, 38, 7, 45, 2, 1, '2022-10-05 03:22:34', '2022-10-05 03:22:34'),
(71, 1, '八雲地域包括支援センター', '八雲町栄町', '八雲町栄町', '049', '3117', '八雲町栄町13番地1', '0137', '65', '5001', '0137-63-4411', '', '43.76281006321748', '142.35817790725756', '', 1, 999, 38, 7, 46, 2, 1, '2022-10-05 03:22:34', '2022-10-05 03:22:34'),
(72, 1, '熊石地域包括支援センター', '八雲町熊石', '八雲町熊石', '043', '0495', '八雲町熊石根崎町116番地', '01398', '2', '2365', '01398-2-3230', '', '43.76281006321748', '142.35817790725756', '', 1, 999, 38, 7, 46, 2, 1, '2022-10-05 03:22:34', '2022-10-05 03:22:34'),
(73, 1, '長万部町地域包括支援センター', '長万部町', '長万部町', '049', '3592', '長万部町字長万部453番地1', '01377', '2', '2016', '01377-2-2931', '', '43.76281006321748', '142.35817790725756', '', 1, 999, 38, 7, 47, 2, 1, '2022-10-05 03:22:34', '2022-10-05 03:22:34'),
(74, 1, '江差町地域包括支援センター', '江差町', '江差町', '043', '8560', '江差町字中歌町193番地1', '0139', '52', '6726', '0139-52-5666', '', '43.76281006321748', '142.35817790725756', '', 1, 124, 38, 7, 48, 2, 1, '2022-10-05 03:22:34', '2022-10-05 03:22:34'),
(75, 1, '上ノ国町地域包括支援センター', '上ノ国町', '上ノ国町', '049', '0698', '上ノ国町字大留96', '0139', '55', '4460', '0139-55-2760', '', '43.76281006321748', '142.35817790725756', '', 1, 999, 38, 7, 49, 2, 1, '2022-10-05 03:22:34', '2022-10-05 03:22:34'),
(76, 1, '厚沢部町地域包括支援センター', '厚沢部町', '厚沢部町', '043', '1113', '厚沢部町新町181番地6', '0139', '64', '3319', '0139-67-2845', '', '43.76281006321748', '142.35817790725756', '', 1, 999, 38, 7, 50, 2, 1, '2022-10-05 03:22:34', '2022-10-05 03:22:34'),
(77, 1, '乙部町地域包括支援センター', '乙部町', '乙部町', '043', '0103', '乙部町字緑町388番地', '0139', '62', '5845', '0139-62-2939', '', '43.76281006321748', '142.35817790725756', '', 1, 999, 38, 7, 51, 2, 1, '2022-10-05 03:22:34', '2022-10-05 03:22:34'),
(78, 1, '今金町地域包括支援センター', '今金町', '今金町', '049', '4308', '今金町字今金17番地の2', '0137', '82', '2780', '0137-82-3867', '', '43.76281006321748', '142.35817790725756', '', 1, 999, 38, 7, 53, 2, 1, '2022-10-05 03:22:34', '2022-10-05 03:22:34'),
(79, 1, 'せたな町地域包括支援センター', 'せたな町', 'せたな町', '049', '4512', 'せたな町北檜山区徳島63番地1', '0137', '84', '5699', '0137-84-5065', '', '43.76281006321748', '142.35817790725756', '', 1, 999, 38, 7, 54, 2, 1, '2022-10-05 03:22:34', '2022-10-05 03:22:34'),
(80, 1, '奥尻町地域包括支援センター', '奥尻町', '奥尻町', '043', '1401', '奥尻町字奥尻462番地奥尻町保健福祉センター内', '01397', '2', '3381', '01397-2-4061', '', '43.76281006321748', '142.35817790725756', '', 1, 999, 38, 7, 52, 2, 1, '2022-10-05 03:22:34', '2022-10-05 03:22:34'),
(81, 1, '小樽市東南部地域包括支援センター', '小樽市東南部', '小樽市東南部', '047', '0154', '小樽市朝里川温泉2丁目711番地4', '0134', '51', '2301', '0134-52-1142', '', '43.76281006321748', '142.35817790725756', '', 1, 51, 37, 7, 4, 2, 1, '2022-10-05 03:22:34', '2022-10-05 03:22:34'),
(82, 1, '小樽市中部地域包括支援センター', '小樽市中部', '小樽市中部', '047', '0032', '小樽市稲穂2丁目22番1号', '0134', '24', '2525', '0134-24-2575', '', '43.76281006321748', '142.35817790725756', '', 1, 52, 37, 7, 4, 2, 1, '2022-10-05 03:22:34', '2022-10-05 03:22:34'),
(83, 1, '小樽市北西部地域包括支援センター', '小樽市北西部', '小樽市北西部', '048', '2671', '小樽市オタモイ1丁目20番18号', '0134', '28', '2522', '0134-28-2523', '', '43.76281006321748', '142.35817790725756', '', 1, 54, 37, 7, 4, 2, 1, '2022-10-05 03:22:34', '2022-10-05 03:22:34'),
(84, 1, '小樽市南部地域包括支援センター', '小樽市南部', '小樽市南部', '047', '0008', '小樽市築港11番5号 ウィングベイ小樽5番街1階', '0134', '61', '7268', '0134-61-7269', '', '43.76281006321748', '142.35817790725756', '', 1, 53, 37, 7, 4, 2, 1, '2022-10-05 03:22:34', '2022-10-05 03:22:34'),
(85, 1, '黒松内町地域包括支援センター', '黒松内町', '黒松内町', '048', '0101', '黒松内町字黒松内586-1', '0136', '72', '3124', '0136-72-3838', '', '43.76281006321748', '142.35817790725756', '', 1, 999, 37, 7, 57, 2, 1, '2022-10-05 03:22:34', '2022-10-05 03:22:34'),
(86, 1, '蘭越町地域包括支援センター', '蘭越町', '蘭越町', '048', '1301', '磯谷郡蘭越町蘭越町250番地1', '0136', '57', '6868', '0136-57-5580', '', '43.76281006321748', '142.35817790725756', '', 1, 999, 37, 7, 58, 2, 1, '2022-10-05 03:22:34', '2022-10-05 03:22:34'),
(87, 1, '倶知安町地域包括支援センター', '倶知安町', '倶知安町', '044', '0003', '倶知安町北3条東4丁目', '0136', '23', '0500', '0136-21-2143', '', '43.76281006321748', '142.35817790725756', '', 1, 999, 37, 7, 64, 2, 1, '2022-10-05 03:22:34', '2022-10-05 03:22:34'),
(88, 1, '島牧村地域包括支援センター', '島牧村', '島牧村', '048', '0621', '島牧村字泊35番地', '0136', '75', '6011', '0136-79-2267', '', '43.76281006321748', '142.35817790725756', '', 1, 999, 37, 7, 55, 2, 1, '2022-10-05 03:22:34', '2022-10-05 03:22:34'),
(89, 1, '寿都町地域包括支援センター', '寿都町', '寿都町', '048', '0406', '寿都町字渡島町140番地1', '0136', '62', '2513', '0136-62-3431', '', '43.76281006321748', '142.35817790725756', '', 1, 59, 37, 7, 56, 2, 1, '2022-10-05 03:22:34', '2022-10-05 03:22:34'),
(90, 1, 'ニセコ町地域包括支援センター', 'ニセコ町', 'ニセコ町', '048', '1595', 'ニセコ町富士見47番地', '0136', '44', '2121', '0136-44-3500', '', '43.76281006321748', '142.35817790725756', '', 1, 60, 37, 7, 59, 2, 1, '2022-10-05 03:22:34', '2022-10-05 03:22:34'),
(91, 1, '真狩村地域包括支援センター', '真狩村', '真狩村', '048', '1603', '真狩村字共明37番地6', '0136', '45', '3313', '0136-45-3313', '', '43.76281006321748', '142.35817790725756', '', 1, 999, 37, 7, 60, 2, 1, '2022-10-05 03:22:34', '2022-10-05 03:22:34'),
(92, 1, '留寿都村地域包括支援センター', '留寿都村', '留寿都村', '048', '1731', '虻田郡留寿都村字留寿都175番地', '0136', '47', '2277', '0136-46-3545', '', '43.76281006321748', '142.35817790725756', '', 1, 61, 37, 7, 61, 2, 1, '2022-10-05 03:22:34', '2022-10-05 03:22:34'),
(93, 1, '喜茂別町地域包括支援センター', '喜茂別町', '喜茂別町', '044', '0201', '虻田郡喜茂別町字喜茂別13番地3', '0136', '55', '5101', '0136-33-3000', '', '43.76281006321748', '142.35817790725756', '', 1, 62, 37, 7, 62, 2, 1, '2022-10-05 03:22:34', '2022-10-05 03:22:34'),
(94, 1, '京極町地域包括支援センター', '京極町', '京極町', '044', '0121', '京極町字三崎68番地', '0136', '55', '8615', '0136-55-8638', '', '43.76281006321748', '142.35817790725756', '', 1, 999, 37, 7, 63, 2, 1, '2022-10-05 03:22:34', '2022-10-05 03:22:34'),
(95, 1, '岩内町地域包括支援センター', '岩内町', '岩内町', '045', '0024', '岩内町字野束69番地26', '0135', '61', '4567', '0135-62-3887', '', '43.76281006321748', '142.35817790725756', '', 1, 58, 37, 7, 66, 2, 1, '2022-10-05 03:22:34', '2022-10-05 03:22:34'),
(96, 1, '共和町地域包括支援センター', '共和町', '共和町', '048', '2202', '共和町南幌似38番地2', '0135', '73', '2011', '0135-73-2288', '', '43.76281006321748', '142.35817790725756', '', 1, 57, 37, 7, 65, 2, 1, '2022-10-05 03:22:34', '2022-10-05 03:22:34'),
(97, 1, '泊村地域包括支援センター', '泊村', '泊村', '045', '0202', '泊村大字茅沼村500番地の2', '0135', '65', '2280', '0135-75-3500', '', '43.76281006321748', '142.35817790725756', '', 1, 999, 37, 7, 67, 2, 1, '2022-10-05 03:22:34', '2022-10-05 03:22:34'),
(98, 1, '神恵内村地域包括支援センター', '神恵内村', '神恵内村', '045', '0301', '神恵内村大字神恵内村字大川116-1', '0135', '76', '5995', '0135-76-5996', '', '43.76281006321748', '142.35817790725756', '', 1, 999, 37, 7, 68, 2, 1, '2022-10-05 03:22:34', '2022-10-05 03:22:34'),
(99, 1, '積丹町地域包括支援センター', '積丹町', '積丹町', '046', '0292', '積丹町大字美国町字船澗48番地5', '0135', '44', '3122', '0135-44-2714', '', '43.76281006321748', '142.35817790725756', '', 1, 56, 37, 7, 69, 2, 1, '2022-10-05 03:22:34', '2022-10-05 03:22:34'),
(100, 1, '古平町地域包括支援センター', '古平町', '古平町', '046', '0121', '古平町大字浜町644番地', '0135', '42', '2182', '0135-41-2268', '', '43.76281006321748', '142.35817790725756', '', 1, 999, 31, 7, 70, 2, 1, '2022-10-05 03:22:34', '2022-10-05 03:22:34'),
(101, 1, '仁木町地域包括支援センター', '仁木町', '仁木町', '048', '2492', '仁木町西町1丁目36番地1', '0135', '32', '3855', '0135-32-2648', '', '43.76281006321748', '142.35817790725756', '', 1, 999, 31, 7, 71, 2, 1, '2022-10-05 03:22:34', '2022-10-05 03:22:34'),
(102, 1, '余市町地域包括支援センター', '余市町', '余市町', '046', '0003', '余市町黒川町12丁目62番地1 イオン余市店内', '0135', '48', '6015', '0135-48-6016', '', '43.76281006321748', '142.35817790725756', '', 1, 55, 31, 7, 72, 2, 1, '2022-10-05 03:22:34', '2022-10-05 03:22:34'),
(103, 1, '赤井川村地域包括支援センター', '赤井川村', '赤井川村', '046', '0501', '赤井川村字赤井川318番地1', '0135', '48', '5205', '0135-48-5206', '', '43.76281006321748', '142.35817790725756', '', 1, 999, 31, 7, 73, 2, 1, '2022-10-05 03:22:34', '2022-10-05 03:22:34'),
(104, 1, '夕張市地域包括支援センター', '夕張市', '夕張市', '068', '0492', '夕張市本町4丁目2番地', '0123', '52', '3107', '0123-52-0638', '', '43.76281006321748', '142.35817790725756', '', 1, 10, 31, 5, 10, 2, 1, '2022-10-05 03:22:34', '2022-10-05 03:22:34'),
(105, 1, '岩見沢市地域包括支援センター', '岩見沢市地区', '岩見沢市<br>地区', '068', '0023', '岩見沢市3条西4丁目8番地2 第2ポルタビル1階', '0126', '25', '4649', '0126-33-3121', '', '43.76281006321748', '142.35817790725756', '', 1, 7, 30, 5, 11, 2, 1, '2022-10-05 03:22:34', '2022-10-05 03:22:34'),
(106, 1, '岩見沢市地域包括支援センターほろむい', '岩見沢市ほろむい', '岩見沢市<br>ほろむい', '069', '0372', '岩見沢市幌向南2条3丁目311番地', '0126', '32', '6622', '0126-32-6633', '', '43.76281006321748', '142.35817790725756', '', 1, 4, 30, 5, 11, 2, 1, '2022-10-05 03:22:34', '2022-10-05 03:22:34'),
(107, 1, '岩見沢市北地区地域包括支援センター', '岩見沢市北地区', '岩見沢市<br>北地区', '068', '0042', '岩見沢市北2条西12丁目4番1号', '0126', '33', '5383', '050-6865-3860', '', '43.76281006321748', '142.35817790725756', '', 1, 2, 30, 5, 11, 2, 1, '2022-10-05 03:22:34', '2022-10-05 03:22:34'),
(108, 1, '岩見沢市南地区地域包括支援センター', '岩見沢市南地区', '岩見沢市<br>南地区', '068', '0807', '岩見沢市南町7条2丁目5番17号', '0126', '32', '0300', '0126-32-0322', '', '43.76281006321748', '142.35817790725756', '', 1, 3, 30, 5, 11, 2, 1, '2022-10-05 03:22:34', '2022-10-05 03:22:34'),
(109, 1, '美唄市地域包括支援センター', '美唄市', '美唄市', '072', '8660', '美唄市西3条南1丁目1-1', '0126', '68', '8297', '0126-62-1088', '', '43.76281006321748', '142.35817790725756', '', 1, 15, 32, 5, 16, 2, 1, '2022-10-05 03:22:34', '2022-10-05 03:22:34'),
(110, 1, '芦別市地域包括支援センター', '芦別市', '芦別市', '075', '8711', '芦別市北1条東1丁目3番地(市役所別館)', '0124', '27', '7705', '0124-22-9696', '', '43.76281006321748', '142.35817790725756', '', 1, 999, 32, 5, 17, 2, 1, '2022-10-05 03:22:34', '2022-10-05 03:22:34'),
(111, 1, '赤平市地域包括支援センター', '赤平市', '赤平市', '079', '1192', '赤平市泉町4丁目1番地', '0125', '32', '0661', '0125-34-4188', '', '43.76281006321748', '142.35817790725756', '', 1, 18, 32, 5, 19, 2, 1, '2022-10-05 03:22:34', '2022-10-05 03:22:34'),
(112, 1, '三笠市地域包括支援センター', '三笠市', '三笠市', '068', '2154', '三笠市高美町444番地', '01267', '3', '2010', '01267-3-2030', '', '43.76281006321748', '142.35817790725756', '', 1, 14, 32, 5, 23, 2, 1, '2022-10-05 03:22:34', '2022-10-05 03:22:34'),
(113, 1, '滝川市地域包括支援センター', '滝川市', '滝川市', '073', '8686', '滝川市大町1丁目2番15号', '0125', '28', '8029', '0125-26-5166', '', '43.76281006321748', '142.35817790725756', '', 1, 19, 32, 5, 26, 2, 1, '2022-10-05 03:22:34', '2022-10-05 03:22:34'),
(114, 1, '砂川市地域包括支援センター', '砂川市', '砂川市', '073', '0167', '砂川市西7条北2丁目1番1号', '0125', '54', '3077', '0125-54-3091', '', '43.76281006321748', '142.35817790725756', '', 1, 16, 32, 5, 27, 2, 1, '2022-10-05 03:22:34', '2022-10-05 03:22:34'),
(115, 1, '歌志内市地域包括支援センター', '歌志内市', '歌志内市', '073', '0492', '歌志内市字本町5番地', '0125', '42', '3213', '0125-42-4111', '', '43.76281006321748', '142.35817790725756', '', 1, 999, 32, 5, 28, 2, 1, '2022-10-05 03:22:34', '2022-10-05 03:22:34'),
(116, 1, '深川市地域包括支援センター', '', '', '074', '8650', '深川市2条17番3号', '0164', '26', '2606', '0164-23-0800', '', '43.76281006321748', '142.35817790725756', '', 1, 23, 32, 5, 29, 2, 1, '2022-10-05 03:22:34', '2022-10-05 03:22:34'),
(117, 1, '南幌町地域包括支援センター', '南幌町', '南幌町', '069', '0235', '南幌町中央3丁目4番26号', '011', '378', '5888', '011-378-5255', '', '43.76281006321748', '142.35817790725756', '', 1, 8, 32, 5, 74, 2, 1, '2022-10-05 03:22:34', '2022-10-05 03:22:34'),
(118, 1, '奈井江町地域包括支援センター', '奈井江町', '奈井江町', '079', '0313', '奈井江町字奈井江11番地', '0125', '65', '2119', '0125-65-2809', '', '43.76281006321748', '142.35817790725756', '', 1, 9, 32, 5, 75, 2, 1, '2022-10-05 03:22:34', '2022-10-05 03:22:34'),
(119, 1, '上砂川町地域包括支援センター', '上砂川町', '上砂川町', '073', '0292', '上砂川町字上砂川町40番地10', '0125', '62', '3370', '0125-62-3773', '', '43.76281006321748', '142.35817790725756', '', 1, 17, 32, 5, 76, 2, 1, '2022-10-05 03:22:34', '2022-10-05 03:22:34'),
(120, 1, '由仁町地域包括支援センター', '由仁町', '由仁町', '069', '1203', '由仁町東栄87番地の1', '0123', '83', '4750', '0123-83-3813', '', '43.76281006321748', '142.35817790725756', '', 1, 11, 31, 5, 77, 2, 1, '2022-10-05 03:22:34', '2022-10-05 03:22:34'),
(121, 1, '長沼町地域包括支援センター', '長沼町', '長沼町', '069', '1315', '夕張郡長沼町南町2丁目3-1', '0123', '82', '5051', '0123-82-5070', '', '43.76281006321748', '142.35817790725756', '', 1, 13, 31, 5, 78, 2, 1, '2022-10-05 03:22:34', '2022-10-05 03:22:34'),
(122, 1, '栗山町地域包括支援センター', '栗山町', '栗山町', '069', '1512', '栗山町松風3丁目252番地', '0123', '73', '2255', '0123-73-2266', '', '43.76281006321748', '142.35817790725756', '', 1, 12, 31, 5, 79, 2, 1, '2022-10-05 03:22:34', '2022-10-05 03:22:34'),
(123, 1, '月形町地域包括支援センター', '月形町', '月形町', '061', '0511', '月形町字月形1466番地1', '0126', '53', '3155', '0126-53-3177', '', '43.76281006321748', '142.35817790725756', '', 1, 999, 31, 5, 80, 2, 1, '2022-10-05 03:22:34', '2022-10-05 03:22:34'),
(124, 1, '浦臼町地域包括支援センター', '浦臼町', '浦臼町', '061', '0600', '浦臼町字ウラウシナイ183番地の27', '0125', '68', '2288', '0125-68-2289', '', '43.76281006321748', '142.35817790725756', '', 1, 999, 32, 6, 81, 2, 1, '2022-10-05 03:22:34', '2022-10-05 03:22:34'),
(125, 1, '新十津川町地域包括支援センター', '新十津川町', '新十津川町', '073', '1103', '樺戸郡新十津川町字中央307番地1', '0125', '72', '2030', '0125-72-2006', '', '43.76281006321748', '142.35817790725756', '', 1, 999, 32, 5, 82, 2, 1, '2022-10-05 03:22:34', '2022-10-05 03:22:34'),
(126, 1, '雨竜町地域包括支援センター', '雨竜町', '雨竜町', '078', '2692', '雨竜郡雨竜町字フシコウリウ104番地', '0125', '74', '5717', '0125-78-3122', '', '43.76281006321748', '142.35817790725756', '', 1, 21, 32, 5, 85, 2, 1, '2022-10-05 03:22:34', '2022-10-05 03:22:34'),
(127, 1, '妹背牛町地域包括支援センター', '妹背牛町', '妹背牛町', '079', '0592', '妹背牛町字妹背牛5200番地', '0164', '32', '2414', '0164-32-9037', '', '43.76281006321748', '142.35817790725756', '', 1, 20, 32, 5, 83, 2, 1, '2022-10-05 03:22:34', '2022-10-05 03:22:34'),
(128, 1, '秩父別町地域包括支援センター', '秩父別町', '秩父別町', '078', '2192', '秩父別町4101番地', '0164', '33', '2111', '0164-33-3466', '', '43.76281006321748', '142.35817790725756', '', 1, 22, 32, 5, 84, 2, 1, '2022-10-05 03:22:34', '2022-10-05 03:22:34'),
(129, 1, '北竜町地域包括支援センター', '北竜町', '北竜町', '078', '2512', '北竜町字和11番地1', '0164', '34', '2727', '0164-34-3766', '', '43.76281006321748', '142.35817790725756', '', 1, 999, 32, 5, 175, 2, 1, '2022-10-05 03:22:34', '2022-10-05 03:22:34'),
(130, 1, '沼田町地域包括支援センター', '沼田町', '沼田町', '078', '2202', '沼田町南1条3丁目6番53号', '0164', '35', '2120', '0164-36-2005', '', '43.76281006321748', '142.35817790725756', '', 1, 999, 32, 5, 86, 2, 1, '2022-10-05 03:22:34', '2022-10-05 03:22:34'),
(131, 1, '永山地域包括支援センター', '永山', '旭川市<br>永山', '079', '8413', '旭川市永山3条19丁目4番15号 永山市民交流センター内', '0166', '40', '2323', '0166-40-2340', '', '43.76281006321748', '142.35817790725756', '', 1, 6, 7, 2, 5, 2, 1, '2022-10-05 03:22:34', '2022-10-05 03:22:34'),
(132, 1, '末広・東鷹栖地域包括支援センター', '末広・東鷹栖', '旭川市<br>末広・東鷹栖', '071', '8104', '旭川市東鷹栖4条3丁目636番地 東鷹栖地域センター内', '0166', '76', '5065', '0166-58-3002', '', '43.76281006321748', '142.35817790725756', '', 1, 7, 8, 2, 5, 2, 1, '2022-10-05 03:22:34', '2022-10-05 03:22:34'),
(133, 1, '春光・春光台地域包括支援センター', '春光・春光台', '旭川市<br>春光・春光台', '070', '0875', '旭川市春光5条4丁目1番16号 北部住民センター内', '0166', '54', '1165', '0166-54-1101', '', '43.76281006321748', '142.35817790725756', '', 1, 8, 9, 2, 5, 2, 1, '2022-10-05 03:22:34', '2022-10-05 03:22:34'),
(134, 1, '北星・旭星地域包括支援センター', '北星・旭星', '旭川市<br>北星・旭星', '070', '0816', '旭川市川端町6条10丁目2番16号', '0166', '46', '6500', '0166-54-7580', '', '43.76281006321748', '142.35817790725756', '', 1, 9, 10, 2, 5, 2, 1, '2022-10-05 03:22:34', '2022-10-05 03:22:34'),
(135, 1, '神居・江丹別地域包括支援センター', '神居・江丹別', '旭川市<br>神居・江丹別', '070', '8012', '旭川市神居2条10丁目3番8号', '0166', '76', '5511', '0166-60-2266', '', '43.76281006321748', '142.35817790725756', '', 1, 10, 11, 2, 5, 2, 1, '2022-10-05 03:22:34', '2022-10-05 03:22:34'),
(136, 1, '神楽・西神楽地域包括支援センター', '神楽・西神楽', '旭川市<br>神楽・西神楽', '078', '8803', '旭川市緑が丘東3条1丁目10番30号 緑が丘地域活動センター内', '0166', '66', '5351', '0166-66-5352', '', '43.76281006321748', '142.35817790725756', '', 1, 11, 12, 2, 5, 2, 1, '2022-10-05 03:22:34', '2022-10-05 03:22:34'),
(137, 1, '中央地域包括支援センター', '中央', '旭川市<br>中央', '070', '0031', '旭川市1条通9丁目右7号 マルトクビル2階', '0166', '23', '6022', '0166-23-6033', '', '43.76281006321748', '142.35817790725756', '', 1, 1, 2, 2, 5, 2, 1, '2022-10-05 03:22:34', '2022-10-05 03:22:34'),
(138, 1, '豊岡地域包括支援センター', '豊岡', '旭川市<br>豊岡', '078', '8233', '旭川市豊岡3条3丁目5番10号 東部まちづくりセンター内', '0166', '35', '2275', '0166-35-2276', '', '43.76281006321748', '142.35817790725756', '', 1, 2, 3, 2, 5, 2, 1, '2022-10-05 03:22:34', '2022-10-05 03:22:34'),
(139, 1, '東光地域包括支援センター', '東光', '旭川市<br>東光', '078', '8345', '旭川市東光5条2丁目2番6号 東部住民センター内', '0166', '76', '6020', '0166-76-5852', '', '43.76281006321748', '142.35817790725756', '', 1, 3, 5, 2, 5, 2, 1, '2022-10-05 03:22:34', '2022-10-05 03:22:34'),
(140, 1, '東旭川・千代田地域包括支援センター', '東旭川・千代田', '旭川市<br>東旭川・千代田', '078', '8251', '旭川市東旭川北1条6丁目2番3号 東旭川支所内', '0166', '36', '5577', '0166-74-7220', '', '43.76281006321748', '142.35817790725756', '', 1, 4, 4, 2, 5, 2, 1, '2022-10-05 03:22:34', '2022-10-05 03:22:34'),
(141, 1, '新旭川・永山南地域包括支援センター', '新旭川・永山南', '旭川市<br>新旭川・永山南', '079', '8412', '旭川市永山2条5丁目44番地', '0166', '40', '3003', '0166-40-3008', '', '43.76281006321748', '142.35817790725756', '', 1, 5, 5, 2, 5, 2, 1, '2022-10-05 03:22:34', '2022-10-05 03:22:34'),
(142, 1, '士別市地域包括支援センター', '士別市', '士別市', '095', '8686', '士別市東6条4丁目1番地', '0165', '26', '7754', '0165-23-1766', '', '43.76281006321748', '142.35817790725756', '', 1, 11, 13, 3, 21, 2, 1, '2022-10-05 03:22:34', '2022-10-05 03:22:34'),
(143, 1, '名寄市地域包括支援センター', '名寄市', '名寄市', '096', '8686', '名寄市大通南1丁目1番地', '01654', '3', '2111', '01654-9-2089', '', '43.76281006321748', '142.35817790725756', '', 1, 10, 13, 3, 22, 2, 1, '2022-10-05 03:22:34', '2022-10-05 03:22:34'),
(144, 1, '富良野市地域包括支援センター', '富良野市', '富良野市', '076', '0018', '富良野市弥生町1番3号', '0167', '39', '2255', '0167-39-2222', '', '43.76281006321748', '142.35817790725756', '', 1, 26, 13, 3, 30, 2, 1, '2022-10-05 03:22:34', '2022-10-05 03:22:34'),
(145, 1, '鷹栖町地域包括支援センター', '鷹栖町', '鷹栖町', '071', '1201', '鷹栖町南1条3丁目2番1号', '0166', '87', '2112', '0166-87-2226', '', '43.76281006321748', '142.35817790725756', '', 1, 20, 13, 3, 87, 2, 1, '2022-10-05 03:22:34', '2022-10-05 03:22:34'),
(146, 1, '東神楽地域包括支援センター', '東神楽', '東神楽', '071', '1592', '東神楽町南1条西1丁目3番2号', '0166', '83', '5600', '0166-83-4180', '', '43.76281006321748', '142.35817790725756', '', 1, 24, 13, 3, 88, 2, 1, '2022-10-05 03:22:34', '2022-10-05 03:22:34'),
(147, 1, '当麻町地域包括支援センター', '当麻町', '当麻町', '078', '1393', '当麻町3条東2丁目11番1号', '0166', '84', '2111', '0166-84-4883', '', '43.76281006321748', '142.35817790725756', '', 1, 22, 13, 3, 89, 2, 1, '2022-10-05 03:22:34', '2022-10-05 03:22:34'),
(148, 1, '比布町地域包括支援センター', '比布町', '比布町', '078', '0392', '比布町北町1丁目2番1号', '0166', '85', '2112', '0166-85-2389', '', '43.76281006321748', '142.35817790725756', '', 1, 22, 13, 3, 90, 2, 1, '2022-10-05 03:22:34', '2022-10-05 03:22:34'),
(149, 1, '愛別町地域包括支援センター', '愛別町', '愛別町', '078', '1492', '愛別町字本町179番地', '01658', '6', '4771', '01658-9-3933', '', '43.76281006321748', '142.35817790725756', '', 1, 19, 13, 3, 91, 2, 1, '2022-10-05 03:22:34', '2022-10-05 03:22:34'),
(150, 1, '上川町地域包括支援センター', '上川町', '上川町', '078', '1751', '上川町本町2番地', '01658', '2', '2955', '01658-2-2870', '', '43.76281006321748', '142.35817790725756', '', 1, 20, 13, 3, 92, 2, 1, '2022-10-05 03:22:34', '2022-10-05 03:22:34'),
(151, 1, '東川町地域包括支援センター', '東川町', '東川町', '071', '1423', '東川町東町1丁目16番1号東川町保健福祉センター内', '0166', '82', '2111', '0166-82-3644', '', '43.76281006321748', '142.35817790725756', '', 1, 23, 13, 3, 93, 2, 1, '2022-10-05 03:22:34', '2022-10-05 03:22:34'),
(152, 1, '美瑛町地域包括支援センター', '美瑛町', '美瑛町', '071', '0292', '美瑛町本町4丁目6番1号', '0166', '92', '4248', '0166-92-1115', '', '43.76281006321748', '142.35817790725756', '', 1, 25, 13, 3, 94, 2, 1, '2022-10-05 03:22:34', '2022-10-05 03:22:34'),
(153, 1, '上富良野町地域包括支援センター', '上富良野町', '上富良野町', '071', '0561', '上富良野町大町2丁目8番4号保健福祉総合センターかみん内', '0167', '45', '6533', '0167-45-5788', '', '43.76281006321748', '142.35817790725756', '', 1, 27, 13, 3, 95, 2, 1, '2022-10-05 03:22:34', '2022-10-05 03:22:34'),
(154, 1, '中富良野町地域包括支援センター', '中富良野町', '中富良野町', '071', '0753', '中富良野町南町10番10号', '0167', '44', '2125', '0167-44-4300', '', '43.76281006321748', '142.35817790725756', '', 1, 27, 13, 3, 96, 2, 1, '2022-10-05 03:22:34', '2022-10-05 03:22:34'),
(155, 1, '南富良野町地域ケアセンター ほのぼの', '南富良野町', '南富良野町', '079', '2403', '南富良野町字幾寅保健福祉センターみなくる内', '0167', '39', '7711', '0167-52-3700', '', '43.76281006321748', '142.35817790725756', '', 1, 28, 13, 3, 97, 2, 1, '2022-10-05 03:22:34', '2022-10-05 03:22:34'),
(156, 1, '占冠村地域包括支援センター', '占冠村', '占冠村', '079', '2201', '占冠村字中央', '0167', '56', '2022', '0167-56-2184', '', '43.76281006321748', '142.35817790725756', '', 1, 999, 13, 3, 98, 2, 1, '2022-10-05 03:22:34', '2022-10-05 03:22:34'),
(157, 1, '和寒町地域包括支援センター', '和寒町', '和寒町', '098', '0132', '和寒町字西町111番地', '0165', '32', '2000', '0165-32-3377', '', '43.76281006321748', '142.35817790725756', '', 1, 13, 13, 3, 99, 2, 1, '2022-10-05 03:22:34', '2022-10-05 03:22:34'),
(158, 1, '剣淵町地域包括支援センター', '剣淵町', '剣淵町', '098', '0338', '剣淵町仲町28番1号', '0165', '34', '3955', '0165-34-3985', '', '43.76281006321748', '142.35817790725756', '', 1, 12, 13, 3, 100, 2, 1, '2022-10-05 03:22:34', '2022-10-05 03:22:34'),
(159, 1, '下川町地域包括支援センター', '下川町', '下川町', '098', '1206', '下川町幸町40番地1', '01655', '5', '1165', '01655-4-2576', '', '43.76281006321748', '142.35817790725756', '', 1, 14, 13, 3, 101, 2, 1, '2022-10-05 03:22:34', '2022-10-05 03:22:34'),
(160, 1, '美深町地域包括支援センター', '美深町', '美深町', '098', '2252', '美深町字西町19番地', '01656', '2', '2707', '01656-2-1626', '', '43.76281006321748', '142.35817790725756', '', 1, 6, 13, 3, 102, 2, 1, '2022-10-05 03:22:34', '2022-10-05 03:22:34'),
(161, 1, '音威子府村地域包括支援センター', '音威子府村', '音威子府村', '098', '2501', '音威子府村字音威子府村509番地88', '01656', '9', '3050', '01656-9-3055', '', '43.76281006321748', '142.35817790725756', '', 1, 999, 13, 3, 103, 2, 1, '2022-10-05 03:22:34', '2022-10-05 03:22:34'),
(162, 1, '中川町地域包括支援センター', '中川町', '中川町', '098', '2802', '中川町字中川337番地', '01656', '7', '2813', '01656-7-2160', '', '43.76281006321748', '142.35817790725756', '', 1, 5, 13, 3, 104, 2, 1, '2022-10-05 03:22:34', '2022-10-05 03:22:34'),
(163, 1, '幌加内町地域包括支援センター', '幌加内町', '幌加内町', '074', '0412', '幌加内町字親和', '0165', '35', '3090', '0165-35-3091', '', '43.76281006321748', '142.35817790725756', '', 1, 8, 13, 3, 105, 2, 1, '2022-10-05 03:22:34', '2022-10-05 03:22:34'),
(164, 1, '留萌市地域包括支援センター', '留萌市', '留萌市', '077', '0023', '留萌市五十嵐町1丁目', '0164', '49', '6060', '0164-49-2822', '', '43.76281006321748', '142.35817790725756', '', 1, 17, 13, 3, 13, 2, 1, '2022-10-05 03:22:34', '2022-10-05 03:22:34'),
(165, 1, '増毛町地域包括支援センター', '増毛町', '増毛町', '077', '0205', '増毛町弁天町3丁目34番地', '0164', '53', '3111', '0164-53-2224', '', '43.76281006321748', '142.35817790725756', '', 1, 18, 13, 3, 106, 2, 1, '2022-10-05 03:22:34', '2022-10-05 03:22:34'),
(166, 1, '小平町地域包括支援センター', '小平町', '小平町', '078', '3301', '小平町字小平町216番地', '0164', '56', '2111', '0164-56-2110', '', '43.76281006321748', '142.35817790725756', '', 1, 15, 13, 3, 107, 2, 1, '2022-10-05 03:22:34', '2022-10-05 03:22:34'),
(167, 1, '苫前町地域包括支援センター', '苫前町', '苫前町', '078', '3792', '苫前町字旭37番地の1', '0164', '64', '2215', '0164-64-2074', '', '43.76281006321748', '142.35817790725756', '', 1, 999, 13, 3, 108, 2, 1, '2022-10-05 03:22:34', '2022-10-05 03:22:34'),
(168, 1, '羽幌町地域包括支援センター', '羽幌町', '羽幌町', '078', '4106', '羽幌町南6条3丁目', '0164', '62', '6020', '0164-69-2040', '', '43.76281006321748', '142.35817790725756', '', 1, 16, 13, 3, 109, 2, 1, '2022-10-05 03:22:34', '2022-10-05 03:22:34'),
(169, 1, '初山別村地域包括支援センター', '初山別村', '初山別村', '078', '4492', '初山別村字初山別96番地1', '0164', '67', '2211', '0164-67-2298', '', '43.76281006321748', '142.35817790725756', '', 1, 2, 13, 3, 110, 2, 1, '2022-10-05 03:22:34', '2022-10-05 03:22:34'),
(170, 1, '遠別町地域包括支援センター', '遠別町', '遠別町', '098', '3543', '遠別町字本町3丁目37番地', '01632', '7', '2125', '01632-7-3695', '', '43.76281006321748', '142.35817790725756', '', 1, 7, 13, 3, 111, 2, 1, '2022-10-05 03:22:34', '2022-10-05 03:22:34'),
(171, 1, '天塩町地域包括支援センター', '天塩町', '天塩町', '098', '3398', '天塩郡天塩町新栄通8丁目1466番地の113', '01632', '2', '1001', '01632-2-2464', '', '43.76281006321748', '142.35817790725756', '', 1, 999, 13, 3, 112, 2, 1, '2022-10-05 03:22:34', '2022-10-05 03:22:34'),
(172, 1, '稚内市地域包括支援センター', '稚内市', '稚内市', '097', '0022', '稚内市中央4丁目16番2号稚内市保健福祉センター2階', '0162', '23', '8585', '0162-23-8586', '', '43.76281006321748', '142.35817790725756', '', 1, 1, 1, 3, 15, 2, 1, '2022-10-05 03:22:34', '2022-10-05 03:22:34'),
(173, 1, '猿払村地域包括支援センター', '猿払村', '猿払村', '098', '6233', '猿払村鬼志別南町243番地 楽楽心内', '01635', '2', '2090', '01635-2-2711', '', '43.76281006321748', '142.35817790725756', '', 1, 999, 13, 3, 113, 2, 1, '2022-10-05 03:22:34', '2022-10-05 03:22:34'),
(174, 1, '浜頓別町地域包括支援センター', '浜頓別町', '浜頓別町', '098', '5792', '浜頓別町中央南1番地', '01634', '2', '2551', '01634-2-3788', '', '43.76281006321748', '142.35817790725756', '', 1, 3, 13, 3, 114, 2, 1, '2022-10-05 03:22:34', '2022-10-05 03:22:34'),
(175, 1, '中頓別町地域包括支援センター', '中頓別町', '中頓別町', '098', '5551', '中頓別町字中頓別175番地中頓別町介護福祉センター内', '01634', '6', '2003', '01634-6-2110', '', '43.76281006321748', '142.35817790725756', '', 1, 999, 13, 3, 115, 2, 1, '2022-10-05 03:22:34', '2022-10-05 03:22:34'),
(176, 1, '枝幸町地域包括支援センター', '枝幸町', '枝幸町', '098', '5824', '枝幸町北栄町1474番地1', '0163', '62', '4660', '0163-69-2021', '', '43.76281006321748', '142.35817790725756', '', 1, 4, 13, 3, 116, 2, 1, '2022-10-05 03:22:34', '2022-10-05 03:22:34'),
(177, 1, '豊富町地域包括支援センター', '豊富町', '豊富町', '098', '4121', '豊富町東1条6丁目', '0162', '29', '7830', ' 0162-82-3838', '', '43.76281006321748', '142.35817790725756', '', 1, 999, 13, 3, 117, 2, 1, '2022-10-05 03:22:34', '2022-10-05 03:22:34'),
(178, 1, '礼文町地域包括支援センター', '礼文町', '礼文町', '097', '1201', '礼文町大字香深村字トンナイ', '0163', '86', '1001', '0163-86-1664', '', '43.76281006321748', '142.35817790725756', '', 1, 999, 13, 3, 118, 2, 1, '2022-10-05 03:22:34', '2022-10-05 03:22:34'),
(179, 1, '利尻町地域包括支援センター', '利尻町', '利尻町', '097', '0401', '利尻町沓形字緑町14番地1', '0163', '84', '2345', '0163-89-4747', '', '43.76281006321748', '142.35817790725756', '', 1, 999, 13, 3, 119, 2, 1, '2022-10-05 03:22:34', '2022-10-05 03:22:34'),
(180, 1, '利尻富士町地域包括支援センター', '利尻富士町', '利尻富士町', '097', '0101', '利尻富士町鴛泊字栄町117番地', '0163', '82', '2320', '0163-89-2016', '', '43.76281006321748', '142.35817790725756', '', 1, 999, 13, 3, 120, 2, 1, '2022-10-05 03:22:34', '2022-10-05 03:22:34'),
(181, 1, '幌延町地域包括支援センター', '幌延町', '幌延町', '098', '3207', '天塩郡幌延町宮園町1番地1', '01632', '5', '1790', '01632-5-2971', '', '43.76281006321748', '142.35817790725756', '', 1, 999, 13, 3, 121, 2, 1, '2022-10-05 03:22:34', '2022-10-05 03:22:34'),
(182, 1, '北見市中央地区地域包括支援センター', '北見市中央', '北見市中央<br>', '090', '0035', '北見市北斗町2丁目1番27号', '0157', '26', '0061', '0157-26-0062', '', '43.76281006321748', '142.35817790725756', '', 1, 1, 33, 6, 9, 2, 1, '2022-10-05 03:22:34', '2022-10-05 03:22:34'),
(183, 1, '北見市北部地区地域包括支援センター', '北見市北部', '北見市北部', '090', '0058', '北見市高栄西町7丁目11番4号', '0157', '22', '7800', '0157-69-8801', '', '43.76281006321748', '142.35817790725756', '', 1, 3, 33, 6, 9, 2, 1, '2022-10-05 03:22:34', '2022-10-05 03:22:34'),
(184, 1, '北見市東部・端野地区地域包括支援センター', '北見市東部・端野', '北見市<br>東部・端野', '090', '0801', '北見市春光町1丁目58番地1', '0157', '69', '5111', '0157-69-5112', '', '43.76281006321748', '142.35817790725756', '', 1, 4, 33, 6, 9, 2, 1, '2022-10-05 03:22:34', '2022-10-05 03:22:34'),
(185, 1, '北見市西部・相内地区地域包括支援センター', '北見市西部・相内', '北見市<br>西部・相内', '090', '0833', '北見市とん田東町450番地9', '0157', '66', '0166', '0157-66-0167', '', '43.76281006321748', '142.35817790725756', '', 1, 2, 33, 6, 9, 2, 1, '2022-10-05 03:22:34', '2022-10-05 03:22:34'),
(186, 1, '北見市南部地区地域包括支援センター', '北見市南部', '北見市<br>南部', '090', '0824', '北見市北光280番地7', '0157', '57', '3161', '0157-26-0500', '', '43.76281006321748', '142.35817790725756', '', 1, 5, 33, 6, 9, 2, 1, '2022-10-05 03:22:34', '2022-10-05 03:22:34'),
(187, 1, '北見市常呂地区地域包括支援センター', '北見市常呂', '北見市<br>常呂', '093', '0210', '北見市常呂町字常呂332番2', '0152', '63', '2026', '0152-63-2100', '', '43.76281006321748', '142.35817790725756', '', 1, 7, 33, 6, 9, 2, 1, '2022-10-05 03:22:34', '2022-10-05 03:22:34'),
(188, 1, '北見市留辺蘂・温根湯温泉地区地域包括支援センター', '北見市留辺蘂・温根湯温泉', '北見市留辺蘂・<br>温根湯温泉', '091', '0002', '北見市留辺蘂町東町84番地1', '0157', '42', '5008', '0157-67-2078', '', '43.76281006321748', '142.35817790725756', '', 1, 8, 33, 7, 9, 2, 1, '2022-10-05 03:22:34', '2022-10-05 03:22:34'),
(189, 1, '紋別市地域包括支援センター', '紋別市', '紋別市', '094', '0004', '紋別市本町3丁目1番31号', '0158', '23', '1232', '0158-23-1243', '', '43.76281006321748', '142.35817790725756', '', 1, 13, 33, 6, 20, 2, 1, '2022-10-05 03:22:34', '2022-10-05 03:22:34'),
(190, 1, '美幌町地域包括支援センター', '美幌町', '美幌町', '092', '0865', '美幌町字東2条北2丁目25番地', '0152', '75', '3220', '0152-73-4787', '', '43.76281006321748', '142.35817790725756', '', 1, 15, 33, 6, 122, 2, 1, '2022-10-05 03:22:34', '2022-10-05 03:22:34'),
(191, 1, '津別町地域包括支援センター', '津別町', '津別町', '092', '0292', '津別町字幸町41番地', '0152', '76', '2158', '0152-76-2158', '', '43.76281006321748', '142.35817790725756', '', 1, 16, 33, 6, 123, 2, 1, '2022-10-05 03:22:34', '2022-10-05 03:22:34'),
(192, 1, '斜里町地域包括支援センター', '斜里町', '斜里町', '099', '4117', '斜里町青葉町40番地2', '0152', '23', '6644', '0152-23-6670', '', '43.76281006321748', '142.35817790725756', '', 1, 19, 33, 6, 124, 2, 1, '2022-10-05 03:22:34', '2022-10-05 03:22:34'),
(193, 1, '清里町地域包括支援センター', '清里町', '清里町', '099', '4405', '清里町羽衣町35番地35', '0152', '25', '2943', '0152-25-2137', '', '43.76281006321748', '142.35817790725756', '', 1, 20, 33, 6, 125, 2, 1, '2022-10-05 03:22:34', '2022-10-05 03:22:34'),
(194, 1, '小清水町地域包括支援センター', '小清水町', '小清水町', '099', '3698', '小清水町元町2丁目1番1号', '0152', '62', '4473', '0152-62-4198', '', '43.76281006321748', '142.35817790725756', '', 1, 18, 33, 6, 126, 2, 1, '2022-10-05 03:22:34', '2022-10-05 03:22:34'),
(195, 1, '大空町地域包括支援センター', '大空町', '大空町', '099', '2392', '大空町女満別町西3条4丁目1番1号', '0152', '74', '2111', '0152-74-2191', '', '43.76281006321748', '142.35817790725756', '', 1, 999, 33, 6, 136, 2, 1, '2022-10-05 03:22:34', '2022-10-05 03:22:34'),
(196, 1, '訓子府町地域包括支援センター', '訓子府町', '訓子府町', '099', '1498', '訓子府町東町398番地', '0157', '47', '5555', '0157-47-5556', '', '43.76281006321748', '142.35817790725756', '', 1, 999, 33, 6, 127, 2, 1, '2022-10-05 03:22:34', '2022-10-05 03:22:34'),
(197, 1, '置戸町地域包括支援センター', '置戸町', '置戸町', '099', '1115', '置戸町字置戸246番地の3', '0157', '52', '3309', '0157-52-3348', '', '43.76281006321748', '142.35817790725756', '', 1, 17, 33, 6, 128, 2, 1, '2022-10-05 03:22:34', '2022-10-05 03:22:34'),
(198, 1, '佐呂間町地域包括支援センター', '佐呂間町', '佐呂間町', '093', '0592', '佐呂間町字永代町3番地の1', '01587', '2', '1212', '01587-2-3368', '', '43.76281006321748', '142.35817790725756', '', 1, 999, 33, 6, 129, 2, 1, '2022-10-05 03:22:34', '2022-10-05 03:22:34'),
(199, 1, '遠軽町地域包括支援センター', '遠軽町', '遠軽町', '099', '0403', '遠軽町1条通北1丁目1番地', '0158', '42', '9988', '0158-42-0318', '', '43.76281006321748', '142.35817790725756', '', 1, 14, 33, 6, 130, 2, 1, '2022-10-05 03:22:34', '2022-10-05 03:22:34'),
(200, 1, '湧別町地域包括支援センター', '湧別町', '湧別町', '099', '6404', '湧別町栄町112番地の1', '01586', '5', '3761', '01586-5-2283', '', '43.76281006321748', '142.35817790725756', '', 1, 15, 33, 6, 131, 2, 1, '2022-10-05 03:22:34', '2022-10-05 03:22:34'),
(201, 1, '滝上町地域包括支援センター', '滝上町', '滝上町', '099', '5541', '滝上町字オシラネップ原野北1線10番地', '0158', '29', '2880', '0158-29-2880', '', '43.76281006321748', '142.35817790725756', '', 1, 999, 33, 6, 132, 2, 1, '2022-10-05 03:22:34', '2022-10-05 03:22:34'),
(202, 1, '興部町地域包括支援センター', '興部町', '興部町', '098', '1603', '興部町字興部138番地の1', '0158', '82', '4155', '0158-88-2130', '', '43.76281006321748', '142.35817790725756', '', 1, 999, 33, 6, 134, 2, 1, '2022-10-05 03:22:34', '2022-10-05 03:22:34'),
(203, 1, '西興部村地域包括支援センター', '西興部村', '西興部村', '098', '1501', '西興部村字西興部100番地', '0158', '87', '2114', '0158-87-2777', '', '43.76281006321748', '142.35817790725756', '', 1, 21, 33, 6, 134, 2, 1, '2022-10-05 03:22:34', '2022-10-05 03:22:34'),
(204, 1, '雄武町地域包括支援センター', '雄武町', '雄武町', '098', '1792', '雄武町字雄武700番地', '0158', '84', '4495', '0158-84-4497', '', '43.76281006321748', '142.35817790725756', '', 1, 999, 33, 6, 135, 2, 1, '2022-10-05 03:22:34', '2022-10-05 03:22:34'),
(205, 1, '網走市地域包括支援センターりんく', '網走市', '網走市', '093', '0002', '網走市南2条東1丁目4番地2', '0152', '67', '8305', '0152-67-8308', '', '43.76281006321748', '142.35817790725756', '', 1, 12, 33, 6, 12, 2, 1, '2022-10-05 03:22:34', '2022-10-05 03:22:34'),
(206, 1, '網走市地域包括支援センターマウニ', '網走市マウニ', '網走市マウニ', '093', '0034', '網走市つくしヶ丘3丁目9番1号', '0152', '45', '2730', '0152-43-1737', '', '43.76281006321748', '142.35817790725756', '', 1, 11, 33, 6, 12, 2, 1, '2022-10-05 03:22:34', '2022-10-05 03:22:34'),
(207, 1, '室蘭市地域包括支援センター白鳥ハイツ', '室蘭市白鳥ハイツ', '室蘭市<br>白鳥ハイツ', '050', '0054', '室蘭市白鳥台4丁目8番1号', '0143', '59', '3100', '0143-59-0077', '', '43.76281006321748', '142.35817790725756', '', 1, 11, 36, 6, 6, 2, 1, '2022-10-05 03:22:34', '2022-10-05 03:22:34'),
(208, 1, '室蘭市地域包括支援センター母恋', '室蘭市母恋', '室蘭市母恋', '051', '0005', '室蘭市新富町1丁目5番13号', '0143', '24', '2112', '0143-25-2855', '', '43.76281006321748', '142.35817790725756', '', 1, 12, 36, 6, 6, 2, 1, '2022-10-05 03:22:34', '2022-10-05 03:22:34'),
(209, 1, '室蘭市地域包括支援センターことぶき', '室蘭市ことぶき', '室蘭市<br>ことぶき', '050', '0082', '室蘭市寿町1丁目5番26号', '0143', '46', '2121', '0143-44-3301', '', '43.76281006321748', '142.35817790725756', '', 1, 13, 36, 6, 6, 2, 1, '2022-10-05 03:22:34', '2022-10-05 03:22:34');
INSERT INTO `area_centers` (`id`, `display`, `name`, `label`, `book_label`, `zip1`, `zip2`, `address`, `tel1`, `tel2`, `tel3`, `fax`, `email`, `lat`, `lng`, `search_words`, `reorder`, `book_reorder`, `area_id`, `area_section_id`, `city_id`, `prefecture_id`, `user_id`, `created_at`, `updated_at`) VALUES
(210, 1, '室蘭市地域包括支援センター憩', '室蘭市憩(いこい)', '室蘭市<br>憩(いこい)', '050', '0076', '室蘭市知利別町1丁目45番地', '0143', '41', '3076', '050-3156-3970', '', '43.76281006321748', '142.35817790725756', '', 1, 14, 36, 6, 6, 2, 1, '2022-10-05 03:22:34', '2022-10-05 03:22:34'),
(211, 1, '苫小牧市西地域包括支援センター', '苫小牧市西', '苫小牧市西', '059', '1263', '苫小牧市青雲町2-12-17', '0144', '61', '7600', '0144-61-7401', '', '43.76281006321748', '142.35817790725756', '', 1, 3, 36, 7, 14, 2, 1, '2022-10-05 03:22:34', '2022-10-05 03:22:34'),
(212, 1, '苫小牧市中央地域包括支援センター', '苫小牧市中央', '苫小牧市中央', '053', '0021', '苫小牧市若草町3-4-8', '0144', '36', '3712', '0144-37-0355', '', '43.76281006321748', '142.35817790725756', '', 1, 1, 36, 7, 14, 2, 1, '2022-10-05 03:22:34', '2022-10-05 03:22:34'),
(213, 1, '苫小牧市東地域包括支援センター', '苫小牧市東', '苫小牧市東', '059', '1364', '苫小牧市沼ノ端中央4丁目14-24', '0144', '52', '1155', '0144-52-1177', '', '43.76281006321748', '142.35817790725756', '', 1, 4, 36, 7, 14, 2, 1, '2022-10-05 03:22:34', '2022-10-05 03:22:34'),
(214, 1, '苫小牧市南地域包括支援センター', '苫小牧市南', '苫小牧市南', '053', '0805', '苫小牧市新富町1-3-7', '0144', '71', '5005', '0144-71-5001', '', '43.76281006321748', '142.35817790725756', '', 1, 5, 36, 7, 14, 2, 1, '2022-10-05 03:22:34', '2022-10-05 03:22:34'),
(215, 1, '苫小牧市しらかば地域包括支援センター', '苫小牧市しらかば', '苫小牧市<br>しらかば', '053', '0821', '苫小牧市しらかば町5-5-6', '0144', '71', '5225', '0144-71-5230', '', '43.76281006321748', '142.35817790725756', '', 1, 6, 36, 7, 14, 2, 1, '2022-10-05 03:22:34', '2022-10-05 03:22:34'),
(216, 1, '苫小牧市山手地域包括支援センター', '苫小牧市山手', '苫小牧市山手', '053', '0851', '苫小牧市山手町1-1-2', '0144', '71', '5565', '0144-71-5580', '', '43.76281006321748', '142.35817790725756', '', 1, 2, 36, 7, 14, 2, 1, '2022-10-05 03:22:34', '2022-10-05 03:22:34'),
(217, 1, '苫小牧市明野地域包括支援センター', '苫小牧市明野', '苫小牧市明野', '053', '0054', '苫小牧市明野新町5-2-4', '0144', '53', '4165', '0144-53-4166', '', '43.76281006321748', '142.35817790725756', '', 1, 7, 36, 7, 14, 2, 1, '2022-10-05 03:22:34', '2022-10-05 03:22:34'),
(218, 1, '登別市地域包括支援センターゆのか', '登別市ゆのか', '登別市ゆのか', '059', '0016', '登別市片倉町6丁目9番地1', '0143', '88', '2106', '0143-88-2108', '', '43.76281006321748', '142.35817790725756', '', 1, 16, 36, 7, 31, 2, 1, '2022-10-05 03:22:34', '2022-10-05 03:22:34'),
(219, 1, '登別市地域包括支援センターあおい(愛桜)', '登別市あおい(愛桜)', '登別市<br>あおい(愛桜)', '059', '0464', '登別市登別東町3丁目1番地2', '0143', '83', '0511', '0143-83-0811', '', '43.76281006321748', '142.35817790725756', '', 1, 17, 35, 7, 31, 2, 1, '2022-10-05 03:22:35', '2022-10-05 03:22:35'),
(220, 1, '登別市地域包括支援センター「けいあい」', '登別市けいあい', '登別市<br>けいあい', '059', '0034', '登別市鷲別町2丁目32番地1', '0143', '82', '5005', '0143-82-5006', '', '43.76281006321748', '142.35817790725756', '', 1, 15, 36, 7, 31, 2, 1, '2022-10-05 03:22:35', '2022-10-05 03:22:35'),
(221, 1, '伊達市地域包括支援センター', '伊達市', '伊達市', '052', '0024', '伊達市鹿島町20番地1', '0142', '21', '7755', '0142-21-7756', '', '43.76281006321748', '142.35817790725756', '', 1, 20, 36, 7, 33, 2, 1, '2022-10-05 03:22:35', '2022-10-05 03:22:35'),
(222, 1, '豊浦町地域包括支援センター', '豊浦町', '豊浦町', '049', '5411', '豊浦町字東雲町16番地1', '0142', '82', '3845', '0142-83-2477', '', '43.76281006321748', '142.35817790725756', '', 1, 999, 36, 7, 137, 2, 1, '2022-10-05 03:22:35', '2022-10-05 03:22:35'),
(223, 1, '洞爺湖町地域包括支援センター', '洞爺湖町', '洞爺湖町', '049', '5604', '洞爺湖町栄町63番地1健康福祉センター内', '0142', '76', '4822', '0142-76-1877', '', '43.76281006321748', '142.35817790725756', '', 1, 24, 36, 7, 141, 2, 1, '2022-10-05 03:22:35', '2022-10-05 03:22:35'),
(224, 1, '壮瞥町地域包括支援センター', '壮瞥町', '壮瞥町', '052', '0101', '壮瞥町字滝之町284番地2', '0142', '66', '4165', '0142-66-2678', '', '43.76281006321748', '142.35817790725756', '', 1, 999, 36, 7, 138, 2, 1, '2022-10-05 03:22:35', '2022-10-05 03:22:35'),
(225, 1, '白老町地域包括支援センター', '白老町', '白老町', '059', '0904', '白老町東町4丁目6番7号', '0144', '82', '5560', '0144-82-5561', '', '43.76281006321748', '142.35817790725756', '', 1, 21, 36, 7, 139, 2, 1, '2022-10-05 03:22:35', '2022-10-05 03:22:35'),
(226, 1, '安平町地域包括支援センター', '安平町', '安平町', '059', '1595', '安平町早来大町95番地', '0145', '29', '7072', '0145-29-7076', '', '43.76281006321748', '142.35817790725756', '', 1, 999, 36, 7, 142, 2, 1, '2022-10-05 03:22:35', '2022-10-05 03:22:35'),
(227, 1, '厚真町地域包括支援センター', '厚真町', '厚真町', '059', '1605', '厚真町本郷283番地の2', '0145', '29', '7407', '0145-29-7408', '', '43.76281006321748', '142.35817790725756', '', 1, 23, 36, 7, 140, 2, 1, '2022-10-05 03:22:35', '2022-10-05 03:22:35'),
(228, 1, 'むかわ町地域包括支援センター', 'むかわ町', 'むかわ町', '054', '8660', 'むかわ町美幸2丁目88番地', '0145', '42', '2415', '0145-47-2400', '', '43.76281006321748', '142.35817790725756', '', 1, 25, 36, 7, 143, 2, 1, '2022-10-05 03:22:35', '2022-10-05 03:22:35'),
(229, 1, '日高町門別地域包括支援センター', '日高町', '日高町', '059', '2192', '日高町門別本町210番地の1', '01456', '2', '6789', '01456-2-6995', '', '43.76281006321748', '142.35817790725756', '', 1, 115, 35, 6, 144, 2, 1, '2022-10-05 03:22:35', '2022-10-05 03:22:35'),
(230, 1, '日高町日高地域包括支援センター', '日高町', '日高町', '055', '2303', '日高町栄町東1丁目303番地の12', '01457', '6', '2343', '01457-6-3981', '', '43.76281006321748', '142.35817790725756', '', 1, 116, 35, 6, 144, 2, 1, '2022-10-05 03:22:35', '2022-10-05 03:22:35'),
(231, 1, '平取町地域包括支援センター', '平取町', '平取町', '055', '0195', '平取町本町35番地1', '01457', '2', '3700', '01457-4-6870', '', '43.76281006321748', '142.35817790725756', '', 1, 999, 35, 6, 145, 2, 1, '2022-10-05 03:22:35', '2022-10-05 03:22:35'),
(232, 1, '新冠町地域包括支援センター', '新冠町', '新冠町', '059', '2492', '新冠郡新冠町字北星町3番地の2', '0146', '47', '2113', '0146-47-2496', '', '43.76281006321748', '142.35817790725756', '', 1, 999, 35, 6, 146, 2, 1, '2022-10-05 03:22:35', '2022-10-05 03:22:35'),
(233, 1, '浦河町地域包括支援センター', '浦河町', '浦河町', '057', '0013', '浦河町大通3丁目53番地', '0146', '22', '7733', '0146-22-7734', '', '43.76281006321748', '142.35817790725756', '', 1, 59, 35, 6, 147, 2, 1, '2022-10-05 03:22:35', '2022-10-05 03:22:35'),
(234, 1, '様似町地域包括支援センター', '様似町', '様似町', '058', '0014', '様似町大通2丁目98-2', '0146', '36', '5511', '0146-36-5638', '', '43.76281006321748', '142.35817790725756', '', 1, 60, 35, 6, 148, 2, 1, '2022-10-05 03:22:35', '2022-10-05 03:22:35'),
(235, 1, 'えりも町地域包括支援センター', 'えりも町', 'えりも町', '058', '0292', 'えりも町字本町206番地', '01466', '2', '4888', '01466-2-4632', '', '43.76281006321748', '142.35817790725756', '', 1, 999, 35, 6, 149, 2, 1, '2022-10-05 03:22:35', '2022-10-05 03:22:35'),
(236, 1, '新ひだか町地域包括支援センター', '新ひだか町', '新ひだか町', '056', '0004', '日高郡新ひだか町静内緑町4丁目5番1号', '0146', '43', '1111', '0146-43-2350', '', '43.76281006321748', '142.35817790725756', '', 1, 61, 35, 6, 150, 2, 1, '2022-10-05 03:22:35', '2022-10-05 03:22:35'),
(237, 1, '地域包括支援センター帯広至心寮', '帯広市鉄南', '帯広市鉄南', '080', '0015', '帯広市西5条南30丁目19番地', '0155', '24', '1150', '0155-24-1105', '', '43.76281006321748', '142.35817790725756', '', 1, 108, 35, 6, 8, 2, 1, '2022-10-05 03:22:35', '2022-10-05 03:22:35'),
(238, 1, '地域包括支援センター帯広市社会福祉協議会', '帯広市西', '帯広市西', '080', '0847', '帯広市公園東町3丁目9番地1', '0155', '21', '3292', '0155-21-3240', '', '43.76281006321748', '142.35817790725756', '', 1, 104, 35, 6, 8, 2, 1, '2022-10-05 03:22:35', '2022-10-05 03:22:35'),
(239, 1, '地域包括支援センター愛仁園', '帯広市広陽･若葉 ', '帯広市<br>広陽･若葉', '080', '0026', '帯広市西16条南28丁目2番地1', '0155', '49', '2338', '0155-49-3022', '', '43.76281006321748', '142.35817790725756', '', 1, 102, 35, 6, 8, 2, 1, '2022-10-05 03:22:35', '2022-10-05 03:22:35'),
(240, 1, '地域包括支援センター帯広けいせい苑', '帯広市川西・大正', '帯広市<br>川西・大正', '089', '1182', '帯広市川西町西1線47番地3', '0155', '53', '4771', '0155-59-2341', '', '43.76281006321748', '142.35817790725756', '', 1, 106, 35, 6, 8, 2, 1, '2022-10-05 03:22:35', '2022-10-05 03:22:35'),
(241, 1, '士幌町地域包括支援センター', '士幌町', '士幌町', '080', '1219', '士幌町字士幌西2線167番地', '01564', '5', '2188', '01564-5-2127', '', '43.76281006321748', '142.35817790725756', '', 1, 999, 35, 6, 152, 2, 1, '2022-10-05 03:22:35', '2022-10-05 03:22:35'),
(242, 1, '上士幌町地域包括支援センター', '上士幌町', '上士幌町', '080', '1408', '上士幌町字上士幌東3線236番地', '01564', '2', '5555', '01564-2-4134', '', '43.76281006321748', '142.35817790725756', '', 1, 56, 35, 6, 153, 2, 1, '2022-10-05 03:22:35', '2022-10-05 03:22:35'),
(243, 1, '鹿追町地域包括支援センター', '鹿追町', '鹿追町', '081', '0222', '鹿追町東町4丁目2番地1', '0156', '66', '1311', '0156-66-1818', '', '43.76281006321748', '142.35817790725756', '', 1, 999, 35, 6, 154, 2, 1, '2022-10-05 03:22:35', '2022-10-05 03:22:35'),
(244, 1, '新得町地域包括支援センター', '新得町', '新得町', '081', '0013', '新得町3条南3丁目5番地', '0156', '64', '0533', '0156-64-0534', '', '43.76281006321748', '142.35817790725756', '', 1, 999, 35, 6, 155, 2, 1, '2022-10-05 03:22:35', '2022-10-05 03:22:35'),
(245, 1, '清水町地域包括支援センター', '清水町', '清水町', '089', '0111', '清水町南3条2丁目1番地1', '0156', '69', '2233', '0156-69-2223', '', '43.76281006321748', '142.35817790725756', '', 1, 999, 35, 6, 156, 2, 1, '2022-10-05 03:22:35', '2022-10-05 03:22:35'),
(246, 1, '芽室町地域包括支援センター', '芽室町', '芽室町', '082', '8651', '芽室町東2条2丁目14', '0155', '62', '9724', '0155-62-0121', '', '43.76281006321748', '142.35817790725756', '', 1, 52, 35, 6, 157, 2, 1, '2022-10-05 03:22:35', '2022-10-05 03:22:35'),
(247, 1, '中札内村地域包括支援センター', '中札内村', '中札内村', '089', '1332', '中札内村西2条南2丁目2番地', '0155', '67', '2321', '0155-63-4172', '', '43.76281006321748', '142.35817790725756', '', 1, 999, 35, 6, 158, 2, 1, '2022-10-05 03:22:35', '2022-10-05 03:22:35'),
(248, 1, '更別村地域包括支援センター', '更別村', '更別村', '089', '1531', '更別村字更別190番地1', '0155', '53', '3000', '0155-53-2111', '', '43.76281006321748', '142.35817790725756', '', 1, 999, 35, 6, 159, 2, 1, '2022-10-05 03:22:35', '2022-10-05 03:22:35'),
(249, 1, '大樹町地域包括支援センター', '大樹町', '大樹町', '089', '2145', '大樹町暁町8番地1', '01558', '6', '2200', '01558-6-5121', '', '43.76281006321748', '142.35817790725756', '', 1, 57, 35, 6, 160, 2, 1, '2022-10-05 03:22:35', '2022-10-05 03:22:35'),
(250, 1, '広尾町地域包括支援センター', '広尾町', '広尾町', '089', '2692', '広尾町西4条7丁目1番地', '01558', '2', '3370', '01558-2-6662', '', '43.76281006321748', '142.35817790725756', '', 1, 58, 35, 6, 161, 2, 1, '2022-10-05 03:22:35', '2022-10-05 03:22:35'),
(251, 1, '幕別町地域包括支援センター', '幕別町', '幕別町', '089', '0692', '幕別町本町130番地1', '0155', '54', '3812', '0155-54-3839', '', '43.76281006321748', '142.35817790725756', '', 1, 51, 35, 6, 162, 2, 1, '2022-10-05 03:22:35', '2022-10-05 03:22:35'),
(252, 1, '池田町地域包括支援センター', '池田町', '池田町', '083', '0023', '池田町字西3条5丁目2番地7', '015', '572', '2100', '015-572-2862', '', '43.76281006321748', '142.35817790725756', '', 1, 999, 35, 6, 163, 2, 1, '2022-10-05 03:22:35', '2022-10-05 03:22:35'),
(253, 1, '豊頃町地域包括支援センター', '豊頃町', '豊頃町', '089', '5392', '豊頃町茂岩本町125番地', '015', '574', '2214', '015-574-3712', '', '43.76281006321748', '142.35817790725756', '', 1, 999, 35, 6, 164, 2, 1, '2022-10-05 03:22:35', '2022-10-05 03:22:35'),
(254, 1, '本別町地域包括支援センター', '本別町', '本別町', '089', '3325', '本別町西美里別6-15', '0156', '22', '9222', '0156-22-6811', '', '43.76281006321748', '142.35817790725756', '', 1, 55, 35, 6, 165, 2, 1, '2022-10-05 03:22:35', '2022-10-05 03:22:35'),
(255, 1, '足寄町地域包括支援センター', '足寄町', '足寄町', '089', '3797', '足寄町北1条4丁目48番地1', '0156', '25', '9200', '0156-25-9201', '', '43.76281006321748', '142.35817790725756', '', 1, 999, 35, 6, 168, 2, 1, '2022-10-05 03:22:35', '2022-10-05 03:22:35'),
(256, 1, '陸別町地域包括支援センター', '陸別町', '陸別町', '089', '4312', '陸別町字陸別東2条3丁目2番地', '0156', '27', '8001', '0156-27-8002', '', '43.76281006321748', '142.35817790725756', '', 1, 999, 35, 6, 167, 2, 1, '2022-10-05 03:22:35', '2022-10-05 03:22:35'),
(257, 1, '浦幌町地域包括支援センター', '浦幌町', '浦幌町', '089', '5692', '浦幌町字北町8番地1浦幌町保健福祉センター内', '015', '576', '5111', '015-576-5222', '', '43.76281006321748', '142.35817790725756', '', 1, 999, 35, 6, 168, 2, 1, '2022-10-05 03:22:35', '2022-10-05 03:22:35'),
(258, 1, '音更町地域包括支援センターらんらん', '音更町', '音更町', '080', '0325', '音更町柏寿台1番地5', '0155', '67', '7090', '0155-67-7640', '', '43.76281006321748', '142.35817790725756', '', 1, 111, 35, 6, 151, 2, 1, '2022-10-05 03:22:35', '2022-10-05 03:22:35'),
(259, 1, '音更町地域包括支援センターほほえみ', '音更町', '音更町', '080', '0314', '音更町共栄台西12丁目7番地7', '0155', '32', '5151', '0155-30-1122', '', '43.76281006321748', '142.35817790725756', '', 1, 112, 35, 6, 151, 2, 1, '2022-10-05 03:22:35', '2022-10-05 03:22:35'),
(260, 1, '音更町地域包括支援センターロータス', '音更町', '音更町', '080', '0309', '音更町中鈴蘭元町2番地9', '0155', '67', '7863', '0155-67-7862', '', '43.76281006321748', '142.35817790725756', '', 1, 113, 35, 6, 151, 2, 1, '2022-10-05 03:22:35', '2022-10-05 03:22:35'),
(261, 1, '釧路市阿寒地域包括支援センター', '釧路市阿寒', '釧路市阿寒', '085', '0292', '釧路市阿寒町中央1丁目4番1号阿寒町行政センター内', '0154', '66', '1234', '0154-66-1333', '', '43.76281006321748', '142.35817790725756', '', 1, 57, 34, 6, 7, 2, 1, '2022-10-05 03:22:35', '2022-10-05 03:22:35'),
(262, 1, '釧路市音別地域包括支援センター', '釧路市音別', '釧路市音別', '088', '0116', '釧路市音別町中園2丁目119番地1音別町福祉保健センターほほえみ内', '01547', '9', '5252', '01547-6-3017', '', '43.76281006321748', '142.35817790725756', '', 1, 58, 34, 6, 7, 2, 1, '2022-10-05 03:22:35', '2022-10-05 03:22:35'),
(263, 1, '釧路市西部地域包括支援センター', '釧路市西部', '釧路市西部', '084', '0902', '釧路市昭和190番地4462老健くしろ内', '0154', '55', '2666', '0154-55-2600', '', '43.76281006321748', '142.35817790725756', '', 1, 56, 34, 6, 7, 2, 1, '2022-10-05 03:22:35', '2022-10-05 03:22:35'),
(264, 1, '釧路市中部南地域包括支援センター', '釧路市中部南', '釧路市中部南', '085', '0007', '釧路市堀川町8番43号', '0154', '24', '1102', '0154-68-4180', '', '43.76281006321748', '142.35817790725756', '', 1, 53, 34, 6, 7, 2, 1, '2022-10-05 03:22:35', '2022-10-05 03:22:35'),
(265, 1, '釧路市東部北地域包括支援センター', '釧路市東部北', '釧路市東部北', '085', '0821', '釧路市鶴ヶ岱1丁目10番46号', '0154', '42', '0600', '0154-42-0800', '', '43.76281006321748', '142.35817790725756', '', 1, 54, 34, 6, 7, 2, 1, '2022-10-05 03:22:35', '2022-10-05 03:22:35'),
(266, 1, '釧路市東部南地域包括支援センター', '釧路市東部南', '釧路市東部南', '085', '0813', '釧路市春採4丁目10番15号望洋ふれあい交流センター内', '0154', '42', '8222', '0154-41-2588', '', '43.76281006321748', '142.35817790725756', '', 1, 55, 34, 6, 7, 2, 1, '2022-10-05 03:22:35', '2022-10-05 03:22:35'),
(267, 1, '釧路市中部北地域包括支援センター', '釧路市中部北', '釧路市中部北', '085', '0063', '釧路市文苑4丁目65番2号ふみぞの東陽ビルⅠ1階', '0154', '36', '1233', '0154-36-1100', '', '43.76281006321748', '142.35817790725756', '', 1, 52, 34, 6, 7, 2, 1, '2022-10-05 03:22:35', '2022-10-05 03:22:35'),
(268, 1, '釧路町地域包括支援センター', '釧路町', '釧路町', '088', '0628', '釧路町東陽大通西1丁目1番地1', '0154', '40', '5217', '0154-40-5240', '', '43.76281006321748', '142.35817790725756', '', 1, 61, 34, 6, 169, 2, 1, '2022-10-05 03:22:35', '2022-10-05 03:22:35'),
(269, 1, '厚岸町地域包括支援センター', '厚岸町', '厚岸町', '088', '1119', '厚岸町住の江1丁目2番地厚岸町保健福祉総合センターあみか21内', '0153', '53', '3333', '0153-53-3077', '', '43.76281006321748', '142.35817790725756', '', 1, 999, 34, 6, 170, 2, 1, '2022-10-05 03:22:35', '2022-10-05 03:22:35'),
(270, 1, '浜中町地域包括支援センター', '浜中町', '浜中町', '088', '1592', '浜中町湯沸445番地 浜中町役場内', '0153', '62', '2194', '0153-62-2114', '', '43.76281006321748', '142.35817790725756', '', 1, 66, 34, 6, 171, 2, 1, '2022-10-05 03:22:35', '2022-10-05 03:22:35'),
(271, 1, '標茶町地域包括支援センター', '標茶町', '標茶町', '088', '2311', '標茶町開運4丁目2番地標茶町ふれあい交流センター内', '015', '485', '1515', '015-485-2177', '', '43.76281006321748', '142.35817790725756', '', 1, 999, 34, 6, 172, 2, 1, '2022-10-05 03:22:35', '2022-10-05 03:22:35'),
(272, 1, '弟子屈町地域包括支援センター', '弟子屈町', '弟子屈町', '088', '3292', '弟子屈町中央2丁目276番地1', '015', '482', '2921', '015-482-3547', '', '43.76281006321748', '142.35817790725756', '', 1, 63, 34, 6, 173, 2, 1, '2022-10-05 03:22:35', '2022-10-05 03:22:35'),
(273, 1, '鶴居村地域包括支援センター', '鶴居村', '鶴居村', '085', '1203', '鶴居村鶴居西1丁目1番地', '0154', '64', '2999', '0154-64-2577', '', '43.76281006321748', '142.35817790725756', '', 1, 999, 34, 6, 174, 2, 1, '2022-10-05 03:22:35', '2022-10-05 03:22:35'),
(274, 1, '白糠町地域包括支援センター', '白糠町', '白糠町', '088', '0392', '白糠町西1条南1丁目1番地1', '01547', '2', '2171', '01547-2-4659', '', '43.76281006321748', '142.35817790725756', '', 1, 999, 34, 6, 176, 2, 1, '2022-10-05 03:22:35', '2022-10-05 03:22:35'),
(275, 1, '根室市地域包括支援センター', '根室市', '根室市', '087', '8711', '根室市常盤町2丁目27番地', '0153', '23', '6111', '0153-29-2266', '', '43.76281006321748', '142.35817790725756', '', 1, 32, 34, 6, 24, 2, 1, '2022-10-05 03:22:35', '2022-10-05 03:22:35'),
(276, 1, '別海町地域包括支援センター', '別海町', '別海町', '086', '0205', '別海町別海常盤町280番地', '0153', '79', '5500', '0153-75-2773', '', '43.76281006321748', '142.35817790725756', '', 1, 67, 34, 6, 177, 2, 1, '2022-10-05 03:22:35', '2022-10-05 03:22:35'),
(277, 1, '中標津町地域包括支援センター', '中標津町', '中標津町', '086', '1197', '中標津町丸山2丁目22番地', '0153', '73', '3111', '0153-73-5333', '', '43.76281006321748', '142.35817790725756', '', 1, 64, 34, 6, 178, 2, 1, '2022-10-05 03:22:35', '2022-10-05 03:22:35'),
(278, 1, '標津町地域包括支援センター', '標津町', '標津町', '086', '1631', '標津町北1条西5丁目6番1-2号', '0153', '82', '1588', '0153-82-1530', '', '43.76281006321748', '142.35817790725756', '', 1, 999, 34, 6, 179, 2, 1, '2022-10-05 03:22:35', '2022-10-05 03:22:35'),
(279, 1, '社会医療法人孝仁会 羅臼町地域包括支援センター', '羅臼町', '羅臼町', '086', '1823', '羅臼町栄町100番地83', '0153', '87', '5880', '0153-87-2800', '', '43.76281006321748', '142.35817790725756', '', 1, 65, 34, 6, 180, 2, 1, '2022-10-05 03:22:35', '2022-10-05 03:22:35'),
(280, 1, '地域包括支援センター愛仁園（西）', '帯広市西帯広･開西', '帯広市<br>西帯広･開西', '080', '2474', '帯広市西24条南1丁目33-17', '0155', '61', '1616', '', '', '43.76281006321748', '142.35817790725756', '', 1, 101, 35, 6, 8, 2, 1, '2022-10-05 03:22:35', '2022-10-05 03:22:35'),
(281, 1, '地域包括支援センター帯広市社会福祉協議会（北）', '帯広市川北', '帯広市川北', '080', '0044', '帯広市西14条北1丁目1番地18アディ14 A-1', '0155', '66', '4535', '', '', '43.76281006321748', '142.35817790725756', '', 1, 103, 35, 6, 8, 2, 1, '2022-10-05 03:22:35', '2022-10-05 03:22:35'),
(282, 1, '地域包括支援センター帯広至心寮（東）', '帯広市東', '帯広市東', '080', '0813', '帯広市東13条南6丁目1-23', '0155', '66', '4613', '', '', '43.76281006321748', '142.35817790725756', '', 1, 107, 35, 6, 8, 2, 1, '2022-10-05 03:22:35', '2022-10-05 03:22:35'),
(283, 1, '地域包括支援センター帯広けいせい苑（南）', '帯広市南', '帯広市南', '080', '0015', '帯広市西5条南37丁目1-7', '0155', '67', '8437', '', '', '43.76281006321748', '142.35817790725756', '', 1, 105, 35, 6, 8, 2, 1, '2022-10-05 03:22:35', '2022-10-05 03:22:35');

-- --------------------------------------------------------

--
-- テーブルの構造 `area_labels`
--

CREATE TABLE `area_labels` (
  `id` int(10) UNSIGNED NOT NULL,
  `display` tinyint(1) NOT NULL DEFAULT 0 COMMENT '表示',
  `name` varchar(255) COLLATE utf8mb4_bin NOT NULL COMMENT '名前',
  `label` varchar(255) COLLATE utf8mb4_bin NOT NULL COMMENT '表示名',
  `book_label` varchar(255) COLLATE utf8mb4_bin NOT NULL COMMENT '冊子での表示名',
  `serial` varchar(255) COLLATE utf8mb4_bin NOT NULL COMMENT 'シリアル名',
  `reorder` int(10) UNSIGNED NOT NULL DEFAULT 1 COMMENT '並び順',
  `book_reorder` int(10) UNSIGNED NOT NULL DEFAULT 1 COMMENT '冊子での並び順',
  `user_id` int(10) UNSIGNED NOT NULL DEFAULT 1 COMMENT 'ユーザーID',
  `created_at` timestamp NOT NULL DEFAULT current_timestamp(),
  `updated_at` timestamp NOT NULL DEFAULT current_timestamp()
) ENGINE=InnoDB DEFAULT CHARSET=utf8mb4 COLLATE=utf8mb4_bin;

--
-- テーブルのデータのダンプ `area_labels`
--

INSERT INTO `area_labels` (`id`, `display`, `name`, `label`, `book_label`, `serial`, `reorder`, `book_reorder`, `user_id`, `created_at`, `updated_at`) VALUES
(1, 1, '指定なし', '', '', 'empty', 1, 1, 1, '2022-10-05 03:22:33', '2022-10-05 03:22:33'),
(2, 1, '中央', '中央', '中央', 'dohoku_chuo', 1, 1, 1, '2022-10-05 03:22:33', '2022-10-05 03:22:33'),
(3, 1, '豊岡', '豊岡', '豊岡', 'dohoku_toyooka', 2, 2, 1, '2022-10-05 03:22:33', '2022-10-05 03:22:33'),
(4, 1, '東旭川・千代田', '東旭川・千代田', '東旭川・千代田', 'dohoku_higashiasahikawa_chiyoda', 3, 3, 1, '2022-10-05 03:22:33', '2022-10-05 03:22:33'),
(5, 1, '東光', '東光', '東光', 'dohoku_toko', 4, 4, 1, '2022-10-05 03:22:33', '2022-10-05 03:22:33'),
(6, 1, '新旭川・永山南', '新旭川・永山南', '新旭川・永山南', 'dohoku_shinasahikawa_nagayamaminami', 5, 5, 1, '2022-10-05 03:22:33', '2022-10-05 03:22:33'),
(7, 1, '永山', '永山', '永山', 'dohoku_nagayama', 6, 6, 1, '2022-10-05 03:22:33', '2022-10-05 03:22:33'),
(8, 1, '末広・東鷹栖', '末広・東鷹栖', '末広・東鷹栖', 'dohoku_suehiro_higashitakasu', 7, 7, 1, '2022-10-05 03:22:33', '2022-10-05 03:22:33'),
(9, 1, '春光・春光台', '春光・春光台', '春光・春光台', 'dohoku_shunko_shunkodai', 9, 1, 1, '2022-10-05 03:22:33', '2022-10-05 03:22:33'),
(10, 1, '北星・旭星', '北星・旭星', '北星・旭星', 'dohoku_hokusei_kyokusei', 10, 9, 1, '2022-10-05 03:22:33', '2022-10-05 03:22:33'),
(11, 1, '神居・江丹別', '神居・江丹別', '神居・江丹別', 'dohoku_kamui_etanbetsu', 11, 10, 1, '2022-10-05 03:22:33', '2022-10-05 03:22:33'),
(12, 1, '神楽・西神楽', '神楽・西神楽', '神楽・西神楽', 'dohoku_kagura_nishikagura', 12, 11, 1, '2022-10-05 03:22:33', '2022-10-05 03:22:33'),
(13, 1, '道北エリア', '道北エリア', '道北エリア', 'dohoku_dohoku_area', 13, 12, 1, '2022-10-05 03:22:33', '2022-10-05 03:22:33'),
(14, 1, '中央区', '中央区', '中央区', 'douo_chuo_district', 14, 1, 1, '2022-10-05 03:22:33', '2022-10-05 03:22:33'),
(15, 1, '北区', '北区', '北区', 'kita_district', 15, 2, 1, '2022-10-05 03:22:33', '2022-10-05 03:22:33'),
(16, 1, '東区', '東区', '東区', 'douo_higashi_district', 16, 3, 1, '2022-10-05 03:22:33', '2022-10-05 03:22:33'),
(17, 1, '白石区', '白石区', '白石区', 'douo_shiroishi_district', 17, 4, 1, '2022-10-05 03:22:33', '2022-10-05 03:22:33'),
(18, 1, '厚別区', '厚別区', '厚別区', 'douo_atsubetsu_district', 18, 5, 1, '2022-10-05 03:22:33', '2022-10-05 03:22:33'),
(19, 1, '豊平区', '豊平区', '豊平区', 'douo_toyohira_district', 19, 6, 1, '2022-10-05 03:22:33', '2022-10-05 03:22:33'),
(20, 1, '清田区', '清田区', '清田区', 'douo_kiyota_district', 20, 7, 1, '2022-10-05 03:22:33', '2022-10-05 03:22:33'),
(21, 1, '南区', '南区', '南区', 'douo_minami_district', 21, 8, 1, '2022-10-05 03:22:33', '2022-10-05 03:22:33'),
(22, 1, '西区', '西区', '西区', 'douo_nishi_district', 22, 9, 1, '2022-10-05 03:22:33', '2022-10-05 03:22:33'),
(23, 1, '手稲区', '手稲区', '手稲区', 'douo_teine_district', 23, 10, 1, '2022-10-05 03:22:33', '2022-10-05 03:22:33'),
(24, 1, '道央エリア', '道央エリア', '道央エリア', 'douo_douo_area', 24, 11, 1, '2022-10-05 03:22:33', '2022-10-05 03:22:33'),
(25, 1, 'オホーツクエリア', 'オホーツクエリア', 'オホーツクエリア', 'doto_ohotsuku_area', 25, 1, 1, '2022-10-05 03:22:33', '2022-10-05 03:22:33'),
(26, 1, '根室・釧路エリア', '根室・釧路エリア', '根室・釧路エリア', 'doto_nemuro_kushiro_area', 26, 2, 1, '2022-10-05 03:22:33', '2022-10-05 03:22:33'),
(27, 1, '十勝・日高エリア', '十勝・日高エリア', '十勝・日高エリア', 'doto_tokachi_hidaka_area', 27, 3, 1, '2022-10-05 03:22:33', '2022-10-05 03:22:33'),
(28, 1, '胆振エリア', '胆振エリア', '胆振エリア', 'donan_iburi_area', 27, 1, 1, '2022-10-05 03:22:33', '2022-10-05 03:22:33'),
(29, 1, '後志エリア', '後志エリア', '後志エリア', 'donan_shiribeshi_area', 29, 2, 1, '2022-10-05 03:22:33', '2022-10-05 03:22:33'),
(30, 1, '檜山・渡島エリア', '檜山・渡島エリア', '檜山・渡島エリア', 'donan_oshima_hiyama_area', 30, 3, 1, '2022-10-05 03:22:33', '2022-10-05 03:22:33');

-- --------------------------------------------------------

--
-- テーブルの構造 `area_sections`
--

CREATE TABLE `area_sections` (
  `id` int(10) UNSIGNED NOT NULL,
  `display` tinyint(1) NOT NULL DEFAULT 0 COMMENT '表示',
  `name` varchar(255) COLLATE utf8mb4_bin NOT NULL COMMENT 'セクション名',
  `book_label` varchar(255) COLLATE utf8mb4_bin NOT NULL COMMENT '冊子用セクション名',
  `reorder` int(10) UNSIGNED NOT NULL DEFAULT 1 COMMENT '並び順',
  `book_reorder` int(10) UNSIGNED NOT NULL DEFAULT 1 COMMENT '冊子での並び順',
  `book_id` int(10) UNSIGNED NOT NULL DEFAULT 1 COMMENT '親ID',
  `user_id` int(10) UNSIGNED NOT NULL DEFAULT 1 COMMENT 'ユーザーID',
  `created_at` timestamp NOT NULL DEFAULT current_timestamp(),
  `updated_at` timestamp NOT NULL DEFAULT current_timestamp()
) ENGINE=InnoDB DEFAULT CHARSET=utf8mb4 COLLATE=utf8mb4_bin;

--
-- テーブルのデータのダンプ `area_sections`
--

INSERT INTO `area_sections` (`id`, `display`, `name`, `book_label`, `reorder`, `book_reorder`, `book_id`, `user_id`, `created_at`, `updated_at`) VALUES
(1, 0, '指定なし', '', 1, 1, 1, 1, '2022-10-05 03:22:33', '2022-10-05 03:22:33'),
(2, 1, '旭川市内エリア', '旭川市内エリア', 2, 1, 3, 1, '2022-10-05 03:22:33', '2022-10-05 03:22:33'),
(3, 1, '道北エリア', '旭川市外道北エリア', 3, 2, 3, 1, '2022-10-05 03:22:33', '2022-10-05 03:22:33'),
(4, 1, '札幌市エリア', '札幌市エリア', 4, 1, 4, 1, '2022-10-05 03:22:33', '2022-10-05 03:22:33'),
(5, 1, '道央エリア', '道央エリア', 5, 2, 4, 1, '2022-10-05 03:22:33', '2022-10-05 03:22:33'),
(6, 1, '道東エリア', '道東エリア', 6, 1, 6, 1, '2022-10-05 03:22:33', '2022-10-05 03:22:33'),
(7, 1, '道南エリア', '道南エリア', 7, 1, 7, 1, '2022-10-05 03:22:33', '2022-10-05 03:22:33');

-- --------------------------------------------------------

--
-- テーブルの構造 `authenticates`
--

CREATE TABLE `authenticates` (
  `id` int(10) UNSIGNED NOT NULL,
  `auth_date` date NOT NULL COMMENT '認証日',
  `is_enabled` tinyint(1) NOT NULL DEFAULT 0 COMMENT '有効',
  `user_id` int(10) UNSIGNED NOT NULL DEFAULT 1 COMMENT 'ユーザーID',
  `created_at` timestamp NOT NULL DEFAULT current_timestamp(),
  `updated_at` timestamp NOT NULL DEFAULT current_timestamp()
) ENGINE=InnoDB DEFAULT CHARSET=utf8mb4 COLLATE=utf8mb4_bin;

-- --------------------------------------------------------

--
-- テーブルの構造 `books`
--

CREATE TABLE `books` (
  `id` int(10) UNSIGNED NOT NULL,
  `display` tinyint(1) NOT NULL DEFAULT 0 COMMENT '表示',
  `name` varchar(255) COLLATE utf8mb4_bin NOT NULL COMMENT '名前',
  `serial` varchar(255) COLLATE utf8mb4_bin NOT NULL COMMENT 'シリアル',
  `sellout` date NOT NULL COMMENT '発売日',
  `reorder` int(10) UNSIGNED NOT NULL DEFAULT 1 COMMENT '並び順',
  `user_id` int(10) UNSIGNED NOT NULL DEFAULT 1 COMMENT 'ユーザーID',
  `created_at` timestamp NOT NULL DEFAULT current_timestamp(),
  `updated_at` timestamp NOT NULL DEFAULT current_timestamp()
) ENGINE=InnoDB DEFAULT CHARSET=utf8mb4 COLLATE=utf8mb4_bin;

--
-- テーブルのデータのダンプ `books`
--

INSERT INTO `books` (`id`, `display`, `name`, `serial`, `sellout`, `reorder`, `user_id`, `created_at`, `updated_at`) VALUES
(1, 0, '指定なし', 'empty', '2017-01-01', 1, 1, '2022-10-05 03:22:33', '2022-10-05 03:22:33'),
(2, 1, 'すむところ2017 旭川版', 'asahikawa2017', '2017-06-29', 2, 1, '2022-10-05 03:22:33', '2022-10-05 03:22:33'),
(3, 1, '旭川・道北エリア', 'dohoku', '2018-05-26', 3, 1, '2022-10-05 03:22:33', '2022-10-05 03:22:33'),
(4, 1, '札幌・道央エリア', 'douo', '2018-10-29', 4, 1, '2022-10-05 03:22:33', '2022-10-05 03:22:33'),
(5, 1, '永山包括', 'nagayama', '2019-07-06', 5, 1, '2022-10-05 03:22:33', '2022-10-05 03:22:33'),
(6, 1, '北見・釧路・帯広・道東エリア', 'doto', '2021-01-21', 6, 1, '2022-10-05 03:22:33', '2022-10-05 03:22:33'),
(7, 1, '函館・苫小牧・小樽・道南版', 'donan', '2021-01-21', 7, 1, '2022-10-05 03:22:33', '2022-10-05 03:22:33');

-- --------------------------------------------------------

--
-- テーブルの構造 `book_spot`
--

CREATE TABLE `book_spot` (
  `id` int(10) UNSIGNED NOT NULL,
  `book_id` int(10) UNSIGNED NOT NULL,
  `spot_id` int(10) UNSIGNED NOT NULL,
  `created_at` timestamp NOT NULL DEFAULT current_timestamp(),
  `updated_at` timestamp NOT NULL DEFAULT current_timestamp()
) ENGINE=InnoDB DEFAULT CHARSET=utf8mb4 COLLATE=utf8mb4_bin;

-- --------------------------------------------------------

--
-- テーブルの構造 `categories`
--

CREATE TABLE `categories` (
  `id` int(10) UNSIGNED NOT NULL,
  `display` tinyint(1) NOT NULL DEFAULT 0 COMMENT '表示',
  `public` tinyint(1) NOT NULL DEFAULT 0 COMMENT '一般画面で公開',
  `name` varchar(255) COLLATE utf8mb4_bin NOT NULL COMMENT '名前',
  `book_label` varchar(50) COLLATE utf8mb4_bin NOT NULL COMMENT '冊子の表示用に使う',
  `serial` varchar(255) COLLATE utf8mb4_bin NOT NULL COMMENT 'シリアル',
  `reorder` int(10) UNSIGNED NOT NULL DEFAULT 1 COMMENT '並び順',
  `book_reorder` int(10) UNSIGNED NOT NULL DEFAULT 1 COMMENT '冊子での並び順',
  `user_id` int(10) UNSIGNED NOT NULL DEFAULT 1 COMMENT 'ユーザーID',
  `created_at` timestamp NOT NULL DEFAULT current_timestamp(),
  `updated_at` timestamp NOT NULL DEFAULT current_timestamp()
) ENGINE=InnoDB DEFAULT CHARSET=utf8mb4 COLLATE=utf8mb4_bin;

--
-- テーブルのデータのダンプ `categories`
--

INSERT INTO `categories` (`id`, `display`, `public`, `name`, `book_label`, `serial`, `reorder`, `book_reorder`, `user_id`, `created_at`, `updated_at`) VALUES
(1, 1, 1, 'その他', 'その他', 'other', 999, 10, 1, '2022-10-05 03:22:33', '2022-10-05 03:22:33'),
(2, 1, 1, '介護付き有料老人ホーム', '介護付<br>有料', 'k_yuro', 5, 5, 1, '2022-10-05 03:22:33', '2022-10-05 03:22:33'),
(3, 1, 1, '住宅型有料老人ホーム', '住宅型<br>有料', 'j_yuro', 6, 6, 1, '2022-10-05 03:22:33', '2022-10-05 03:22:33'),
(4, 1, 1, '未届け', '未届け', 'm_yuro', 800, 800, 1, '2022-10-05 03:22:33', '2022-10-05 03:22:33'),
(5, 1, 1, '健康型有料老人ホーム', '健康型<br>有料', 'kenko_yuro', 9, 8, 1, '2022-10-05 03:22:33', '2022-10-05 03:22:33'),
(6, 1, 1, 'サービス付き高齢者住宅', 'サ高住', 'sakoju', 7, 7, 1, '2022-10-05 03:22:33', '2022-10-05 03:22:33'),
(7, 1, 1, 'グループホーム', 'グループ<br>ホーム', 'grouphome', 4, 4, 1, '2022-10-05 03:22:33', '2022-10-05 03:22:33'),
(8, 1, 1, 'ケアハウス（軽費老人ホーム）', 'ケアハウス', 'carehouse', 3, 3, 1, '2022-10-05 03:22:33', '2022-10-05 03:22:33'),
(9, 1, 1, 'シニア向け分譲・賃貸マンション、アパート', 'アパ・マン', 'apartment', 50, 1, 1, '2022-10-05 03:22:33', '2022-10-05 03:22:33'),
(10, 1, 1, '特別養護老人ホーム', '特養', 'tokuyo', 1, 1, 1, '2022-10-05 03:22:33', '2022-10-05 03:22:33'),
(11, 1, 1, '介護老人保健施設', '老健', 'rouken', 2, 2, 1, '2022-10-05 03:22:33', '2022-10-05 03:22:33'),
(12, 1, 1, '養護老人ホーム', '養護', 'yougo', 10, 9, 1, '2022-10-05 03:22:33', '2022-10-05 03:22:33'),
(13, 1, 0, '訪問介護や訪問入浴', '訪問', 'deyservice', 112, 1, 1, '2022-10-05 03:22:33', '2022-10-05 03:22:33'),
(14, 1, 0, '訪問リハビリ', '', 'visited_rehabilitation', 113, 1, 1, '2022-10-05 03:22:33', '2022-10-05 03:22:33'),
(15, 1, 0, 'デイサービス（通所介護）', 'デイサービス', 'visited_care', 114, 1, 1, '2022-10-05 03:22:33', '2022-10-05 03:22:33'),
(16, 1, 0, 'デイケア（通所リハビリ）', 'デイケア', 'daycare', 115, 1, 1, '2022-10-05 03:22:33', '2022-10-05 03:22:33'),
(17, 1, 1, 'ショートステイ（短期入所生活介護、短期入所療養介護）', 'ショート', 'shortstay', 116, 1, 1, '2022-10-05 03:22:33', '2022-10-05 03:22:33'),
(18, 1, 0, '福祉用具貸与', '福祉用具', 'lentall', 117, 1, 1, '2022-10-05 03:22:33', '2022-10-05 03:22:33'),
(19, 1, 0, 'ケアマネージャー（居宅介護福祉支援事業）', 'ケアマネ', 'caremanager', 118, 1, 1, '2022-10-05 03:22:33', '2022-10-05 03:22:33'),
(20, 1, 0, '小規模多機能型居宅介護', '小多機', 'smallscale', 119, 1, 1, '2022-10-05 03:22:33', '2022-10-05 03:22:33'),
(21, 1, 0, '障がい（就労継続支援）', '障がい', 'disability', 120, 1, 1, '2022-10-05 03:22:33', '2022-10-05 03:22:33'),
(22, 1, 0, '障がい（障害児通所支援・旧児童デイサービス等）', '障がい(児童)', 'disability_spot', 121, 1, 1, '2022-10-05 03:22:33', '2022-10-05 03:22:33');

-- --------------------------------------------------------

--
-- テーブルの構造 `cities`
--

CREATE TABLE `cities` (
  `id` int(10) UNSIGNED NOT NULL,
  `display` tinyint(1) NOT NULL DEFAULT 0 COMMENT '表示',
  `public` tinyint(1) NOT NULL DEFAULT 0 COMMENT '一般画面で公開',
  `name` varchar(255) COLLATE utf8mb4_bin NOT NULL COMMENT '名前',
  `label` varchar(255) COLLATE utf8mb4_bin NOT NULL COMMENT '表示名',
  `code` varchar(5) COLLATE utf8mb4_bin NOT NULL COMMENT '市町村コード',
  `serial` varchar(255) COLLATE utf8mb4_bin NOT NULL COMMENT 'シリアル',
  `reorder` int(10) UNSIGNED NOT NULL DEFAULT 1 COMMENT '並び順',
  `book_reorder` int(10) UNSIGNED NOT NULL DEFAULT 1 COMMENT '冊子での並び順',
  `area_branch_id` int(10) UNSIGNED NOT NULL DEFAULT 1 COMMENT '振興局ID',
  `user_id` int(10) UNSIGNED NOT NULL DEFAULT 1 COMMENT 'ユーザーID',
  `created_at` timestamp NOT NULL DEFAULT current_timestamp(),
  `updated_at` timestamp NOT NULL DEFAULT current_timestamp()
) ENGINE=InnoDB DEFAULT CHARSET=utf8mb4 COLLATE=utf8mb4_bin;

--
-- テーブルのデータのダンプ `cities`
--

INSERT INTO `cities` (`id`, `display`, `public`, `name`, `label`, `code`, `serial`, `reorder`, `book_reorder`, `area_branch_id`, `user_id`, `created_at`, `updated_at`) VALUES
(1, 0, 0, '指定なし', '', '000', 'empty', 1, 1, 1, 1, '2022-10-05 03:22:32', '2022-10-05 03:22:32'),
(2, 1, 1, '札幌市', '札幌市', '101', 'sapporo', 2, 1, 2, 1, '2022-10-05 03:22:32', '2022-10-05 03:22:32'),
(3, 1, 1, '函館市', '函館市', '202', 'hakodate', 3, 60, 3, 1, '2022-10-05 03:22:32', '2022-10-05 03:22:32'),
(4, 1, 1, '小樽市', '小樽市', '203', 'otaru', 4, 30, 5, 1, '2022-10-05 03:22:32', '2022-10-05 03:22:32'),
(5, 1, 1, '旭川市', '旭川市', '204', 'asahikawa', 5, 1, 7, 1, '2022-10-05 03:22:32', '2022-10-05 03:22:32'),
(6, 1, 1, '室蘭市', '室蘭市', '205', 'muroran', 6, 2, 11, 1, '2022-10-05 03:22:32', '2022-10-05 03:22:32'),
(7, 1, 1, '釧路市', '釧路市', '206', 'kushiro', 7, 21, 1, 1, '2022-10-05 03:22:32', '2022-10-05 03:22:32'),
(8, 1, 1, '帯広市', '帯広市', '207', 'obihiro', 8, 30, 13, 1, '2022-10-05 03:22:32', '2022-10-05 03:22:32'),
(9, 1, 1, '北見市', '北見市', '208', 'kitami', 9, 1, 10, 1, '2022-10-05 03:22:32', '2022-10-05 03:22:32'),
(10, 1, 1, '夕張市', '夕張市', '209', 'yubari', 10, 11, 7, 1, '2022-10-05 03:22:32', '2022-10-05 03:22:32'),
(11, 1, 1, '岩見沢市', '岩見沢市', '210', 'iwamizawa', 11, 8, 7, 1, '2022-10-05 03:22:32', '2022-10-05 03:22:32'),
(12, 1, 1, '網走市', '網走市', '211', 'abashiri', 12, 2, 10, 1, '2022-10-05 03:22:32', '2022-10-05 03:22:32'),
(13, 1, 1, '留萌市', '留萌市', '212', 'rumoi', 13, 16, 8, 1, '2022-10-05 03:22:32', '2022-10-05 03:22:32'),
(14, 1, 1, '苫小牧市', '苫小牧市', '213', 'tomakomai', 14, 1, 11, 1, '2022-10-05 03:22:32', '2022-10-05 03:22:32'),
(15, 1, 1, '稚内市', '稚内市', '214', 'wakkanai', 1, 2, 9, 1, '2022-10-05 03:22:32', '2022-10-05 03:22:32'),
(16, 1, 1, '美唄市', '美唄市', '215', 'bibai', 16, 16, 7, 1, '2022-10-05 03:22:32', '2022-10-05 03:22:32'),
(17, 1, 1, '芦別市', '芦別市', '216', 'ashibetsu', 17, 1, 7, 1, '2022-10-05 03:22:32', '2022-10-05 03:22:32'),
(18, 1, 1, '江別市', '江別市', '217', 'ebetsu', 18, 2, 2, 1, '2022-10-05 03:22:32', '2022-10-05 03:22:32'),
(19, 1, 1, '赤平市', '赤平市', '218', 'akabira', 19, 19, 7, 1, '2022-10-05 03:22:32', '2022-10-05 03:22:32'),
(20, 1, 1, '紋別市', '紋別市', '219', 'monbetsu', 20, 3, 10, 1, '2022-10-05 03:22:32', '2022-10-05 03:22:32'),
(21, 1, 1, '士別市', '士別市', '220', 'shibetsu', 21, 10, 7, 1, '2022-10-05 03:22:32', '2022-10-05 03:22:32'),
(22, 1, 1, '名寄市', '名寄市', '221', 'nayoro', 22, 9, 7, 1, '2022-10-05 03:22:32', '2022-10-05 03:22:32'),
(23, 1, 1, '三笠市', '三笠市', '222', 'mikasa', 23, 15, 7, 1, '2022-10-05 03:22:32', '2022-10-05 03:22:32'),
(24, 1, 1, '根室市', '根室市', '223', 'nemuro', 24, 22, 15, 1, '2022-10-05 03:22:32', '2022-10-05 03:22:32'),
(25, 1, 1, '千歳市', '千歳市', '224', 'chitose', 25, 3, 2, 1, '2022-10-05 03:22:32', '2022-10-05 03:22:32'),
(26, 1, 1, '滝川市', '滝川市', '225', 'takikawa', 26, 20, 7, 1, '2022-10-05 03:22:32', '2022-10-05 03:22:32'),
(27, 1, 1, '砂川市', '砂川市', '226', 'sunagawa', 27, 17, 7, 1, '2022-10-05 03:22:32', '2022-10-05 03:22:32'),
(28, 1, 1, '歌志内市', '歌志内市', '227', 'utashinai', 28, 1, 7, 1, '2022-10-05 03:22:32', '2022-10-05 03:22:32'),
(29, 1, 1, '深川市', '深川市', '228', 'fukagawa', 29, 24, 7, 1, '2022-10-05 03:22:32', '2022-10-05 03:22:32'),
(30, 1, 1, '富良野市', '富良野市', '229', 'furano', 30, 25, 7, 1, '2022-10-05 03:22:32', '2022-10-05 03:22:32'),
(31, 1, 1, '登別市', '登別市', '230', 'noboribetsu', 31, 3, 11, 1, '2022-10-05 03:22:32', '2022-10-05 03:22:32'),
(32, 1, 1, '恵庭市', '恵庭市', '231', 'eniwa', 32, 4, 2, 1, '2022-10-05 03:22:32', '2022-10-05 03:22:32'),
(33, 1, 1, '伊達市', '伊達市', '233', 'date', 33, 4, 11, 1, '2022-10-05 03:22:32', '2022-10-05 03:22:32'),
(34, 1, 1, '北広島市', '北広島市', '234', 'kitahiroshima', 34, 5, 2, 1, '2022-10-05 03:22:32', '2022-10-05 03:22:32'),
(35, 1, 1, '石狩市', '石狩市', '235', 'ishikari', 35, 6, 2, 1, '2022-10-05 03:22:32', '2022-10-05 03:22:32'),
(36, 1, 1, '北斗市', '北斗市', '236', 'hokuto', 36, 61, 3, 1, '2022-10-05 03:22:32', '2022-10-05 03:22:32'),
(37, 1, 1, '石狩郡当別町', '当別町', '303', 'toubetsu', 37, 7, 2, 1, '2022-10-05 03:22:32', '2022-10-05 03:22:32'),
(38, 1, 1, '石狩郡新篠津村', '新篠津村', '304', 'shinshinotsu', 38, 1, 2, 1, '2022-10-05 03:22:32', '2022-10-05 03:22:32'),
(39, 1, 1, '松前郡松前町', '松前町', '331', 'matsumae', 39, 64, 3, 1, '2022-10-05 03:22:32', '2022-10-05 03:22:32'),
(40, 1, 1, '松前郡福島町', '福島町', '332', 'fukushima', 40, 1, 3, 1, '2022-10-05 03:22:32', '2022-10-05 03:22:32'),
(41, 1, 1, '上磯郡知内町', '知内町', '333', 'shiruuchi', 41, 1, 3, 1, '2022-10-05 03:22:32', '2022-10-05 03:22:32'),
(42, 1, 1, '上磯郡木古内町', '木古内町', '334', 'kikonai', 42, 1, 3, 1, '2022-10-05 03:22:32', '2022-10-05 03:22:32'),
(43, 1, 1, '亀田郡七飯町', '七飯町', '337', 'nanae', 43, 62, 3, 1, '2022-10-05 03:22:32', '2022-10-05 03:22:32'),
(44, 1, 1, '茅部郡鹿部町', '鹿部町', '343', 'shikabe', 44, 1, 3, 1, '2022-10-05 03:22:32', '2022-10-05 03:22:32'),
(45, 1, 1, '茅部郡森町', '森町', '345', 'mori', 45, 63, 3, 1, '2022-10-05 03:22:32', '2022-10-05 03:22:32'),
(46, 1, 1, '二海郡八雲町', '八雲町', '346', 'yakumo', 46, 1, 3, 1, '2022-10-05 03:22:32', '2022-10-05 03:22:32'),
(47, 1, 1, '山越郡長万部町', '長万部町', '347', 'osyamanbe', 47, 1, 3, 1, '2022-10-05 03:22:32', '2022-10-05 03:22:32'),
(48, 1, 1, '檜山郡江差町', '江差町', '361', 'esashi_h', 48, 65, 4, 1, '2022-10-05 03:22:32', '2022-10-05 03:22:32'),
(49, 1, 1, '檜山郡上ノ国町', '上ノ国町', '362', 'kaminokuni', 49, 1, 4, 1, '2022-10-05 03:22:32', '2022-10-05 03:22:32'),
(50, 1, 1, '檜山郡厚沢部町', '厚沢部町', '363', 'assabu', 50, 1, 4, 1, '2022-10-05 03:22:32', '2022-10-05 03:22:32'),
(51, 1, 1, '爾志郡乙部町', '乙部町', '364', 'otobe', 51, 1, 4, 1, '2022-10-05 03:22:32', '2022-10-05 03:22:32'),
(52, 1, 1, '奥尻郡奥尻町', '奥尻町', '367', 'okushiri', 52, 1, 4, 1, '2022-10-05 03:22:32', '2022-10-05 03:22:32'),
(53, 1, 1, '瀬棚郡今金町', '今金町', '370', 'imagane', 53, 1, 4, 1, '2022-10-05 03:22:32', '2022-10-05 03:22:32'),
(54, 1, 1, '久遠郡せたな町', 'せたな町', '371', 'setana', 54, 1, 4, 1, '2022-10-05 03:22:32', '2022-10-05 03:22:32'),
(55, 1, 1, '島牧郡島牧村', '島牧村', '391', 'shimamaki', 55, 1, 5, 1, '2022-10-05 03:22:32', '2022-10-05 03:22:32'),
(56, 1, 1, '寿都郡寿都町', '寿都町', '392', 'suttsu', 56, 45, 5, 1, '2022-10-05 03:22:32', '2022-10-05 03:22:32'),
(57, 1, 1, '寿都郡黒松内町', '黒松内町', '393', 'kuromatsunai', 57, 1, 5, 1, '2022-10-05 03:22:32', '2022-10-05 03:22:32'),
(58, 1, 1, '磯谷郡蘭越町', '蘭越町', '394', 'rankoshi', 58, 1, 5, 1, '2022-10-05 03:22:32', '2022-10-05 03:22:32'),
(59, 1, 1, '虻田郡ニセコ町', 'ニセコ町', '395', 'niseko', 59, 46, 5, 1, '2022-10-05 03:22:32', '2022-10-05 03:22:32'),
(60, 1, 1, '虻田郡真狩村', '真狩村', '396', 'makkari', 60, 1, 5, 1, '2022-10-05 03:22:32', '2022-10-05 03:22:32'),
(61, 1, 1, '虻田郡留寿都村', '留寿都村', '397', 'rusutsu', 61, 47, 5, 1, '2022-10-05 03:22:32', '2022-10-05 03:22:32'),
(62, 1, 1, '虻田郡喜茂別町', '喜茂別町', '398', 'kimobetsu', 62, 48, 5, 1, '2022-10-05 03:22:32', '2022-10-05 03:22:32'),
(63, 1, 1, '虻田郡京極町', '京極町', '399', 'kyougoku', 63, 1, 5, 1, '2022-10-05 03:22:32', '2022-10-05 03:22:32'),
(64, 1, 1, '虻田郡倶知安町', '倶知安町', '400', 'kuchan', 64, 1, 5, 1, '2022-10-05 03:22:32', '2022-10-05 03:22:32'),
(65, 1, 1, '岩内郡共和町', '共和町', '401', 'kyouwa', 65, 43, 5, 1, '2022-10-05 03:22:32', '2022-10-05 03:22:32'),
(66, 1, 1, '岩内郡岩内町', '岩内町', '402', 'iwanai', 66, 44, 5, 1, '2022-10-05 03:22:32', '2022-10-05 03:22:32'),
(67, 1, 1, '古宇郡泊村', '泊村', '403', 'tomarii', 67, 1, 5, 1, '2022-10-05 03:22:32', '2022-10-05 03:22:32'),
(68, 1, 1, '古宇郡神恵内村', '神恵内村', '404', 'kamoenai', 68, 1, 5, 1, '2022-10-05 03:22:32', '2022-10-05 03:22:32'),
(69, 1, 1, '積丹郡積丹町', '積丹町', '405', 'syakotan', 69, 42, 5, 1, '2022-10-05 03:22:32', '2022-10-05 03:22:32'),
(70, 1, 1, '古平郡古平町', '古平町', '406', 'hurubira', 70, 1, 5, 1, '2022-10-05 03:22:32', '2022-10-05 03:22:32'),
(71, 1, 1, '余市郡仁木町', '仁木町', '407', 'niki', 71, 1, 5, 1, '2022-10-05 03:22:32', '2022-10-05 03:22:32'),
(72, 1, 1, '余市郡余市町', '余市町', '408', 'yoichi', 72, 31, 5, 1, '2022-10-05 03:22:32', '2022-10-05 03:22:32'),
(73, 1, 1, '余市郡赤井川村', '赤井川村', '409', 'akaigawa', 73, 1, 5, 1, '2022-10-05 03:22:32', '2022-10-05 03:22:32'),
(74, 1, 1, '空知郡南幌町', '南幌町', '423', 'nanporo', 74, 9, 7, 1, '2022-10-05 03:22:32', '2022-10-05 03:22:32'),
(75, 1, 1, '空知郡奈井江町', '奈井江町', '424', 'naie', 75, 10, 7, 1, '2022-10-05 03:22:32', '2022-10-05 03:22:32'),
(76, 1, 1, '空知郡上砂川町', '空知郡上砂川町', '425', 'kamisunagawa', 76, 18, 7, 1, '2022-10-05 03:22:32', '2022-10-05 03:22:32'),
(77, 1, 1, '夕張郡由仁町', '由仁町', '427', 'yuni', 77, 12, 7, 1, '2022-10-05 03:22:32', '2022-10-05 03:22:32'),
(78, 1, 1, '夕張郡長沼町', '長沼町', '428', 'naganuma', 78, 14, 7, 1, '2022-10-05 03:22:32', '2022-10-05 03:22:32'),
(79, 1, 1, '夕張郡栗山町', '栗山町', '429', 'kuriyama', 79, 13, 7, 1, '2022-10-05 03:22:32', '2022-10-05 03:22:32'),
(80, 1, 1, '樺戸郡月形町', '月形町', '430', 'tsugitaka', 80, 1, 7, 1, '2022-10-05 03:22:32', '2022-10-05 03:22:32'),
(81, 1, 1, '樺戸郡浦臼町', '浦臼町', '431', 'urausu', 81, 1, 7, 1, '2022-10-05 03:22:32', '2022-10-05 03:22:32'),
(82, 1, 1, '樺戸郡新十津川町', '新十津川町', '432', 'shintotsugawa', 82, 1, 7, 1, '2022-10-05 03:22:32', '2022-10-05 03:22:32'),
(83, 1, 1, '雨竜郡妹背牛町', '妹背牛町', '433', 'moseushi', 83, 21, 7, 1, '2022-10-05 03:22:32', '2022-10-05 03:22:32'),
(84, 1, 1, '雨竜郡秩父別町', '秩父別町', '434', 'chippubetsu', 84, 23, 7, 1, '2022-10-05 03:22:32', '2022-10-05 03:22:32'),
(85, 1, 1, '雨竜郡雨竜町', '雨竜郡雨竜町', '436', 'uryu', 85, 22, 7, 1, '2022-10-05 03:22:32', '2022-10-05 03:22:32'),
(86, 1, 1, '雨竜郡沼田町', '雨竜郡沼田町', '438', 'numata', 86, 1, 7, 1, '2022-10-05 03:22:32', '2022-10-05 03:22:32'),
(87, 1, 1, '上川郡鷹栖町', '鷹栖町', '452', 'takasu', 87, 20, 7, 1, '2022-10-05 03:22:32', '2022-10-05 03:22:32'),
(88, 1, 1, '上川郡東神楽町', '東神楽町', '453', 'higashikagura', 88, 23, 7, 1, '2022-10-05 03:22:32', '2022-10-05 03:22:32'),
(89, 1, 1, '上川郡当麻町', '当麻町', '454', 'touma', 89, 21, 7, 1, '2022-10-05 03:22:32', '2022-10-05 03:22:32'),
(90, 1, 1, '上川郡比布町', '比布町', '455', 'pippu', 90, 1, 7, 1, '2022-10-05 03:22:32', '2022-10-05 03:22:32'),
(91, 1, 1, '上川郡愛別町', '愛別町', '456', 'aibetsu', 91, 18, 7, 1, '2022-10-05 03:22:32', '2022-10-05 03:22:32'),
(92, 1, 1, '上川郡上川町', '上川町', '457', 'kamikawa', 92, 19, 7, 1, '2022-10-05 03:22:32', '2022-10-05 03:22:32'),
(93, 1, 1, '上川郡東川町', '東川町', '458', 'higashikawa', 93, 22, 7, 1, '2022-10-05 03:22:32', '2022-10-05 03:22:32'),
(94, 1, 1, '上川郡美瑛町', '美瑛町', '459', 'biei', 94, 24, 7, 1, '2022-10-05 03:22:32', '2022-10-05 03:22:32'),
(95, 1, 1, '空知郡上富良野町', '上富良野町', '460', 'kamifurano', 95, 1, 7, 1, '2022-10-05 03:22:32', '2022-10-05 03:22:32'),
(96, 1, 1, '空知郡中富良野町', '中富良野町', '461', 'nakafurano', 96, 26, 7, 1, '2022-10-05 03:22:32', '2022-10-05 03:22:32'),
(97, 1, 1, '空知郡南富良野町', '南富良野町', '462', 'minamifurano', 97, 27, 7, 1, '2022-10-05 03:22:32', '2022-10-05 03:22:32'),
(98, 1, 1, '勇払郡占冠村', '占冠村', '463', 'shimukappu', 98, 1, 7, 1, '2022-10-05 03:22:32', '2022-10-05 03:22:32'),
(99, 1, 1, '上川郡和寒町', '和寒町', '464', 'wassamu', 99, 12, 7, 1, '2022-10-05 03:22:32', '2022-10-05 03:22:32'),
(100, 1, 1, '上川郡剣淵町', '剣淵町', '465', 'kenbuchi', 100, 11, 7, 1, '2022-10-05 03:22:32', '2022-10-05 03:22:32'),
(101, 1, 1, '上川郡下川町', '下川町', '468', 'shimokawa', 101, 13, 7, 1, '2022-10-05 03:22:32', '2022-10-05 03:22:32'),
(102, 1, 1, '中川郡美深町', '美深町', '469', 'bifuka', 102, 6, 7, 1, '2022-10-05 03:22:32', '2022-10-05 03:22:32'),
(103, 1, 1, '中川郡音威子府村', '音威子府村', '470', 'otoineppu', 103, 1, 7, 1, '2022-10-05 03:22:32', '2022-10-05 03:22:32'),
(104, 1, 1, '中川郡中川町', '中川町', '471', 'nakagawa', 104, 1, 7, 1, '2022-10-05 03:22:32', '2022-10-05 03:22:32'),
(105, 1, 1, '雨竜郡幌加内町', '幌加内町', '472', 'horokanai', 105, 8, 7, 1, '2022-10-05 03:22:32', '2022-10-05 03:22:32'),
(106, 1, 1, '増毛郡増毛町', '増毛町', '481', 'mashike', 106, 17, 8, 1, '2022-10-05 03:22:32', '2022-10-05 03:22:32'),
(107, 1, 1, '留萌郡小平町', '小平町', '482', 'obira', 107, 14, 8, 1, '2022-10-05 03:22:32', '2022-10-05 03:22:32'),
(108, 1, 1, '苫前郡苫前町', '苫前町', '483', 'tomamae', 108, 1, 8, 1, '2022-10-05 03:22:32', '2022-10-05 03:22:32'),
(109, 1, 1, '苫前郡羽幌町', '羽幌町', '484', 'haboro', 109, 15, 8, 1, '2022-10-05 03:22:32', '2022-10-05 03:22:32'),
(110, 1, 1, '苫前郡初山別村', '初山別村', '485', 'syosanbetsu', 110, 2, 8, 1, '2022-10-05 03:22:32', '2022-10-05 03:22:32'),
(111, 1, 1, '天塩郡遠別町', '遠別町', '486', 'enbetsu', 111, 7, 8, 1, '2022-10-05 03:22:32', '2022-10-05 03:22:32'),
(112, 1, 1, '天塩郡天塩町', '天塩町', '487', 'teshio', 112, 1, 8, 1, '2022-10-05 03:22:32', '2022-10-05 03:22:32'),
(113, 1, 1, '宗谷郡猿払村', '猿払村', '511', 'sarufutsu', 113, 1, 9, 1, '2022-10-05 03:22:32', '2022-10-05 03:22:32'),
(114, 1, 1, '枝幸郡浜頓別町', '浜頓別町', '512', 'hamatonbetsu', 114, 3, 9, 1, '2022-10-05 03:22:32', '2022-10-05 03:22:32'),
(115, 1, 1, '枝幸郡中頓別町', '中頓別町', '513', 'nakatonbetsu', 115, 1, 9, 1, '2022-10-05 03:22:32', '2022-10-05 03:22:32'),
(116, 1, 1, '枝幸郡枝幸町', '枝幸町', '514', 'esashi_s', 116, 4, 9, 1, '2022-10-05 03:22:32', '2022-10-05 03:22:32'),
(117, 1, 1, '天塩郡豊富町', '豊富町', '516', 'toyotomi', 117, 1, 9, 1, '2022-10-05 03:22:32', '2022-10-05 03:22:32'),
(118, 1, 1, '礼文郡礼文町', '礼文町', '517', 'rebun', 118, 1, 9, 1, '2022-10-05 03:22:32', '2022-10-05 03:22:32'),
(119, 1, 1, '利尻郡利尻町', '利尻町', '518', 'rishiri', 119, 1, 9, 1, '2022-10-05 03:22:32', '2022-10-05 03:22:32'),
(120, 1, 1, '利尻郡利尻富士町', '利尻富士町', '519', 'rishirifuji', 120, 1, 9, 1, '2022-10-05 03:22:32', '2022-10-05 03:22:32'),
(121, 1, 1, '天塩郡幌延町', '幌延町', '520', 'horonobe', 121, 1, 9, 1, '2022-10-05 03:22:32', '2022-10-05 03:22:32'),
(122, 1, 1, '網走郡美幌町', '美幌町', '543', 'bihoro', 122, 6, 10, 1, '2022-10-05 03:22:32', '2022-10-05 03:22:32'),
(123, 1, 1, '網走郡津別町', '津別町', '544', 'tsubetsu', 123, 7, 10, 1, '2022-10-05 03:22:32', '2022-10-05 03:22:32'),
(124, 1, 1, '斜里郡斜里町', '斜里町', '545', 'syari', 124, 10, 10, 1, '2022-10-05 03:22:32', '2022-10-05 03:22:32'),
(125, 1, 1, '斜里郡清里町', '清里町', '546', 'kiyosato', 125, 11, 10, 1, '2022-10-05 03:22:32', '2022-10-05 03:22:32'),
(126, 1, 1, '斜里郡小清水町', '小清水町', '547', 'koshimizu', 126, 9, 10, 1, '2022-10-05 03:22:32', '2022-10-05 03:22:32'),
(127, 1, 1, '常呂郡訓子府町', '訓子府町', '549', 'kunneppu', 127, 1, 10, 1, '2022-10-05 03:22:32', '2022-10-05 03:22:32'),
(128, 1, 1, '常呂郡置戸町', '置戸町', '550', 'oketo', 128, 8, 10, 1, '2022-10-05 03:22:32', '2022-10-05 03:22:32'),
(129, 1, 1, '常呂郡佐呂間町', '佐呂間町', '552', 'saroma', 129, 1, 10, 1, '2022-10-05 03:22:32', '2022-10-05 03:22:32'),
(130, 1, 1, '紋別郡遠軽町', '遠軽町', '555', 'engaru', 130, 4, 10, 1, '2022-10-05 03:22:32', '2022-10-05 03:22:32'),
(131, 1, 1, '紋別郡湧別町', '湧別町', '559', 'yubetsu', 131, 5, 10, 1, '2022-10-05 03:22:32', '2022-10-05 03:22:32'),
(132, 1, 1, '紋別郡滝上町', '滝上町', '560', 'takinoue', 132, 1, 10, 1, '2022-10-05 03:22:32', '2022-10-05 03:22:32'),
(133, 1, 1, '紋別郡興部町', '興部町', '561', 'okoppe', 133, 1, 10, 1, '2022-10-05 03:22:32', '2022-10-05 03:22:32'),
(134, 1, 1, '紋別郡西興部村', '西興部村', '562', 'nishiokoppe', 134, 12, 10, 1, '2022-10-05 03:22:32', '2022-10-05 03:22:32'),
(135, 1, 1, '紋別郡雄武町', '雄武町', '563', 'oumu', 135, 1, 10, 1, '2022-10-05 03:22:32', '2022-10-05 03:22:32'),
(136, 1, 1, '網走郡大空町', '大空町', '564', 'oozora', 136, 1, 10, 1, '2022-10-05 03:22:32', '2022-10-05 03:22:32'),
(137, 1, 1, '虻田郡豊浦町', '豊浦町', '571', 'toyohura', 137, 1, 11, 1, '2022-10-05 03:22:32', '2022-10-05 03:22:32'),
(138, 1, 1, '有珠郡壮瞥町', '壮瞥町', '575', 'soubetsu', 138, 1, 11, 1, '2022-10-05 03:22:32', '2022-10-05 03:22:32'),
(139, 1, 1, '白老郡白老町', '白老町', '578', 'shiraoi', 139, 5, 11, 1, '2022-10-05 03:22:32', '2022-10-05 03:22:32'),
(140, 1, 1, '勇払郡厚真町', '厚真町', '581', 'atsuma', 140, 6, 11, 1, '2022-10-05 03:22:32', '2022-10-05 03:22:32'),
(141, 1, 1, '虻田郡洞爺湖町', '洞爺湖町', '584', 'touyako', 141, 7, 11, 1, '2022-10-05 03:22:32', '2022-10-05 03:22:32'),
(142, 1, 1, '勇払郡安平町', '安平町', '585', 'abira', 142, 1, 11, 1, '2022-10-05 03:22:32', '2022-10-05 03:22:32'),
(143, 1, 1, '勇払郡むかわ町', 'むかわ町', '586', 'mukawa', 143, 8, 11, 1, '2022-10-05 03:22:32', '2022-10-05 03:22:32'),
(144, 1, 1, '沙流郡日高町', '日高町', '601', 'hidaka', 144, 1, 12, 1, '2022-10-05 03:22:32', '2022-10-05 03:22:32'),
(145, 1, 1, '沙流郡平取町', '平取町', '602', 'biratori', 145, 1, 12, 1, '2022-10-05 03:22:32', '2022-10-05 03:22:32'),
(146, 1, 1, '新冠郡新冠町', '新冠町', '604', 'niikappu', 146, 1, 12, 1, '2022-10-05 03:22:32', '2022-10-05 03:22:32'),
(147, 1, 1, '浦河郡浦河町', '浦河町', '607', 'urakawa', 147, 49, 12, 1, '2022-10-05 03:22:32', '2022-10-05 03:22:32'),
(148, 1, 1, '様似郡様似町', '様似町', '608', 'samani', 148, 50, 12, 1, '2022-10-05 03:22:32', '2022-10-05 03:22:32'),
(149, 1, 1, '幌泉郡えりも町', 'えりも町', '609', 'erimo', 149, 1, 12, 1, '2022-10-05 03:22:32', '2022-10-05 03:22:32'),
(150, 1, 1, '日高郡新ひだか町', '新ひだか町', '610', 'shinhidaka', 150, 51, 12, 1, '2022-10-05 03:22:32', '2022-10-05 03:22:32'),
(151, 1, 1, '河東郡音更町', '音更町', '631', 'otofuke', 151, 43, 13, 1, '2022-10-05 03:22:32', '2022-10-05 03:22:32'),
(152, 1, 1, '河東郡士幌町', '士幌町', '632', 'shihoro', 152, 1, 13, 1, '2022-10-05 03:22:32', '2022-10-05 03:22:32'),
(153, 1, 1, '河東郡上士幌町', '上士幌町', '633', 'kamishihoro', 153, 45, 13, 1, '2022-10-05 03:22:32', '2022-10-05 03:22:32'),
(154, 1, 1, '河東郡鹿追町', '鹿追町', '634', 'shikaoi', 154, 1, 13, 1, '2022-10-05 03:22:32', '2022-10-05 03:22:32'),
(155, 1, 1, '上川郡新得町', '新得町', '635', 'shintoku', 155, 1, 13, 1, '2022-10-05 03:22:32', '2022-10-05 03:22:32'),
(156, 1, 1, '上川郡清水町', '清水町', '636', 'shimizu', 156, 1, 13, 1, '2022-10-05 03:22:32', '2022-10-05 03:22:32'),
(157, 1, 1, '河西郡芽室町', '芽室町', '637', 'memuro', 157, 42, 13, 1, '2022-10-05 03:22:32', '2022-10-05 03:22:32'),
(158, 1, 1, '河西郡中札内村', '中札内村', '638', 'nakasatsunai', 158, 1, 13, 1, '2022-10-05 03:22:32', '2022-10-05 03:22:32'),
(159, 1, 1, '河西郡更別村', '更別村', '639', 'sarabetsu', 159, 1, 13, 1, '2022-10-05 03:22:32', '2022-10-05 03:22:32'),
(160, 1, 1, '広尾郡大樹町', '大樹町', '641', 'taiki', 160, 46, 13, 1, '2022-10-05 03:22:32', '2022-10-05 03:22:32'),
(161, 1, 1, '広尾郡広尾町', '広尾町', '642', 'hiroo', 161, 48, 13, 1, '2022-10-05 03:22:32', '2022-10-05 03:22:32'),
(162, 1, 1, '中川郡幕別町', '幕別町', '643', 'makubetsu', 162, 41, 13, 1, '2022-10-05 03:22:32', '2022-10-05 03:22:32'),
(163, 1, 1, '中川郡池田町', '池田町', '644', 'ikeda', 163, 1, 13, 1, '2022-10-05 03:22:32', '2022-10-05 03:22:32'),
(164, 1, 1, '中川郡豊頃町', '豊頃町', '645', 'toyokoro', 164, 1, 13, 1, '2022-10-05 03:22:32', '2022-10-05 03:22:32'),
(165, 1, 1, '中川郡本別町', '本別町', '646', 'honbetsu', 165, 44, 13, 1, '2022-10-05 03:22:32', '2022-10-05 03:22:32'),
(166, 1, 1, '足寄郡足寄町', '足寄町', '647', 'asyoro', 166, 1, 13, 1, '2022-10-05 03:22:32', '2022-10-05 03:22:32'),
(167, 1, 1, '足寄郡陸別町', '陸別町', '648', 'rikubetsu', 167, 1, 13, 1, '2022-10-05 03:22:32', '2022-10-05 03:22:32'),
(168, 1, 1, '十勝郡浦幌町', '浦幌町', '649', 'urahoro', 168, 1, 13, 1, '2022-10-05 03:22:32', '2022-10-05 03:22:32'),
(169, 1, 1, '釧路郡釧路町', '釧路町', '661', 'kushirocho', 174, 23, 14, 1, '2022-10-05 03:22:32', '2022-10-05 03:22:32'),
(170, 1, 1, '厚岸郡厚岸町', '厚岸町', '662', 'akkeshi', 170, 1, 14, 1, '2022-10-05 03:22:32', '2022-10-05 03:22:32'),
(171, 1, 1, '厚岸郡浜中町', '浜中町', '663', 'hamanaka', 171, 28, 14, 1, '2022-10-05 03:22:32', '2022-10-05 03:22:32'),
(172, 1, 1, '川上郡標茶町', '標茶町', '664', 'shibecha', 172, 1, 14, 1, '2022-10-05 03:22:32', '2022-10-05 03:22:32'),
(173, 1, 1, '川上郡弟子屈町', '弟子屈町', '665', 'teshikaga', 173, 25, 14, 1, '2022-10-05 03:22:32', '2022-10-05 03:22:32'),
(174, 1, 1, '阿寒郡鶴居村', '鶴居村', '667', 'tsurui', 174, 1, 14, 1, '2022-10-05 03:22:32', '2022-10-05 03:22:32'),
(175, 1, 1, '雨竜郡北竜町', '雨竜郡北竜町', '437', 'hokuryu', 175, 1, 7, 1, '2022-10-05 03:22:32', '2022-10-05 03:22:32'),
(176, 1, 1, '白糠郡白糠町', '白糠町', '668', 'shiranuka', 176, 1, 14, 1, '2022-10-05 03:22:32', '2022-10-05 03:22:32'),
(177, 1, 1, '野付郡別海町', '別海町', '691', 'betsukai', 177, 29, 15, 1, '2022-10-05 03:22:32', '2022-10-05 03:22:32'),
(178, 1, 1, '標津郡中標津町', '中標津町', '692', 'nakashibetsu', 178, 24, 15, 1, '2022-10-05 03:22:32', '2022-10-05 03:22:32'),
(179, 1, 1, '標津郡標津町', '標津町', '693', 'shibetsu_n', 179, 26, 15, 1, '2022-10-05 03:22:32', '2022-10-05 03:22:32'),
(180, 1, 1, '目梨郡羅臼町', '羅臼町', '694', 'rausu', 180, 27, 15, 1, '2022-10-05 03:22:32', '2022-10-05 03:22:32');

-- --------------------------------------------------------

--
-- テーブルの構造 `companies`
--

CREATE TABLE `companies` (
  `id` int(10) UNSIGNED NOT NULL,
  `display` tinyint(1) NOT NULL DEFAULT 0 COMMENT '表示',
  `preview` tinyint(1) NOT NULL DEFAULT 0 COMMENT 'プレビュー',
  `name` varchar(255) COLLATE utf8mb4_bin NOT NULL COMMENT '名称',
  `longname` varchar(255) COLLATE utf8mb4_bin NOT NULL COMMENT '正式名称',
  `kana` varchar(255) COLLATE utf8mb4_bin NOT NULL COMMENT '名称ふりがな',
  `email` varchar(255) COLLATE utf8mb4_bin NOT NULL COMMENT 'メールアドレス',
  `zip1` varchar(3) COLLATE utf8mb4_bin NOT NULL COMMENT '郵便番号1',
  `zip2` varchar(4) COLLATE utf8mb4_bin NOT NULL COMMENT '郵便番号2',
  `address` varchar(255) COLLATE utf8mb4_bin NOT NULL COMMENT '住所',
  `tel1` varchar(5) COLLATE utf8mb4_bin NOT NULL COMMENT '電話番号1',
  `tel2` varchar(5) COLLATE utf8mb4_bin NOT NULL COMMENT '電話番号2',
  `tel3` varchar(5) COLLATE utf8mb4_bin NOT NULL COMMENT '電話番号3',
  `fax` varchar(255) COLLATE utf8mb4_bin NOT NULL COMMENT 'FAX番号',
  `lat` decimal(17,14) NOT NULL COMMENT 'LAT',
  `lng` decimal(17,14) NOT NULL COMMENT 'LNG',
  `search_words` text COLLATE utf8mb4_bin NOT NULL COMMENT '検索用テキスト（保存時に自動作成）',
  `msg` text COLLATE utf8mb4_bin NOT NULL COMMENT 'メモ',
  `start` varchar(255) COLLATE utf8mb4_bin NOT NULL COMMENT '開始',
  `president` varchar(255) COLLATE utf8mb4_bin NOT NULL COMMENT '代表者',
  `history` text COLLATE utf8mb4_bin NOT NULL COMMENT 'やりとり履歴',
  `capital` varchar(255) COLLATE utf8mb4_bin NOT NULL COMMENT '親会社',
  `staff` varchar(255) COLLATE utf8mb4_bin NOT NULL COMMENT 'スタッフ情報',
  `city_id` int(10) UNSIGNED NOT NULL DEFAULT 1 COMMENT '市町村ID',
  `prefecture_id` int(10) UNSIGNED NOT NULL DEFAULT 1 COMMENT '都道府県ID',
  `trade_area_id` int(10) UNSIGNED NOT NULL DEFAULT 1 COMMENT '商圏ID',
  `user_id` int(10) UNSIGNED NOT NULL DEFAULT 1 COMMENT 'ユーザーID',
  `created_at` timestamp NOT NULL DEFAULT current_timestamp(),
  `updated_at` timestamp NOT NULL DEFAULT current_timestamp()
) ENGINE=InnoDB DEFAULT CHARSET=utf8mb4 COLLATE=utf8mb4_bin;

--
-- テーブルのデータのダンプ `companies`
--

INSERT INTO `companies` (`id`, `display`, `preview`, `name`, `longname`, `kana`, `email`, `zip1`, `zip2`, `address`, `tel1`, `tel2`, `tel3`, `fax`, `lat`, `lng`, `search_words`, `msg`, `start`, `president`, `history`, `capital`, `staff`, `city_id`, `prefecture_id`, `trade_area_id`, `user_id`, `created_at`, `updated_at`) VALUES
(1, 1, 1, '法人1', '法人フルネーム1', '法人ふりがな1', 'test1@test.co.jp', '070', '0000', '住所1', '01', '11', '21', 'FAX1', '43.00000000000000', '143.00000000000000', '法人1', 'コメント1', '法人開始1', '代表1', '社歴1歳', '資本金1', 'スタッフ1', 2, 2, 2, 1, '2022-10-05 03:22:35', '2022-10-05 03:22:35'),
(2, 1, 1, '法人2', '法人フルネーム2', '法人ふりがな2', 'test2@test.co.jp', '070', '0000', '住所2', '02', '12', '22', 'FAX2', '43.00000000000000', '143.00000000000000', '法人2', 'コメント2', '法人開始2', '代表2', '社歴2歳', '資本金2', 'スタッフ2', 2, 2, 2, 1, '2022-10-05 03:22:35', '2022-10-05 03:22:35'),
(3, 1, 1, '法人3', '法人フルネーム3', '法人ふりがな3', 'test3@test.co.jp', '070', '0000', '住所3', '03', '13', '23', 'FAX3', '43.00000000000000', '143.00000000000000', '法人3', 'コメント3', '法人開始3', '代表3', '社歴3歳', '資本金3', 'スタッフ3', 2, 2, 2, 1, '2022-10-05 03:22:35', '2022-10-05 03:22:35'),
(4, 1, 1, '法人4', '法人フルネーム4', '法人ふりがな4', 'test4@test.co.jp', '070', '0000', '住所4', '04', '14', '24', 'FAX4', '43.00000000000000', '143.00000000000000', '法人4', 'コメント4', '法人開始4', '代表4', '社歴4歳', '資本金4', 'スタッフ4', 2, 2, 2, 1, '2022-10-05 03:22:35', '2022-10-05 03:22:35'),
(5, 1, 1, '法人5', '法人フルネーム5', '法人ふりがな5', 'test5@test.co.jp', '070', '0000', '住所5', '05', '15', '25', 'FAX5', '43.00000000000000', '143.00000000000000', '法人5', 'コメント5', '法人開始5', '代表5', '社歴5歳', '資本金5', 'スタッフ5', 2, 2, 2, 1, '2022-10-05 03:22:35', '2022-10-05 03:22:35'),
(6, 1, 1, '法人6', '法人フルネーム6', '法人ふりがな6', 'test6@test.co.jp', '070', '0000', '住所6', '06', '16', '26', 'FAX6', '43.00000000000000', '143.00000000000000', '法人6', 'コメント6', '法人開始6', '代表6', '社歴6歳', '資本金6', 'スタッフ6', 2, 2, 2, 1, '2022-10-05 03:22:35', '2022-10-05 03:22:35'),
(7, 1, 1, '法人7', '法人フルネーム7', '法人ふりがな7', 'test7@test.co.jp', '070', '0000', '住所7', '07', '17', '27', 'FAX7', '43.00000000000000', '143.00000000000000', '法人7', 'コメント7', '法人開始7', '代表7', '社歴7歳', '資本金7', 'スタッフ7', 2, 2, 2, 1, '2022-10-05 03:22:35', '2022-10-05 03:22:35'),
(8, 1, 1, '法人8', '法人フルネーム8', '法人ふりがな8', 'test8@test.co.jp', '070', '0000', '住所8', '08', '18', '28', 'FAX8', '43.00000000000000', '143.00000000000000', '法人8', 'コメント8', '法人開始8', '代表8', '社歴8歳', '資本金8', 'スタッフ8', 2, 2, 2, 1, '2022-10-05 03:22:35', '2022-10-05 03:22:35'),
(9, 1, 1, '法人9', '法人フルネーム9', '法人ふりがな9', 'test9@test.co.jp', '070', '0000', '住所9', '09', '19', '29', 'FAX9', '43.00000000000000', '143.00000000000000', '法人9', 'コメント9', '法人開始9', '代表9', '社歴9歳', '資本金9', 'スタッフ9', 2, 2, 2, 1, '2022-10-05 03:22:35', '2022-10-05 03:22:35'),
(10, 1, 1, '法人10', '法人フルネーム10', '法人ふりがな10', 'test10@test.co.jp', '070', '0000', '住所10', '010', '110', '210', 'FAX10', '43.00000000000000', '143.00000000000000', '法人10', 'コメント10', '法人開始10', '代表10', '社歴10歳', '資本金10', 'スタッフ10', 2, 2, 2, 1, '2022-10-05 03:22:35', '2022-10-05 03:22:35'),
(11, 1, 1, '法人11', '法人フルネーム11', '法人ふりがな11', 'test11@test.co.jp', '070', '0000', '住所11', '011', '111', '211', 'FAX11', '43.00000000000000', '143.00000000000000', '法人11', 'コメント11', '法人開始11', '代表11', '社歴11歳', '資本金11', 'スタッフ11', 2, 2, 2, 1, '2022-10-05 03:22:35', '2022-10-05 03:22:35'),
(12, 1, 1, '法人12', '法人フルネーム12', '法人ふりがな12', 'test12@test.co.jp', '070', '0000', '住所12', '012', '112', '212', 'FAX12', '43.00000000000000', '143.00000000000000', '法人12', 'コメント12', '法人開始12', '代表12', '社歴12歳', '資本金12', 'スタッフ12', 2, 2, 2, 1, '2022-10-05 03:22:35', '2022-10-05 03:22:35'),
(13, 1, 1, '法人13', '法人フルネーム13', '法人ふりがな13', 'test13@test.co.jp', '070', '0000', '住所13', '013', '113', '213', 'FAX13', '43.00000000000000', '143.00000000000000', '法人13', 'コメント13', '法人開始13', '代表13', '社歴13歳', '資本金13', 'スタッフ13', 2, 2, 2, 1, '2022-10-05 03:22:35', '2022-10-05 03:22:35'),
(14, 1, 1, '法人14', '法人フルネーム14', '法人ふりがな14', 'test14@test.co.jp', '070', '0000', '住所14', '014', '114', '214', 'FAX14', '43.00000000000000', '143.00000000000000', '法人14', 'コメント14', '法人開始14', '代表14', '社歴14歳', '資本金14', 'スタッフ14', 2, 2, 2, 1, '2022-10-05 03:22:35', '2022-10-05 03:22:35'),
(15, 1, 1, '法人15', '法人フルネーム15', '法人ふりがな15', 'test15@test.co.jp', '070', '0000', '住所15', '015', '115', '215', 'FAX15', '43.00000000000000', '143.00000000000000', '法人15', 'コメント15', '法人開始15', '代表15', '社歴15歳', '資本金15', 'スタッフ15', 2, 2, 2, 1, '2022-10-05 03:22:35', '2022-10-05 03:22:35'),
(16, 1, 1, '法人16', '法人フルネーム16', '法人ふりがな16', 'test16@test.co.jp', '070', '0000', '住所16', '016', '116', '216', 'FAX16', '43.00000000000000', '143.00000000000000', '法人16', 'コメント16', '法人開始16', '代表16', '社歴16歳', '資本金16', 'スタッフ16', 2, 2, 2, 1, '2022-10-05 03:22:35', '2022-10-05 03:22:35'),
(17, 1, 1, '法人17', '法人フルネーム17', '法人ふりがな17', 'test17@test.co.jp', '070', '0000', '住所17', '017', '117', '217', 'FAX17', '43.00000000000000', '143.00000000000000', '法人17', 'コメント17', '法人開始17', '代表17', '社歴17歳', '資本金17', 'スタッフ17', 2, 2, 2, 1, '2022-10-05 03:22:35', '2022-10-05 03:22:35'),
(18, 1, 1, '法人18', '法人フルネーム18', '法人ふりがな18', 'test18@test.co.jp', '070', '0000', '住所18', '018', '118', '218', 'FAX18', '43.00000000000000', '143.00000000000000', '法人18', 'コメント18', '法人開始18', '代表18', '社歴18歳', '資本金18', 'スタッフ18', 2, 2, 2, 1, '2022-10-05 03:22:35', '2022-10-05 03:22:35'),
(19, 1, 1, '法人19', '法人フルネーム19', '法人ふりがな19', 'test19@test.co.jp', '070', '0000', '住所19', '019', '119', '219', 'FAX19', '43.00000000000000', '143.00000000000000', '法人19', 'コメント19', '法人開始19', '代表19', '社歴19歳', '資本金19', 'スタッフ19', 2, 2, 2, 1, '2022-10-05 03:22:35', '2022-10-05 03:22:35'),
(20, 1, 1, '法人20', '法人フルネーム20', '法人ふりがな20', 'test20@test.co.jp', '070', '0000', '住所20', '020', '120', '220', 'FAX20', '43.00000000000000', '143.00000000000000', '法人20', 'コメント20', '法人開始20', '代表20', '社歴20歳', '資本金20', 'スタッフ20', 2, 2, 2, 1, '2022-10-05 03:22:35', '2022-10-05 03:22:35'),
(21, 1, 1, '法人21', '法人フルネーム21', '法人ふりがな21', 'test21@test.co.jp', '070', '0000', '住所21', '021', '121', '221', 'FAX21', '43.00000000000000', '143.00000000000000', '法人21', 'コメント21', '法人開始21', '代表21', '社歴21歳', '資本金21', 'スタッフ21', 2, 2, 2, 1, '2022-10-05 03:22:35', '2022-10-05 03:22:35'),
(22, 1, 1, '法人22', '法人フルネーム22', '法人ふりがな22', 'test22@test.co.jp', '070', '0000', '住所22', '022', '122', '222', 'FAX22', '43.00000000000000', '143.00000000000000', '法人22', 'コメント22', '法人開始22', '代表22', '社歴22歳', '資本金22', 'スタッフ22', 2, 2, 2, 1, '2022-10-05 03:22:35', '2022-10-05 03:22:35'),
(23, 1, 1, '法人23', '法人フルネーム23', '法人ふりがな23', 'test23@test.co.jp', '070', '0000', '住所23', '023', '123', '223', 'FAX23', '43.00000000000000', '143.00000000000000', '法人23', 'コメント23', '法人開始23', '代表23', '社歴23歳', '資本金23', 'スタッフ23', 2, 2, 2, 1, '2022-10-05 03:22:35', '2022-10-05 03:22:35'),
(24, 1, 1, '法人24', '法人フルネーム24', '法人ふりがな24', 'test24@test.co.jp', '070', '0000', '住所24', '024', '124', '224', 'FAX24', '43.00000000000000', '143.00000000000000', '法人24', 'コメント24', '法人開始24', '代表24', '社歴24歳', '資本金24', 'スタッフ24', 2, 2, 2, 1, '2022-10-05 03:22:35', '2022-10-05 03:22:35'),
(25, 1, 1, '法人25', '法人フルネーム25', '法人ふりがな25', 'test25@test.co.jp', '070', '0000', '住所25', '025', '125', '225', 'FAX25', '43.00000000000000', '143.00000000000000', '法人25', 'コメント25', '法人開始25', '代表25', '社歴25歳', '資本金25', 'スタッフ25', 2, 2, 2, 1, '2022-10-05 03:22:35', '2022-10-05 03:22:35'),
(26, 1, 1, '法人26', '法人フルネーム26', '法人ふりがな26', 'test26@test.co.jp', '070', '0000', '住所26', '026', '126', '226', 'FAX26', '43.00000000000000', '143.00000000000000', '法人26', 'コメント26', '法人開始26', '代表26', '社歴26歳', '資本金26', 'スタッフ26', 2, 2, 2, 1, '2022-10-05 03:22:35', '2022-10-05 03:22:35'),
(27, 1, 1, '法人27', '法人フルネーム27', '法人ふりがな27', 'test27@test.co.jp', '070', '0000', '住所27', '027', '127', '227', 'FAX27', '43.00000000000000', '143.00000000000000', '法人27', 'コメント27', '法人開始27', '代表27', '社歴27歳', '資本金27', 'スタッフ27', 2, 2, 2, 1, '2022-10-05 03:22:35', '2022-10-05 03:22:35'),
(28, 1, 1, '法人28', '法人フルネーム28', '法人ふりがな28', 'test28@test.co.jp', '070', '0000', '住所28', '028', '128', '228', 'FAX28', '43.00000000000000', '143.00000000000000', '法人28', 'コメント28', '法人開始28', '代表28', '社歴28歳', '資本金28', 'スタッフ28', 2, 2, 2, 1, '2022-10-05 03:22:35', '2022-10-05 03:22:35'),
(29, 1, 1, '法人29', '法人フルネーム29', '法人ふりがな29', 'test29@test.co.jp', '070', '0000', '住所29', '029', '129', '229', 'FAX29', '43.00000000000000', '143.00000000000000', '法人29', 'コメント29', '法人開始29', '代表29', '社歴29歳', '資本金29', 'スタッフ29', 2, 2, 2, 1, '2022-10-05 03:22:35', '2022-10-05 03:22:35'),
(30, 1, 1, '法人30', '法人フルネーム30', '法人ふりがな30', 'test30@test.co.jp', '070', '0000', '住所30', '030', '130', '230', 'FAX30', '43.00000000000000', '143.00000000000000', '法人30', 'コメント30', '法人開始30', '代表30', '社歴30歳', '資本金30', 'スタッフ30', 2, 2, 2, 1, '2022-10-05 03:22:35', '2022-10-05 03:22:35'),
(31, 1, 1, '法人31', '法人フルネーム31', '法人ふりがな31', 'test31@test.co.jp', '070', '0000', '住所31', '031', '131', '231', 'FAX31', '43.00000000000000', '143.00000000000000', '法人31', 'コメント31', '法人開始31', '代表31', '社歴31歳', '資本金31', 'スタッフ31', 2, 2, 2, 1, '2022-10-05 03:22:35', '2022-10-05 03:22:35'),
(32, 1, 1, '法人32', '法人フルネーム32', '法人ふりがな32', 'test32@test.co.jp', '070', '0000', '住所32', '032', '132', '232', 'FAX32', '43.00000000000000', '143.00000000000000', '法人32', 'コメント32', '法人開始32', '代表32', '社歴32歳', '資本金32', 'スタッフ32', 2, 2, 2, 1, '2022-10-05 03:22:35', '2022-10-05 03:22:35'),
(33, 1, 1, '法人33', '法人フルネーム33', '法人ふりがな33', 'test33@test.co.jp', '070', '0000', '住所33', '033', '133', '233', 'FAX33', '43.00000000000000', '143.00000000000000', '法人33', 'コメント33', '法人開始33', '代表33', '社歴33歳', '資本金33', 'スタッフ33', 2, 2, 2, 1, '2022-10-05 03:22:35', '2022-10-05 03:22:35'),
(34, 1, 1, '法人34', '法人フルネーム34', '法人ふりがな34', 'test34@test.co.jp', '070', '0000', '住所34', '034', '134', '234', 'FAX34', '43.00000000000000', '143.00000000000000', '法人34', 'コメント34', '法人開始34', '代表34', '社歴34歳', '資本金34', 'スタッフ34', 2, 2, 2, 1, '2022-10-05 03:22:35', '2022-10-05 03:22:35'),
(35, 1, 1, '法人35', '法人フルネーム35', '法人ふりがな35', 'test35@test.co.jp', '070', '0000', '住所35', '035', '135', '235', 'FAX35', '43.00000000000000', '143.00000000000000', '法人35', 'コメント35', '法人開始35', '代表35', '社歴35歳', '資本金35', 'スタッフ35', 2, 2, 2, 1, '2022-10-05 03:22:35', '2022-10-05 03:22:35'),
(36, 1, 1, '法人36', '法人フルネーム36', '法人ふりがな36', 'test36@test.co.jp', '070', '0000', '住所36', '036', '136', '236', 'FAX36', '43.00000000000000', '143.00000000000000', '法人36', 'コメント36', '法人開始36', '代表36', '社歴36歳', '資本金36', 'スタッフ36', 2, 2, 2, 1, '2022-10-05 03:22:35', '2022-10-05 03:22:35'),
(37, 1, 1, '法人37', '法人フルネーム37', '法人ふりがな37', 'test37@test.co.jp', '070', '0000', '住所37', '037', '137', '237', 'FAX37', '43.00000000000000', '143.00000000000000', '法人37', 'コメント37', '法人開始37', '代表37', '社歴37歳', '資本金37', 'スタッフ37', 2, 2, 2, 1, '2022-10-05 03:22:35', '2022-10-05 03:22:35'),
(38, 1, 1, '法人38', '法人フルネーム38', '法人ふりがな38', 'test38@test.co.jp', '070', '0000', '住所38', '038', '138', '238', 'FAX38', '43.00000000000000', '143.00000000000000', '法人38', 'コメント38', '法人開始38', '代表38', '社歴38歳', '資本金38', 'スタッフ38', 2, 2, 2, 1, '2022-10-05 03:22:35', '2022-10-05 03:22:35'),
(39, 1, 1, '法人39', '法人フルネーム39', '法人ふりがな39', 'test39@test.co.jp', '070', '0000', '住所39', '039', '139', '239', 'FAX39', '43.00000000000000', '143.00000000000000', '法人39', 'コメント39', '法人開始39', '代表39', '社歴39歳', '資本金39', 'スタッフ39', 2, 2, 2, 1, '2022-10-05 03:22:35', '2022-10-05 03:22:35'),
(40, 1, 1, '法人40', '法人フルネーム40', '法人ふりがな40', 'test40@test.co.jp', '070', '0000', '住所40', '040', '140', '240', 'FAX40', '43.00000000000000', '143.00000000000000', '法人40', 'コメント40', '法人開始40', '代表40', '社歴40歳', '資本金40', 'スタッフ40', 2, 2, 2, 1, '2022-10-05 03:22:35', '2022-10-05 03:22:35'),
(41, 1, 1, '法人41', '法人フルネーム41', '法人ふりがな41', 'test41@test.co.jp', '070', '0000', '住所41', '041', '141', '241', 'FAX41', '43.00000000000000', '143.00000000000000', '法人41', 'コメント41', '法人開始41', '代表41', '社歴41歳', '資本金41', 'スタッフ41', 2, 2, 2, 1, '2022-10-05 03:22:35', '2022-10-05 03:22:35'),
(42, 1, 1, '法人42', '法人フルネーム42', '法人ふりがな42', 'test42@test.co.jp', '070', '0000', '住所42', '042', '142', '242', 'FAX42', '43.00000000000000', '143.00000000000000', '法人42', 'コメント42', '法人開始42', '代表42', '社歴42歳', '資本金42', 'スタッフ42', 2, 2, 2, 1, '2022-10-05 03:22:35', '2022-10-05 03:22:35'),
(43, 1, 1, '法人43', '法人フルネーム43', '法人ふりがな43', 'test43@test.co.jp', '070', '0000', '住所43', '043', '143', '243', 'FAX43', '43.00000000000000', '143.00000000000000', '法人43', 'コメント43', '法人開始43', '代表43', '社歴43歳', '資本金43', 'スタッフ43', 2, 2, 2, 1, '2022-10-05 03:22:35', '2022-10-05 03:22:35'),
(44, 1, 1, '法人44', '法人フルネーム44', '法人ふりがな44', 'test44@test.co.jp', '070', '0000', '住所44', '044', '144', '244', 'FAX44', '43.00000000000000', '143.00000000000000', '法人44', 'コメント44', '法人開始44', '代表44', '社歴44歳', '資本金44', 'スタッフ44', 2, 2, 2, 1, '2022-10-05 03:22:35', '2022-10-05 03:22:35'),
(45, 1, 1, '法人45', '法人フルネーム45', '法人ふりがな45', 'test45@test.co.jp', '070', '0000', '住所45', '045', '145', '245', 'FAX45', '43.00000000000000', '143.00000000000000', '法人45', 'コメント45', '法人開始45', '代表45', '社歴45歳', '資本金45', 'スタッフ45', 2, 2, 2, 1, '2022-10-05 03:22:35', '2022-10-05 03:22:35'),
(46, 1, 1, '法人46', '法人フルネーム46', '法人ふりがな46', 'test46@test.co.jp', '070', '0000', '住所46', '046', '146', '246', 'FAX46', '43.00000000000000', '143.00000000000000', '法人46', 'コメント46', '法人開始46', '代表46', '社歴46歳', '資本金46', 'スタッフ46', 2, 2, 2, 1, '2022-10-05 03:22:35', '2022-10-05 03:22:35'),
(47, 1, 1, '法人47', '法人フルネーム47', '法人ふりがな47', 'test47@test.co.jp', '070', '0000', '住所47', '047', '147', '247', 'FAX47', '43.00000000000000', '143.00000000000000', '法人47', 'コメント47', '法人開始47', '代表47', '社歴47歳', '資本金47', 'スタッフ47', 2, 2, 2, 1, '2022-10-05 03:22:35', '2022-10-05 03:22:35'),
(48, 1, 1, '法人48', '法人フルネーム48', '法人ふりがな48', 'test48@test.co.jp', '070', '0000', '住所48', '048', '148', '248', 'FAX48', '43.00000000000000', '143.00000000000000', '法人48', 'コメント48', '法人開始48', '代表48', '社歴48歳', '資本金48', 'スタッフ48', 2, 2, 2, 1, '2022-10-05 03:22:35', '2022-10-05 03:22:35'),
(49, 1, 1, '法人49', '法人フルネーム49', '法人ふりがな49', 'test49@test.co.jp', '070', '0000', '住所49', '049', '149', '249', 'FAX49', '43.00000000000000', '143.00000000000000', '法人49', 'コメント49', '法人開始49', '代表49', '社歴49歳', '資本金49', 'スタッフ49', 2, 2, 2, 1, '2022-10-05 03:22:35', '2022-10-05 03:22:35'),
(50, 1, 1, '法人50', '法人フルネーム50', '法人ふりがな50', 'test50@test.co.jp', '070', '0000', '住所50', '050', '150', '250', 'FAX50', '43.00000000000000', '143.00000000000000', '法人50', 'コメント50', '法人開始50', '代表50', '社歴50歳', '資本金50', 'スタッフ50', 2, 2, 2, 1, '2022-10-05 03:22:35', '2022-10-05 03:22:35'),
(51, 1, 1, '法人51', '法人フルネーム51', '法人ふりがな51', 'test51@test.co.jp', '070', '0000', '住所51', '051', '151', '251', 'FAX51', '43.00000000000000', '143.00000000000000', '法人51', 'コメント51', '法人開始51', '代表51', '社歴51歳', '資本金51', 'スタッフ51', 2, 2, 2, 1, '2022-10-05 03:22:35', '2022-10-05 03:22:35'),
(52, 1, 1, '法人52', '法人フルネーム52', '法人ふりがな52', 'test52@test.co.jp', '070', '0000', '住所52', '052', '152', '252', 'FAX52', '43.00000000000000', '143.00000000000000', '法人52', 'コメント52', '法人開始52', '代表52', '社歴52歳', '資本金52', 'スタッフ52', 2, 2, 2, 1, '2022-10-05 03:22:35', '2022-10-05 03:22:35'),
(53, 1, 1, '法人53', '法人フルネーム53', '法人ふりがな53', 'test53@test.co.jp', '070', '0000', '住所53', '053', '153', '253', 'FAX53', '43.00000000000000', '143.00000000000000', '法人53', 'コメント53', '法人開始53', '代表53', '社歴53歳', '資本金53', 'スタッフ53', 2, 2, 2, 1, '2022-10-05 03:22:35', '2022-10-05 03:22:35'),
(54, 1, 1, '法人54', '法人フルネーム54', '法人ふりがな54', 'test54@test.co.jp', '070', '0000', '住所54', '054', '154', '254', 'FAX54', '43.00000000000000', '143.00000000000000', '法人54', 'コメント54', '法人開始54', '代表54', '社歴54歳', '資本金54', 'スタッフ54', 2, 2, 2, 1, '2022-10-05 03:22:35', '2022-10-05 03:22:35'),
(55, 1, 1, '法人55', '法人フルネーム55', '法人ふりがな55', 'test55@test.co.jp', '070', '0000', '住所55', '055', '155', '255', 'FAX55', '43.00000000000000', '143.00000000000000', '法人55', 'コメント55', '法人開始55', '代表55', '社歴55歳', '資本金55', 'スタッフ55', 2, 2, 2, 1, '2022-10-05 03:22:35', '2022-10-05 03:22:35'),
(56, 1, 1, '法人56', '法人フルネーム56', '法人ふりがな56', 'test56@test.co.jp', '070', '0000', '住所56', '056', '156', '256', 'FAX56', '43.00000000000000', '143.00000000000000', '法人56', 'コメント56', '法人開始56', '代表56', '社歴56歳', '資本金56', 'スタッフ56', 2, 2, 2, 1, '2022-10-05 03:22:35', '2022-10-05 03:22:35'),
(57, 1, 1, '法人57', '法人フルネーム57', '法人ふりがな57', 'test57@test.co.jp', '070', '0000', '住所57', '057', '157', '257', 'FAX57', '43.00000000000000', '143.00000000000000', '法人57', 'コメント57', '法人開始57', '代表57', '社歴57歳', '資本金57', 'スタッフ57', 2, 2, 2, 1, '2022-10-05 03:22:35', '2022-10-05 03:22:35'),
(58, 1, 1, '法人58', '法人フルネーム58', '法人ふりがな58', 'test58@test.co.jp', '070', '0000', '住所58', '058', '158', '258', 'FAX58', '43.00000000000000', '143.00000000000000', '法人58', 'コメント58', '法人開始58', '代表58', '社歴58歳', '資本金58', 'スタッフ58', 2, 2, 2, 1, '2022-10-05 03:22:35', '2022-10-05 03:22:35'),
(59, 1, 1, '法人59', '法人フルネーム59', '法人ふりがな59', 'test59@test.co.jp', '070', '0000', '住所59', '059', '159', '259', 'FAX59', '43.00000000000000', '143.00000000000000', '法人59', 'コメント59', '法人開始59', '代表59', '社歴59歳', '資本金59', 'スタッフ59', 2, 2, 2, 1, '2022-10-05 03:22:35', '2022-10-05 03:22:35'),
(60, 1, 1, '法人60', '法人フルネーム60', '法人ふりがな60', 'test60@test.co.jp', '070', '0000', '住所60', '060', '160', '260', 'FAX60', '43.00000000000000', '143.00000000000000', '法人60', 'コメント60', '法人開始60', '代表60', '社歴60歳', '資本金60', 'スタッフ60', 2, 2, 2, 1, '2022-10-05 03:22:35', '2022-10-05 03:22:35'),
(61, 1, 1, '法人61', '法人フルネーム61', '法人ふりがな61', 'test61@test.co.jp', '070', '0000', '住所61', '061', '161', '261', 'FAX61', '43.00000000000000', '143.00000000000000', '法人61', 'コメント61', '法人開始61', '代表61', '社歴61歳', '資本金61', 'スタッフ61', 2, 2, 2, 1, '2022-10-05 03:22:35', '2022-10-05 03:22:35'),
(62, 1, 1, '法人62', '法人フルネーム62', '法人ふりがな62', 'test62@test.co.jp', '070', '0000', '住所62', '062', '162', '262', 'FAX62', '43.00000000000000', '143.00000000000000', '法人62', 'コメント62', '法人開始62', '代表62', '社歴62歳', '資本金62', 'スタッフ62', 2, 2, 2, 1, '2022-10-05 03:22:35', '2022-10-05 03:22:35'),
(63, 1, 1, '法人63', '法人フルネーム63', '法人ふりがな63', 'test63@test.co.jp', '070', '0000', '住所63', '063', '163', '263', 'FAX63', '43.00000000000000', '143.00000000000000', '法人63', 'コメント63', '法人開始63', '代表63', '社歴63歳', '資本金63', 'スタッフ63', 2, 2, 2, 1, '2022-10-05 03:22:35', '2022-10-05 03:22:35'),
(64, 1, 1, '法人64', '法人フルネーム64', '法人ふりがな64', 'test64@test.co.jp', '070', '0000', '住所64', '064', '164', '264', 'FAX64', '43.00000000000000', '143.00000000000000', '法人64', 'コメント64', '法人開始64', '代表64', '社歴64歳', '資本金64', 'スタッフ64', 2, 2, 2, 1, '2022-10-05 03:22:35', '2022-10-05 03:22:35'),
(65, 1, 1, '法人65', '法人フルネーム65', '法人ふりがな65', 'test65@test.co.jp', '070', '0000', '住所65', '065', '165', '265', 'FAX65', '43.00000000000000', '143.00000000000000', '法人65', 'コメント65', '法人開始65', '代表65', '社歴65歳', '資本金65', 'スタッフ65', 2, 2, 2, 1, '2022-10-05 03:22:35', '2022-10-05 03:22:35'),
(66, 1, 1, '法人66', '法人フルネーム66', '法人ふりがな66', 'test66@test.co.jp', '070', '0000', '住所66', '066', '166', '266', 'FAX66', '43.00000000000000', '143.00000000000000', '法人66', 'コメント66', '法人開始66', '代表66', '社歴66歳', '資本金66', 'スタッフ66', 2, 2, 2, 1, '2022-10-05 03:22:35', '2022-10-05 03:22:35'),
(67, 1, 1, '法人67', '法人フルネーム67', '法人ふりがな67', 'test67@test.co.jp', '070', '0000', '住所67', '067', '167', '267', 'FAX67', '43.00000000000000', '143.00000000000000', '法人67', 'コメント67', '法人開始67', '代表67', '社歴67歳', '資本金67', 'スタッフ67', 2, 2, 2, 1, '2022-10-05 03:22:35', '2022-10-05 03:22:35'),
(68, 1, 1, '法人68', '法人フルネーム68', '法人ふりがな68', 'test68@test.co.jp', '070', '0000', '住所68', '068', '168', '268', 'FAX68', '43.00000000000000', '143.00000000000000', '法人68', 'コメント68', '法人開始68', '代表68', '社歴68歳', '資本金68', 'スタッフ68', 2, 2, 2, 1, '2022-10-05 03:22:35', '2022-10-05 03:22:35'),
(69, 1, 1, '法人69', '法人フルネーム69', '法人ふりがな69', 'test69@test.co.jp', '070', '0000', '住所69', '069', '169', '269', 'FAX69', '43.00000000000000', '143.00000000000000', '法人69', 'コメント69', '法人開始69', '代表69', '社歴69歳', '資本金69', 'スタッフ69', 2, 2, 2, 1, '2022-10-05 03:22:35', '2022-10-05 03:22:35'),
(70, 1, 1, '法人70', '法人フルネーム70', '法人ふりがな70', 'test70@test.co.jp', '070', '0000', '住所70', '070', '170', '270', 'FAX70', '43.00000000000000', '143.00000000000000', '法人70', 'コメント70', '法人開始70', '代表70', '社歴70歳', '資本金70', 'スタッフ70', 2, 2, 2, 1, '2022-10-05 03:22:35', '2022-10-05 03:22:35'),
(71, 1, 1, '法人71', '法人フルネーム71', '法人ふりがな71', 'test71@test.co.jp', '070', '0000', '住所71', '071', '171', '271', 'FAX71', '43.00000000000000', '143.00000000000000', '法人71', 'コメント71', '法人開始71', '代表71', '社歴71歳', '資本金71', 'スタッフ71', 2, 2, 2, 1, '2022-10-05 03:22:35', '2022-10-05 03:22:35'),
(72, 1, 1, '法人72', '法人フルネーム72', '法人ふりがな72', 'test72@test.co.jp', '070', '0000', '住所72', '072', '172', '272', 'FAX72', '43.00000000000000', '143.00000000000000', '法人72', 'コメント72', '法人開始72', '代表72', '社歴72歳', '資本金72', 'スタッフ72', 2, 2, 2, 1, '2022-10-05 03:22:35', '2022-10-05 03:22:35'),
(73, 1, 1, '法人73', '法人フルネーム73', '法人ふりがな73', 'test73@test.co.jp', '070', '0000', '住所73', '073', '173', '273', 'FAX73', '43.00000000000000', '143.00000000000000', '法人73', 'コメント73', '法人開始73', '代表73', '社歴73歳', '資本金73', 'スタッフ73', 2, 2, 2, 1, '2022-10-05 03:22:35', '2022-10-05 03:22:35'),
(74, 1, 1, '法人74', '法人フルネーム74', '法人ふりがな74', 'test74@test.co.jp', '070', '0000', '住所74', '074', '174', '274', 'FAX74', '43.00000000000000', '143.00000000000000', '法人74', 'コメント74', '法人開始74', '代表74', '社歴74歳', '資本金74', 'スタッフ74', 2, 2, 2, 1, '2022-10-05 03:22:35', '2022-10-05 03:22:35'),
(75, 1, 1, '法人75', '法人フルネーム75', '法人ふりがな75', 'test75@test.co.jp', '070', '0000', '住所75', '075', '175', '275', 'FAX75', '43.00000000000000', '143.00000000000000', '法人75', 'コメント75', '法人開始75', '代表75', '社歴75歳', '資本金75', 'スタッフ75', 2, 2, 2, 1, '2022-10-05 03:22:35', '2022-10-05 03:22:35'),
(76, 1, 1, '法人76', '法人フルネーム76', '法人ふりがな76', 'test76@test.co.jp', '070', '0000', '住所76', '076', '176', '276', 'FAX76', '43.00000000000000', '143.00000000000000', '法人76', 'コメント76', '法人開始76', '代表76', '社歴76歳', '資本金76', 'スタッフ76', 2, 2, 2, 1, '2022-10-05 03:22:35', '2022-10-05 03:22:35'),
(77, 1, 1, '法人77', '法人フルネーム77', '法人ふりがな77', 'test77@test.co.jp', '070', '0000', '住所77', '077', '177', '277', 'FAX77', '43.00000000000000', '143.00000000000000', '法人77', 'コメント77', '法人開始77', '代表77', '社歴77歳', '資本金77', 'スタッフ77', 2, 2, 2, 1, '2022-10-05 03:22:35', '2022-10-05 03:22:35'),
(78, 1, 1, '法人78', '法人フルネーム78', '法人ふりがな78', 'test78@test.co.jp', '070', '0000', '住所78', '078', '178', '278', 'FAX78', '43.00000000000000', '143.00000000000000', '法人78', 'コメント78', '法人開始78', '代表78', '社歴78歳', '資本金78', 'スタッフ78', 2, 2, 2, 1, '2022-10-05 03:22:35', '2022-10-05 03:22:35'),
(79, 1, 1, '法人79', '法人フルネーム79', '法人ふりがな79', 'test79@test.co.jp', '070', '0000', '住所79', '079', '179', '279', 'FAX79', '43.00000000000000', '143.00000000000000', '法人79', 'コメント79', '法人開始79', '代表79', '社歴79歳', '資本金79', 'スタッフ79', 2, 2, 2, 1, '2022-10-05 03:22:35', '2022-10-05 03:22:35'),
(80, 1, 1, '法人80', '法人フルネーム80', '法人ふりがな80', 'test80@test.co.jp', '070', '0000', '住所80', '080', '180', '280', 'FAX80', '43.00000000000000', '143.00000000000000', '法人80', 'コメント80', '法人開始80', '代表80', '社歴80歳', '資本金80', 'スタッフ80', 2, 2, 2, 1, '2022-10-05 03:22:35', '2022-10-05 03:22:35'),
(81, 1, 1, '法人81', '法人フルネーム81', '法人ふりがな81', 'test81@test.co.jp', '070', '0000', '住所81', '081', '181', '281', 'FAX81', '43.00000000000000', '143.00000000000000', '法人81', 'コメント81', '法人開始81', '代表81', '社歴81歳', '資本金81', 'スタッフ81', 2, 2, 2, 1, '2022-10-05 03:22:35', '2022-10-05 03:22:35'),
(82, 1, 1, '法人82', '法人フルネーム82', '法人ふりがな82', 'test82@test.co.jp', '070', '0000', '住所82', '082', '182', '282', 'FAX82', '43.00000000000000', '143.00000000000000', '法人82', 'コメント82', '法人開始82', '代表82', '社歴82歳', '資本金82', 'スタッフ82', 2, 2, 2, 1, '2022-10-05 03:22:35', '2022-10-05 03:22:35'),
(83, 1, 1, '法人83', '法人フルネーム83', '法人ふりがな83', 'test83@test.co.jp', '070', '0000', '住所83', '083', '183', '283', 'FAX83', '43.00000000000000', '143.00000000000000', '法人83', 'コメント83', '法人開始83', '代表83', '社歴83歳', '資本金83', 'スタッフ83', 2, 2, 2, 1, '2022-10-05 03:22:35', '2022-10-05 03:22:35'),
(84, 1, 1, '法人84', '法人フルネーム84', '法人ふりがな84', 'test84@test.co.jp', '070', '0000', '住所84', '084', '184', '284', 'FAX84', '43.00000000000000', '143.00000000000000', '法人84', 'コメント84', '法人開始84', '代表84', '社歴84歳', '資本金84', 'スタッフ84', 2, 2, 2, 1, '2022-10-05 03:22:35', '2022-10-05 03:22:35'),
(85, 1, 1, '法人85', '法人フルネーム85', '法人ふりがな85', 'test85@test.co.jp', '070', '0000', '住所85', '085', '185', '285', 'FAX85', '43.00000000000000', '143.00000000000000', '法人85', 'コメント85', '法人開始85', '代表85', '社歴85歳', '資本金85', 'スタッフ85', 2, 2, 2, 1, '2022-10-05 03:22:35', '2022-10-05 03:22:35'),
(86, 1, 1, '法人86', '法人フルネーム86', '法人ふりがな86', 'test86@test.co.jp', '070', '0000', '住所86', '086', '186', '286', 'FAX86', '43.00000000000000', '143.00000000000000', '法人86', 'コメント86', '法人開始86', '代表86', '社歴86歳', '資本金86', 'スタッフ86', 2, 2, 2, 1, '2022-10-05 03:22:35', '2022-10-05 03:22:35'),
(87, 1, 1, '法人87', '法人フルネーム87', '法人ふりがな87', 'test87@test.co.jp', '070', '0000', '住所87', '087', '187', '287', 'FAX87', '43.00000000000000', '143.00000000000000', '法人87', 'コメント87', '法人開始87', '代表87', '社歴87歳', '資本金87', 'スタッフ87', 2, 2, 2, 1, '2022-10-05 03:22:35', '2022-10-05 03:22:35'),
(88, 1, 1, '法人88', '法人フルネーム88', '法人ふりがな88', 'test88@test.co.jp', '070', '0000', '住所88', '088', '188', '288', 'FAX88', '43.00000000000000', '143.00000000000000', '法人88', 'コメント88', '法人開始88', '代表88', '社歴88歳', '資本金88', 'スタッフ88', 2, 2, 2, 1, '2022-10-05 03:22:35', '2022-10-05 03:22:35'),
(89, 1, 1, '法人89', '法人フルネーム89', '法人ふりがな89', 'test89@test.co.jp', '070', '0000', '住所89', '089', '189', '289', 'FAX89', '43.00000000000000', '143.00000000000000', '法人89', 'コメント89', '法人開始89', '代表89', '社歴89歳', '資本金89', 'スタッフ89', 2, 2, 2, 1, '2022-10-05 03:22:35', '2022-10-05 03:22:35'),
(90, 1, 1, '法人90', '法人フルネーム90', '法人ふりがな90', 'test90@test.co.jp', '070', '0000', '住所90', '090', '190', '290', 'FAX90', '43.00000000000000', '143.00000000000000', '法人90', 'コメント90', '法人開始90', '代表90', '社歴90歳', '資本金90', 'スタッフ90', 2, 2, 2, 1, '2022-10-05 03:22:35', '2022-10-05 03:22:35'),
(91, 1, 1, '法人91', '法人フルネーム91', '法人ふりがな91', 'test91@test.co.jp', '070', '0000', '住所91', '091', '191', '291', 'FAX91', '43.00000000000000', '143.00000000000000', '法人91', 'コメント91', '法人開始91', '代表91', '社歴91歳', '資本金91', 'スタッフ91', 2, 2, 2, 1, '2022-10-05 03:22:35', '2022-10-05 03:22:35'),
(92, 1, 1, '法人92', '法人フルネーム92', '法人ふりがな92', 'test92@test.co.jp', '070', '0000', '住所92', '092', '192', '292', 'FAX92', '43.00000000000000', '143.00000000000000', '法人92', 'コメント92', '法人開始92', '代表92', '社歴92歳', '資本金92', 'スタッフ92', 2, 2, 2, 1, '2022-10-05 03:22:35', '2022-10-05 03:22:35'),
(93, 1, 1, '法人93', '法人フルネーム93', '法人ふりがな93', 'test93@test.co.jp', '070', '0000', '住所93', '093', '193', '293', 'FAX93', '43.00000000000000', '143.00000000000000', '法人93', 'コメント93', '法人開始93', '代表93', '社歴93歳', '資本金93', 'スタッフ93', 2, 2, 2, 1, '2022-10-05 03:22:35', '2022-10-05 03:22:35'),
(94, 1, 1, '法人94', '法人フルネーム94', '法人ふりがな94', 'test94@test.co.jp', '070', '0000', '住所94', '094', '194', '294', 'FAX94', '43.00000000000000', '143.00000000000000', '法人94', 'コメント94', '法人開始94', '代表94', '社歴94歳', '資本金94', 'スタッフ94', 2, 2, 2, 1, '2022-10-05 03:22:35', '2022-10-05 03:22:35'),
(95, 1, 1, '法人95', '法人フルネーム95', '法人ふりがな95', 'test95@test.co.jp', '070', '0000', '住所95', '095', '195', '295', 'FAX95', '43.00000000000000', '143.00000000000000', '法人95', 'コメント95', '法人開始95', '代表95', '社歴95歳', '資本金95', 'スタッフ95', 2, 2, 2, 1, '2022-10-05 03:22:35', '2022-10-05 03:22:35'),
(96, 1, 1, '法人96', '法人フルネーム96', '法人ふりがな96', 'test96@test.co.jp', '070', '0000', '住所96', '096', '196', '296', 'FAX96', '43.00000000000000', '143.00000000000000', '法人96', 'コメント96', '法人開始96', '代表96', '社歴96歳', '資本金96', 'スタッフ96', 2, 2, 2, 1, '2022-10-05 03:22:35', '2022-10-05 03:22:35'),
(97, 1, 1, '法人97', '法人フルネーム97', '法人ふりがな97', 'test97@test.co.jp', '070', '0000', '住所97', '097', '197', '297', 'FAX97', '43.00000000000000', '143.00000000000000', '法人97', 'コメント97', '法人開始97', '代表97', '社歴97歳', '資本金97', 'スタッフ97', 2, 2, 2, 1, '2022-10-05 03:22:35', '2022-10-05 03:22:35'),
(98, 1, 1, '法人98', '法人フルネーム98', '法人ふりがな98', 'test98@test.co.jp', '070', '0000', '住所98', '098', '198', '298', 'FAX98', '43.00000000000000', '143.00000000000000', '法人98', 'コメント98', '法人開始98', '代表98', '社歴98歳', '資本金98', 'スタッフ98', 2, 2, 2, 1, '2022-10-05 03:22:35', '2022-10-05 03:22:35'),
(99, 1, 1, '法人99', '法人フルネーム99', '法人ふりがな99', 'test99@test.co.jp', '070', '0000', '住所99', '099', '199', '299', 'FAX99', '43.00000000000000', '143.00000000000000', '法人99', 'コメント99', '法人開始99', '代表99', '社歴99歳', '資本金99', 'スタッフ99', 2, 2, 2, 1, '2022-10-05 03:22:35', '2022-10-05 03:22:35'),
(100, 1, 1, '法人100', '法人フルネーム100', '法人ふりがな100', 'test100@test.co.jp', '070', '0000', '住所100', '0100', '1100', '2100', 'FAX100', '43.00000000000000', '143.00000000000000', '法人100', 'コメント100', '法人開始100', '代表100', '社歴100歳', '資本金100', 'スタッフ100', 2, 2, 2, 1, '2022-10-05 03:22:35', '2022-10-05 03:22:35');

-- --------------------------------------------------------

--
-- テーブルの構造 `company_user`
--

CREATE TABLE `company_user` (
  `id` int(10) UNSIGNED NOT NULL,
  `company_id` int(10) UNSIGNED NOT NULL,
  `user_id` int(10) UNSIGNED NOT NULL,
  `created_at` timestamp NOT NULL DEFAULT current_timestamp(),
  `updated_at` timestamp NOT NULL DEFAULT current_timestamp()
) ENGINE=InnoDB DEFAULT CHARSET=utf8mb4 COLLATE=utf8mb4_bin;

-- --------------------------------------------------------

--
-- テーブルの構造 `contacts`
--

CREATE TABLE `contacts` (
  `id` int(10) UNSIGNED NOT NULL,
  `name` varchar(255) COLLATE utf8mb4_bin NOT NULL COMMENT '名前',
  `kana` varchar(255) COLLATE utf8mb4_bin NOT NULL COMMENT 'ふりがな',
  `email` varchar(255) COLLATE utf8mb4_bin NOT NULL COMMENT 'メールアドレス',
  `tel` varchar(255) COLLATE utf8mb4_bin NOT NULL COMMENT '電話番号',
  `reply` varchar(255) COLLATE utf8mb4_bin NOT NULL COMMENT 'ご返答方法',
  `msg` text COLLATE utf8mb4_bin NOT NULL COMMENT 'お問い合わせ内容',
  `ip` varchar(20) COLLATE utf8mb4_bin NOT NULL COMMENT 'IPアドレス',
  `created_at` timestamp NOT NULL DEFAULT current_timestamp(),
  `updated_at` timestamp NOT NULL DEFAULT current_timestamp()
) ENGINE=InnoDB DEFAULT CHARSET=utf8mb4 COLLATE=utf8mb4_bin;

-- --------------------------------------------------------

--
-- テーブルの構造 `conversations`
--

CREATE TABLE `conversations` (
  `id` int(10) UNSIGNED NOT NULL,
  `msg` text COLLATE utf8mb4_bin NOT NULL COMMENT 'メッセージ',
  `user_id` int(10) UNSIGNED NOT NULL,
  `created_at` timestamp NOT NULL DEFAULT current_timestamp(),
  `updated_at` timestamp NOT NULL DEFAULT current_timestamp()
) ENGINE=InnoDB DEFAULT CHARSET=utf8mb4 COLLATE=utf8mb4_bin;

-- --------------------------------------------------------

--
-- テーブルの構造 `document_orders`
--

CREATE TABLE `document_orders` (
  `id` int(10) UNSIGNED NOT NULL,
  `name` varchar(255) COLLATE utf8mb4_bin NOT NULL COMMENT '名前',
  `kana` varchar(255) COLLATE utf8mb4_bin NOT NULL COMMENT 'ふりがな',
  `zip` varchar(20) COLLATE utf8mb4_bin NOT NULL COMMENT '郵便番号',
  `address` varchar(255) COLLATE utf8mb4_bin NOT NULL COMMENT '住所',
  `tel` varchar(255) COLLATE utf8mb4_bin NOT NULL COMMENT '電話番号',
  `email` varchar(255) COLLATE utf8mb4_bin NOT NULL COMMENT 'メールアドレス',
  `msg` text COLLATE utf8mb4_bin NOT NULL COMMENT 'お問い合わせ内容',
  `ip` varchar(20) COLLATE utf8mb4_bin NOT NULL COMMENT 'IPアドレス',
  `created_at` timestamp NOT NULL DEFAULT current_timestamp(),
  `updated_at` timestamp NOT NULL DEFAULT current_timestamp()
) ENGINE=InnoDB DEFAULT CHARSET=utf8mb4 COLLATE=utf8mb4_bin;

-- --------------------------------------------------------

--
-- テーブルの構造 `failed_jobs`
--

CREATE TABLE `failed_jobs` (
  `id` int(10) UNSIGNED NOT NULL,
  `uuid` varchar(255) COLLATE utf8mb4_bin NOT NULL,
  `connection` text COLLATE utf8mb4_bin NOT NULL,
  `queue` text COLLATE utf8mb4_bin NOT NULL,
  `payload` longtext COLLATE utf8mb4_bin NOT NULL,
  `exception` longtext COLLATE utf8mb4_bin NOT NULL,
  `failed_at` timestamp NOT NULL DEFAULT current_timestamp()
) ENGINE=InnoDB DEFAULT CHARSET=utf8mb4 COLLATE=utf8mb4_bin;

-- --------------------------------------------------------

--
-- テーブルの構造 `jobs`
--

CREATE TABLE `jobs` (
  `id` bigint(20) UNSIGNED NOT NULL,
  `queue` varchar(255) COLLATE utf8mb4_bin NOT NULL,
  `payload` longtext COLLATE utf8mb4_bin NOT NULL,
  `attempts` tinyint(3) UNSIGNED NOT NULL,
  `reserved_at` int(10) UNSIGNED DEFAULT NULL,
  `available_at` int(10) UNSIGNED NOT NULL,
  `created_at` int(10) UNSIGNED NOT NULL
) ENGINE=InnoDB DEFAULT CHARSET=utf8mb4 COLLATE=utf8mb4_bin;

-- --------------------------------------------------------

--
-- テーブルの構造 `job_types`
--

CREATE TABLE `job_types` (
  `id` int(10) UNSIGNED NOT NULL,
  `display` tinyint(1) NOT NULL DEFAULT 0 COMMENT '表示',
  `public` tinyint(1) NOT NULL DEFAULT 0 COMMENT '一般公開',
  `name` varchar(255) COLLATE utf8mb4_bin NOT NULL COMMENT '名前',
  `serial` varchar(50) COLLATE utf8mb4_bin NOT NULL COMMENT 'シリアル',
  `description` varchar(255) COLLATE utf8mb4_bin NOT NULL COMMENT '概要',
  `reorder` int(10) UNSIGNED NOT NULL DEFAULT 1 COMMENT '並び順',
  `created_at` timestamp NOT NULL DEFAULT current_timestamp(),
  `updated_at` timestamp NOT NULL DEFAULT current_timestamp()
) ENGINE=InnoDB DEFAULT CHARSET=utf8mb4 COLLATE=utf8mb4_bin;

--
-- テーブルのデータのダンプ `job_types`
--

INSERT INTO `job_types` (`id`, `display`, `public`, `name`, `serial`, `description`, `reorder`, `created_at`, `updated_at`) VALUES
(1, 1, 1, '設定なし・不明', 'empty', '', 8, '2022-10-05 03:22:31', '2022-10-05 03:22:31'),
(2, 1, 1, 'その他', 'other', '', 7, '2022-10-05 03:22:31', '2022-10-05 03:22:31'),
(3, 1, 0, 'MSW', 'msw', '', 1, '2022-10-05 03:22:31', '2022-10-05 03:22:31'),
(4, 1, 0, 'ケアマネジャー', 'care_manager', '', 2, '2022-10-05 03:22:31', '2022-10-05 03:22:31'),
(5, 1, 1, 'PSW', 'psw', '', 3, '2022-10-05 03:22:31', '2022-10-05 03:22:31'),
(6, 1, 1, '相談員', 'counselor', '', 4, '2022-10-05 03:22:31', '2022-10-05 03:22:31'),
(7, 1, 1, '看護師', 'nurse', '', 5, '2022-10-05 03:22:31', '2022-10-05 03:22:31'),
(8, 1, 1, '保健師', 'public_health_nurse', '', 6, '2022-10-05 03:22:31', '2022-10-05 03:22:31');

-- --------------------------------------------------------

--
-- テーブルの構造 `logs`
--

CREATE TABLE `logs` (
  `id` int(10) UNSIGNED NOT NULL,
  `log` text COLLATE utf8mb4_bin NOT NULL COMMENT 'ログ',
  `prefix` varchar(255) COLLATE utf8mb4_bin NOT NULL COMMENT '操作したページタイプ[例：admin|general|user]',
  `page` varchar(255) COLLATE utf8mb4_bin NOT NULL COMMENT '操作したページ[例：spot|company|user|fax]',
  `action` varchar(255) COLLATE utf8mb4_bin NOT NULL COMMENT '行動種類[例：store|update|display|remove]',
  `column_id` int(10) UNSIGNED DEFAULT NULL COMMENT '操作したモデルのid。',
  `value` varchar(255) COLLATE utf8mb4_bin NOT NULL COMMENT '名前などの入力値や完了メッセージ',
  `ip` varchar(255) COLLATE utf8mb4_bin NOT NULL COMMENT '操作したユーザーのIP',
  `user_name` varchar(255) COLLATE utf8mb4_bin NOT NULL COMMENT '操作したユーザーの名前',
  `user_id` int(10) UNSIGNED NOT NULL COMMENT '操作したユーザーのID',
  `created_at` timestamp NOT NULL DEFAULT current_timestamp(),
  `updated_at` timestamp NOT NULL DEFAULT current_timestamp()
) ENGINE=InnoDB DEFAULT CHARSET=utf8mb4 COLLATE=utf8mb4_bin;

-- --------------------------------------------------------

--
-- テーブルの構造 `migrations`
--

CREATE TABLE `migrations` (
  `id` int(10) UNSIGNED NOT NULL,
  `migration` varchar(255) COLLATE utf8mb4_bin NOT NULL,
  `batch` int(11) NOT NULL
) ENGINE=InnoDB DEFAULT CHARSET=utf8mb4 COLLATE=utf8mb4_bin;

--
-- テーブルのデータのダンプ `migrations`
--

INSERT INTO `migrations` (`id`, `migration`, `batch`) VALUES
(542, '2014_01_01_000000_create_roles_table', 1),
(543, '2019_12_14_000001_create_personal_access_tokens_table', 1),
(544, '2022_08_01_000001_create_failed_jobs_table', 1),
(545, '2022_08_01_100000_create_job_types_table', 1),
(546, '2022_08_01_100000_create_reset_passwords_table', 1),
(547, '2022_08_01_100000_create_sessions_table', 1),
(548, '2022_08_01_100000_create_user_types_table', 1),
(549, '2022_08_01_200000_create_users_table', 1),
(550, '2022_08_01_240000_create_prefectures_table', 1),
(551, '2022_08_01_250000_create_area_branches_table', 1),
(552, '2022_08_01_300000_create_categories_table', 1),
(553, '2022_08_01_300000_create_cities_table', 1),
(554, '2022_08_01_300000_create_price_genres_table', 1),
(555, '2022_08_01_300000_create_price_ranges_table', 1),
(556, '2022_08_01_300000_create_spaces_table', 1),
(557, '2022_08_01_300000_create_spot_icon_genres_table', 1),
(558, '2022_08_01_300000_create_spot_icon_types_table', 1),
(559, '2022_08_01_300000_create_spot_plans_table', 1),
(560, '2022_08_01_300000_create_trade_areas_table', 1),
(561, '2022_08_01_350000_create_books_table', 1),
(562, '2022_08_01_380000_create_area_labels_table', 1),
(563, '2022_08_01_380000_create_area_sections_table', 1),
(564, '2022_08_01_400000_create_areas_table', 1),
(565, '2022_08_01_400000_create_companies_table', 1),
(566, '2022_08_01_500000_create_area_centers_table', 1),
(567, '2022_08_01_500000_create_authenticates_table', 1),
(568, '2022_08_01_500000_create_contacts_table', 1),
(569, '2022_08_01_500000_create_document_orders_table', 1),
(570, '2022_08_01_500000_create_news_table', 1),
(571, '2022_08_01_500000_create_spots_table', 1),
(572, '2022_08_01_600000_create_spot_details_table', 1),
(573, '2022_08_01_600000_create_spot_icon_genre_comments_table', 1),
(574, '2022_08_01_600000_create_spot_icon_items_table', 1),
(575, '2022_08_01_600000_create_spot_images_table', 1),
(576, '2022_08_01_600000_create_spot_prices_table', 1),
(577, '2022_08_01_700000_create_spot_icon_statuses_table', 1),
(578, '2022_08_01_800000_create_book_spot_table', 1),
(579, '2022_08_01_800000_create_company_user_table', 1),
(580, '2022_08_01_800000_create_spot_user_table', 1),
(581, '2022_08_01_900000_create_conversations_table', 1),
(582, '2022_08_01_900000_create_jobs_table', 1),
(583, '2022_08_01_900000_create_logs_table', 1);

-- --------------------------------------------------------

--
-- テーブルの構造 `news`
--

CREATE TABLE `news` (
  `id` int(10) UNSIGNED NOT NULL,
  `display` tinyint(1) NOT NULL DEFAULT 0 COMMENT '表示',
  `preview` tinyint(1) NOT NULL DEFAULT 0 COMMENT 'プレビュー',
  `name` varchar(255) COLLATE utf8mb4_bin NOT NULL COMMENT '記事名',
  `body` text COLLATE utf8mb4_bin NOT NULL COMMENT '本文',
  `more` text COLLATE utf8mb4_bin NOT NULL COMMENT '追記',
  `url` varchar(255) COLLATE utf8mb4_bin NOT NULL COMMENT '関連URL',
  `user_id` int(10) UNSIGNED NOT NULL DEFAULT 1 COMMENT 'ユーザーID',
  `created_at` timestamp NOT NULL DEFAULT current_timestamp(),
  `updated_at` timestamp NOT NULL DEFAULT current_timestamp()
) ENGINE=InnoDB DEFAULT CHARSET=utf8mb4 COLLATE=utf8mb4_bin;

-- --------------------------------------------------------

--
-- テーブルの構造 `personal_access_tokens`
--

CREATE TABLE `personal_access_tokens` (
  `id` bigint(20) UNSIGNED NOT NULL,
  `tokenable_type` varchar(255) COLLATE utf8mb4_bin NOT NULL,
  `tokenable_id` bigint(20) UNSIGNED NOT NULL,
  `name` varchar(255) COLLATE utf8mb4_bin NOT NULL,
  `token` varchar(64) COLLATE utf8mb4_bin NOT NULL,
  `abilities` text COLLATE utf8mb4_bin DEFAULT NULL,
  `last_used_at` timestamp NULL DEFAULT NULL,
  `expires_at` timestamp NULL DEFAULT NULL,
  `created_at` timestamp NULL DEFAULT NULL,
  `updated_at` timestamp NULL DEFAULT NULL
) ENGINE=InnoDB DEFAULT CHARSET=utf8mb4 COLLATE=utf8mb4_bin;

-- --------------------------------------------------------

--
-- テーブルの構造 `prefectures`
--

CREATE TABLE `prefectures` (
  `id` int(10) UNSIGNED NOT NULL,
  `display` tinyint(1) NOT NULL DEFAULT 0 COMMENT '表示',
  `public` tinyint(1) NOT NULL DEFAULT 0 COMMENT '一般画面で公開',
  `name` varchar(255) COLLATE utf8mb4_bin NOT NULL COMMENT '名前',
  `serial` varchar(255) COLLATE utf8mb4_bin NOT NULL COMMENT 'シリアル',
  `code` varchar(5) COLLATE utf8mb4_bin NOT NULL COMMENT '都道府県コード',
  `lat` decimal(17,14) NOT NULL COMMENT 'LAT',
  `lng` decimal(17,14) NOT NULL COMMENT 'LNG',
  `zoom` int(10) UNSIGNED NOT NULL DEFAULT 15 COMMENT 'ズーム',
  `reorder` int(10) UNSIGNED NOT NULL DEFAULT 1 COMMENT '並び順',
  `user_id` int(10) UNSIGNED NOT NULL DEFAULT 1 COMMENT 'ユーザーID',
  `created_at` timestamp NOT NULL DEFAULT current_timestamp(),
  `updated_at` timestamp NOT NULL DEFAULT current_timestamp()
) ENGINE=InnoDB DEFAULT CHARSET=utf8mb4 COLLATE=utf8mb4_bin;

--
-- テーブルのデータのダンプ `prefectures`
--

INSERT INTO `prefectures` (`id`, `display`, `public`, `name`, `serial`, `code`, `lat`, `lng`, `zoom`, `reorder`, `user_id`, `created_at`, `updated_at`) VALUES
(1, 1, 0, '指定なし', 'empty', '00', '43.28724752922900', '142.67940204710000', 9, 1, 1, '2022-10-05 03:22:32', '2022-10-05 03:22:32'),
(2, 1, 1, '北海道', 'hokkaido', '01', '43.28724752922900', '142.67940204710000', 7, 2, 1, '2022-10-05 03:22:32', '2022-10-05 03:22:32'),
(3, 1, 1, '青森県', 'aomori', '02', '40.68786062490900', '140.73868817097000', 9, 3, 1, '2022-10-05 03:22:32', '2022-10-05 03:22:32'),
(4, 1, 1, '岩手県', 'iwate', '03', '39.70491591344000', '141.14620780276000', 10, 4, 1, '2022-10-05 03:22:32', '2022-10-05 03:22:32'),
(5, 1, 1, '宮城県', 'miyagi', '04', '38.43355057040800', '140.84204179874000', 8, 5, 1, '2022-10-05 03:22:32', '2022-10-05 03:22:32'),
(6, 1, 1, '秋田県', 'akita', '05', '39.79928294062000', '140.20724159989000', 9, 6, 1, '2022-10-05 03:22:32', '2022-10-05 03:22:32'),
(7, 1, 1, '山形県', 'yamagata', '06', '38.51410854545900', '140.11069635366000', 8, 7, 1, '2022-10-05 03:22:32', '2022-10-05 03:22:32'),
(8, 1, 1, '福島県', 'fukushima', '07', '37.54758437103200', '140.35356802421000', 10, 8, 1, '2022-10-05 03:22:32', '2022-10-05 03:22:32'),
(9, 1, 1, '茨城県', 'ibaraki', '08', '36.33993360854600', '140.37368764623000', 8, 9, 1, '2022-10-05 03:22:32', '2022-10-05 03:22:32'),
(10, 1, 1, '栃木県', 'tochigi', '09', '36.67622829721600', '139.82415211187000', 9, 10, 1, '2022-10-05 03:22:32', '2022-10-05 03:22:32'),
(11, 1, 1, '群馬県', 'gunma', '10', '36.55532295811500', '138.95997396954000', 9, 11, 1, '2022-10-05 03:22:32', '2022-10-05 03:22:32'),
(12, 1, 1, '埼玉県', 'saitama', '11', '36.01300986087800', '139.36445892256000', 9, 12, 1, '2022-10-05 03:22:32', '2022-10-05 03:22:32'),
(13, 1, 1, '千葉県', 'chiba', '12', '35.35313416901900', '140.17066516469000', 9, 13, 1, '2022-10-05 03:22:32', '2022-10-05 03:22:32'),
(14, 1, 1, '東京都', 'tokyo', '13', '35.70104953079100', '139.71143905135000', 12, 14, 1, '2022-10-05 03:22:32', '2022-10-05 03:22:32'),
(15, 1, 1, '神奈川県', 'kanagawa', '14', '35.44899460135300', '139.63875722666000', 11, 15, 1, '2022-10-05 03:22:32', '2022-10-05 03:22:32'),
(16, 1, 1, '新潟県', 'niigata', '15', '37.67665294439100', '139.16478256008000', 9, 16, 1, '2022-10-05 03:22:32', '2022-10-05 03:22:32'),
(17, 1, 1, '富山県', 'toyama', '16', '36.73500838614300', '137.07766868142000', 11, 17, 1, '2022-10-05 03:22:32', '2022-10-05 03:22:32'),
(18, 1, 1, '石川県', 'ishikawa', '17', '36.41282058493500', '136.60238331149000', 9, 18, 1, '2022-10-05 03:22:32', '2022-10-05 03:22:32'),
(19, 1, 1, '福井県', 'fukui', '18', '35.95510142511500', '136.40040212050000', 9, 19, 1, '2022-10-05 03:22:32', '2022-10-05 03:22:32'),
(20, 1, 1, '山梨県', 'yamanashi', '19', '35.61018241598300', '138.62336927386000', 9, 20, 1, '2022-10-05 03:22:32', '2022-10-05 03:22:32'),
(21, 1, 1, '長野県', 'nagano', '20', '36.20233026716600', '138.15473236084000', 9, 21, 1, '2022-10-05 03:22:32', '2022-10-05 03:22:32'),
(22, 1, 1, '岐阜県', 'gifu', '21', '35.83845584095500', '137.06749472263000', 9, 22, 1, '2022-10-05 03:22:32', '2022-10-05 03:22:32'),
(23, 1, 1, '静岡県', 'shizuoka', '22', '34.79288826829800', '138.03861134632000', 15, 11, 1, '2022-10-05 03:22:32', '2022-10-05 03:22:32'),
(24, 1, 1, '愛知県', 'aichi', '23', '35.06901500321700', '137.19815603410000', 9, 24, 1, '2022-10-05 03:22:32', '2022-10-05 03:22:32'),
(25, 1, 1, '三重県', 'mie', '24', '34.40591315306000', '136.40040209691000', 9, 25, 1, '2022-10-05 03:22:32', '2022-10-05 03:22:32'),
(26, 1, 1, '滋賀県', 'shiga', '25', '35.27745529525900', '136.09123416177000', 9, 26, 1, '2022-10-05 03:22:32', '2022-10-05 03:22:32'),
(27, 1, 1, '京都府', 'kyoto', '26', '35.09104318870700', '135.69818803469000', 9, 27, 1, '2022-10-05 03:22:32', '2022-10-05 03:22:32'),
(28, 1, 1, '大阪府', 'osaka', '27', '34.69132219768700', '135.47728056105000', 15, 11, 1, '2022-10-05 03:22:32', '2022-10-05 03:22:32'),
(29, 1, 1, '兵庫県', 'hyogo', '28', '34.98511648452700', '135.07153366790000', 9, 29, 1, '2022-10-05 03:22:32', '2022-10-05 03:22:32'),
(30, 1, 1, '奈良県', 'nara', '29', '34.78136023511500', '135.73156150443000', 9, 30, 1, '2022-10-05 03:22:32', '2022-10-05 03:22:32'),
(31, 1, 1, '和歌山県', 'wakayama', '30', '33.87312890748800', '135.49691093048000', 9, 31, 1, '2022-10-05 03:22:32', '2022-10-05 03:22:32'),
(32, 1, 1, '鳥取県', 'tottori', '31', '35.46527126495000', '133.84327264450000', 9, 32, 1, '2022-10-05 03:22:32', '2022-10-05 03:22:32'),
(33, 1, 1, '島根県', 'shimane', '32', '35.21296209687900', '132.78415316505000', 9, 33, 1, '2022-10-05 03:22:32', '2022-10-05 03:22:32'),
(34, 1, 1, '岡山県', 'okayama', '33', '35.02180740158100', '133.83020045490000', 9, 34, 1, '2022-10-05 03:22:32', '2022-10-05 03:22:32'),
(35, 1, 1, '広島県', 'hiroshima', '34', '34.56476395116800', '132.80986323588000', 9, 35, 1, '2022-10-05 03:22:32', '2022-10-05 03:22:32'),
(36, 1, 1, '山口県', 'yamaguchi', '35', '34.24976321748800', '131.42985860722000', 9, 36, 1, '2022-10-05 03:22:32', '2022-10-05 03:22:32'),
(37, 1, 1, '徳島県', 'tokushima', '36', '33.92901310628100', '134.28301673060000', 9, 37, 1, '2022-10-05 03:22:32', '2022-10-05 03:22:32'),
(38, 1, 1, '香川県', 'kagawa', '37', '34.22128195629900', '134.02552932219000', 9, 38, 1, '2022-10-05 03:22:32', '2022-10-05 03:22:32'),
(39, 1, 1, '愛媛県', 'ehime', '38', '33.70716749504100', '132.82392141629000', 9, 39, 1, '2022-10-05 03:22:32', '2022-10-05 03:22:32'),
(40, 1, 1, '高知県', 'kouchi', '39', '33.44496919279400', '133.23399395561000', 9, 40, 1, '2022-10-05 03:22:32', '2022-10-05 03:22:32'),
(41, 1, 1, '福岡県', 'fukuoka', '40', '33.53109169993800', '130.72492030193000', 9, 41, 1, '2022-10-05 03:22:32', '2022-10-05 03:22:32'),
(42, 1, 1, '佐賀県', 'saga', '41', '33.28365677198700', '130.06061179588000', 9, 42, 1, '2022-10-05 03:22:32', '2022-10-05 03:22:32'),
(43, 1, 1, '長崎県', 'nagasaki', '42', '33.27488746733000', '129.66721931316000', 9, 43, 1, '2022-10-05 03:22:32', '2022-10-05 03:22:32'),
(44, 1, 1, '熊本県', 'kumamoto', '43', '32.58652975097200', '130.80419866820000', 9, 44, 1, '2022-10-05 03:22:32', '2022-10-05 03:22:32'),
(45, 1, 1, '大分県', 'ooita', '44', '33.18299558967800', '131.55943688284000', 9, 45, 1, '2022-10-05 03:22:32', '2022-10-05 03:22:32'),
(46, 1, 1, '宮崎県', 'miyazaki', '45', '32.42730172289100', '131.36163639806000', 9, 46, 1, '2022-10-05 03:22:32', '2022-10-05 03:22:32'),
(47, 1, 1, '鹿児島県', 'kagoshima', '46', '31.90214511343800', '130.44456142313000', 9, 47, 1, '2022-10-05 03:22:32', '2022-10-05 03:22:32'),
(48, 1, 1, '沖縄県', 'okinawa', '47', '26.51199513186100', '127.94451592426000', 9, 48, 1, '2022-10-05 03:22:32', '2022-10-05 03:22:32');

-- --------------------------------------------------------

--
-- テーブルの構造 `price_genres`
--

CREATE TABLE `price_genres` (
  `id` int(10) UNSIGNED NOT NULL,
  `display` tinyint(1) NOT NULL DEFAULT 0 COMMENT '表示',
  `serial` varchar(255) COLLATE utf8mb4_bin NOT NULL COMMENT 'シリアル',
  `name` varchar(255) COLLATE utf8mb4_bin NOT NULL COMMENT '名前',
  `description` text COLLATE utf8mb4_bin NOT NULL COMMENT 'このジャンルについての概要',
  `ps` varchar(255) COLLATE utf8mb4_bin NOT NULL COMMENT '例や注意事項など',
  `reorder` int(10) UNSIGNED NOT NULL DEFAULT 1 COMMENT '並び順',
  `created_at` timestamp NOT NULL DEFAULT current_timestamp(),
  `updated_at` timestamp NOT NULL DEFAULT current_timestamp()
) ENGINE=InnoDB DEFAULT CHARSET=utf8mb4 COLLATE=utf8mb4_bin;

--
-- テーブルのデータのダンプ `price_genres`
--

INSERT INTO `price_genres` (`id`, `display`, `serial`, `name`, `description`, `ps`, `reorder`, `created_at`, `updated_at`) VALUES
(1, 0, 'empty', '指定なし', '', '', 1, '2022-10-05 03:22:33', '2022-10-05 03:22:33'),
(2, 1, 'monthly', '家賃', '', '例：45,000円', 2, '2022-10-05 03:22:33', '2022-10-05 03:22:33'),
(3, 1, 'manage', '管理費', '', '例：35,000円', 3, '2022-10-05 03:22:33', '2022-10-05 03:22:33'),
(4, 1, 'meal', '食費', '', '例：25,000円', 5, '2022-10-05 03:22:33', '2022-10-05 03:22:33'),
(5, 1, 'huel', '水道光熱費', '', '例：15,000円', 5, '2022-10-05 03:22:33', '2022-10-05 03:22:33'),
(6, 1, 'winter', '冬期暖房費', '', '例：8,000円（9月〜3月）', 6, '2022-10-05 03:22:33', '2022-10-05 03:22:33'),
(7, 1, 'other', 'その他費用', '', '例：0円', 7, '2022-10-05 03:22:33', '2022-10-05 03:22:33');

-- --------------------------------------------------------

--
-- テーブルの構造 `price_ranges`
--

CREATE TABLE `price_ranges` (
  `id` int(10) UNSIGNED NOT NULL,
  `display` tinyint(1) NOT NULL DEFAULT 0 COMMENT '表示',
  `public` tinyint(1) NOT NULL DEFAULT 0 COMMENT '一般画面で公開',
  `name` varchar(255) COLLATE utf8mb4_bin NOT NULL COMMENT '名前',
  `min` int(10) UNSIGNED NOT NULL DEFAULT 0 COMMENT '最低金額',
  `max` int(10) UNSIGNED NOT NULL DEFAULT 0 COMMENT '最高金額',
  `reorder` int(10) UNSIGNED NOT NULL DEFAULT 1 COMMENT '並び順',
  `user_id` int(10) UNSIGNED NOT NULL DEFAULT 1 COMMENT 'ユーザーID',
  `created_at` timestamp NOT NULL DEFAULT current_timestamp(),
  `updated_at` timestamp NOT NULL DEFAULT current_timestamp()
) ENGINE=InnoDB DEFAULT CHARSET=utf8mb4 COLLATE=utf8mb4_bin;

--
-- テーブルのデータのダンプ `price_ranges`
--

INSERT INTO `price_ranges` (`id`, `display`, `public`, `name`, `min`, `max`, `reorder`, `user_id`, `created_at`, `updated_at`) VALUES
(1, 1, 1, '指定なし', 0, 0, 1, 1, '2022-10-05 03:22:33', '2022-10-05 03:22:33'),
(2, 1, 1, '〜5万円', 0, 50000, 2, 1, '2022-10-05 03:22:33', '2022-10-05 03:22:33'),
(3, 1, 1, '5〜10万円', 50000, 100000, 3, 1, '2022-10-05 03:22:33', '2022-10-05 03:22:33'),
(4, 1, 1, '10〜15万円', 100000, 150000, 4, 1, '2022-10-05 03:22:33', '2022-10-05 03:22:33'),
(5, 1, 1, '20万円〜', 150000, 200000, 5, 1, '2022-10-05 03:22:33', '2022-10-05 03:22:33');

-- --------------------------------------------------------

--
-- テーブルの構造 `reset_passwords`
--

CREATE TABLE `reset_passwords` (
  `id` int(10) UNSIGNED NOT NULL,
  `email` varchar(255) COLLATE utf8mb4_bin NOT NULL,
  `token` varchar(255) COLLATE utf8mb4_bin NOT NULL,
  `created_at` timestamp NOT NULL DEFAULT current_timestamp(),
  `updated_at` timestamp NOT NULL DEFAULT current_timestamp()
) ENGINE=InnoDB DEFAULT CHARSET=utf8mb4 COLLATE=utf8mb4_bin;

-- --------------------------------------------------------

--
-- テーブルの構造 `roles`
--

CREATE TABLE `roles` (
  `id` int(10) UNSIGNED NOT NULL,
  `display` tinyint(1) NOT NULL DEFAULT 0,
  `name` varchar(255) COLLATE utf8mb4_bin NOT NULL,
  `serial` varchar(255) COLLATE utf8mb4_bin NOT NULL,
  `description` varchar(255) COLLATE utf8mb4_bin NOT NULL,
  `reorder` int(10) UNSIGNED NOT NULL DEFAULT 999,
  `created_at` timestamp NOT NULL DEFAULT current_timestamp(),
  `updated_at` timestamp NOT NULL DEFAULT current_timestamp()
) ENGINE=InnoDB DEFAULT CHARSET=utf8mb4 COLLATE=utf8mb4_bin;

--
-- テーブルのデータのダンプ `roles`
--

INSERT INTO `roles` (`id`, `display`, `name`, `serial`, `description`, `reorder`, `created_at`, `updated_at`) VALUES
(1, 1, 'システム管理者', 'root', 'システム全体に関して全権限をもつ管理ユーザーです（社内のみ）', 1, '2022-10-05 03:22:31', '2022-10-05 03:22:31'),
(2, 1, 'サイト管理者', 'admin', '利用に関して全権限をもつ管理ユーザーです（社内のみ）', 2, '2022-10-05 03:22:31', '2022-10-05 03:22:31'),
(3, 1, '登録ユーザー', 'user', '閲覧と紐付いた事業所のみの修正に関しての権限をもつ一般ユーザーです', 3, '2022-10-05 03:22:31', '2022-10-05 03:22:31'),
(4, 1, '閲覧ユーザー', 'visitor', '閲覧に関しての権限をもつユーザーです。社外ユーザーを含みます', 4, '2022-10-05 03:22:31', '2022-10-05 03:22:31'),
(5, 1, 'ゲスト', 'guest', 'ほぼ権限を持たない一時的なユーザーです。通常は使われません', 5, '2022-10-05 03:22:31', '2022-10-05 03:22:31');

-- --------------------------------------------------------

--
-- テーブルの構造 `sessions`
--

CREATE TABLE `sessions` (
  `id` varchar(255) COLLATE utf8mb4_bin NOT NULL,
  `user_id` bigint(20) UNSIGNED DEFAULT NULL,
  `ip_address` varchar(45) COLLATE utf8mb4_bin DEFAULT NULL,
  `user_agent` text COLLATE utf8mb4_bin DEFAULT NULL,
  `payload` longtext COLLATE utf8mb4_bin NOT NULL,
  `last_activity` int(11) NOT NULL
) ENGINE=InnoDB DEFAULT CHARSET=utf8mb4 COLLATE=utf8mb4_bin;

-- --------------------------------------------------------

--
-- テーブルの構造 `spaces`
--

CREATE TABLE `spaces` (
  `id` int(10) UNSIGNED NOT NULL,
  `display` tinyint(1) NOT NULL DEFAULT 0 COMMENT '表示',
  `name` varchar(255) COLLATE utf8mb4_bin NOT NULL COMMENT '名前',
  `reorder` int(10) UNSIGNED NOT NULL DEFAULT 1 COMMENT '並び順',
  `user_id` int(10) UNSIGNED NOT NULL DEFAULT 1 COMMENT 'ユーザーID',
  `created_at` timestamp NOT NULL DEFAULT current_timestamp(),
  `updated_at` timestamp NOT NULL DEFAULT current_timestamp()
) ENGINE=InnoDB DEFAULT CHARSET=utf8mb4 COLLATE=utf8mb4_bin;

--
-- テーブルのデータのダンプ `spaces`
--

INSERT INTO `spaces` (`id`, `display`, `name`, `reorder`, `user_id`, `created_at`, `updated_at`) VALUES
(1, 1, '指定なし', 1, 1, '2022-10-05 03:22:33', '2022-10-05 03:22:33'),
(2, 1, 'その他・不明', 2, 1, '2022-10-05 03:22:33', '2022-10-05 03:22:33'),
(3, 1, '複数種類あり', 3, 1, '2022-10-05 03:22:33', '2022-10-05 03:22:33'),
(4, 1, '4〜6畳', 4, 1, '2022-10-05 03:22:33', '2022-10-05 03:22:33'),
(5, 1, '7〜10畳', 5, 1, '2022-10-05 03:22:33', '2022-10-05 03:22:33'),
(6, 1, '10畳以上', 6, 1, '2022-10-05 03:22:33', '2022-10-05 03:22:33');

-- --------------------------------------------------------

--
-- テーブルの構造 `spots`
--

CREATE TABLE `spots` (
  `id` int(10) UNSIGNED NOT NULL,
  `display` tinyint(1) NOT NULL DEFAULT 0 COMMENT '表示',
  `preview` tinyint(1) NOT NULL DEFAULT 0 COMMENT 'プレビュー',
  `name` varchar(255) COLLATE utf8mb4_bin NOT NULL COMMENT '名称',
  `longname` varchar(255) COLLATE utf8mb4_bin NOT NULL COMMENT '正式名称',
  `zip1` varchar(3) COLLATE utf8mb4_bin NOT NULL COMMENT '郵便番号1',
  `zip2` varchar(4) COLLATE utf8mb4_bin NOT NULL COMMENT '郵便番号2',
  `address` varchar(255) COLLATE utf8mb4_bin NOT NULL COMMENT '住所',
  `tel1` varchar(5) COLLATE utf8mb4_bin NOT NULL COMMENT '電話番号1',
  `tel2` varchar(5) COLLATE utf8mb4_bin NOT NULL COMMENT '電話番号2',
  `tel3` varchar(5) COLLATE utf8mb4_bin NOT NULL COMMENT '電話番号3',
  `vacancy` int(10) UNSIGNED NOT NULL DEFAULT 1 COMMENT '空室の状態 [1:指定なし|2:空きあり|3:空きなし|4:要問合せ]',
  `document` int(10) UNSIGNED NOT NULL DEFAULT 1 COMMENT '資料の状態 [1:指定なし|2:資料あり|3:資料なし|4:要問合せ]',
  `viewing` int(10) UNSIGNED NOT NULL DEFAULT 1 COMMENT '見学予約の状態 [1:指定なし|2:見学予約可能|3:見学予約不可|4:要問合せ]',
  `is_book` int(10) UNSIGNED NOT NULL DEFAULT 1 COMMENT '掲載する／掲載しない]',
  `is_meeting` tinyint(1) NOT NULL DEFAULT 0 COMMENT 'やり取り中',
  `heading` text COLLATE utf8mb4_bin NOT NULL COMMENT '見出し',
  `message` text COLLATE utf8mb4_bin NOT NULL COMMENT 'メッセージ',
  `monthly_price_min` int(10) UNSIGNED NOT NULL DEFAULT 1 COMMENT '月額最低金額',
  `monthly_price_max` int(10) UNSIGNED NOT NULL DEFAULT 1 COMMENT '月額最高金額',
  `for_check_monthly` tinyint(1) NOT NULL DEFAULT 0 COMMENT '月額金額の間の〜',
  `movein_price_min` int(10) UNSIGNED NOT NULL DEFAULT 1 COMMENT '入居時最低金額',
  `movein_price_max` int(10) UNSIGNED NOT NULL DEFAULT 1 COMMENT '入居時最高金額',
  `for_check_movein` tinyint(1) NOT NULL DEFAULT 0 COMMENT '入居時金額の間の〜',
  `is_selfpay` tinyint(1) NOT NULL DEFAULT 0 COMMENT '介護自己負担を月額費用に含む',
  `room_size` varchar(255) COLLATE utf8mb4_bin NOT NULL COMMENT '部屋サイズ',
  `lat` decimal(17,14) NOT NULL DEFAULT 43.76281006321748 COMMENT 'LAT',
  `lng` decimal(17,14) NOT NULL DEFAULT 142.35817790725756 COMMENT 'LNG',
  `search_words` text COLLATE utf8mb4_bin NOT NULL COMMENT '検索用テキスト（保存時に自動作成）',
  `area_center_id` int(10) UNSIGNED NOT NULL DEFAULT 1 COMMENT '地域包括支援センターID',
  `category_id` int(10) UNSIGNED NOT NULL DEFAULT 1 COMMENT '種別ID',
  `city_id` int(10) UNSIGNED NOT NULL DEFAULT 1 COMMENT '市町村ID',
  `company_id` int(10) UNSIGNED NOT NULL DEFAULT 1 COMMENT '法人ID',
  `prefecture_id` int(10) UNSIGNED NOT NULL DEFAULT 1 COMMENT '都道府県ID',
  `price_range_id` int(10) UNSIGNED NOT NULL DEFAULT 1 COMMENT '金額幅ID',
  `space_id` int(10) UNSIGNED NOT NULL DEFAULT 1 COMMENT '部屋の広さID',
  `spot_plan_id` int(10) UNSIGNED NOT NULL DEFAULT 1 COMMENT 'プランID',
  `trade_area_id` int(10) UNSIGNED NOT NULL DEFAULT 1 COMMENT '商圏ID',
  `user_id` int(10) UNSIGNED NOT NULL DEFAULT 1 COMMENT 'ユーザーID',
  `created_at` timestamp NOT NULL DEFAULT current_timestamp(),
  `updated_at` timestamp NOT NULL DEFAULT current_timestamp()
) ENGINE=InnoDB DEFAULT CHARSET=utf8mb4 COLLATE=utf8mb4_bin;

--
-- テーブルのデータのダンプ `spots`
--

INSERT INTO `spots` (`id`, `display`, `preview`, `name`, `longname`, `zip1`, `zip2`, `address`, `tel1`, `tel2`, `tel3`, `vacancy`, `document`, `viewing`, `is_book`, `is_meeting`, `heading`, `message`, `monthly_price_min`, `monthly_price_max`, `for_check_monthly`, `movein_price_min`, `movein_price_max`, `for_check_movein`, `is_selfpay`, `room_size`, `lat`, `lng`, `search_words`, `area_center_id`, `category_id`, `city_id`, `company_id`, `prefecture_id`, `price_range_id`, `space_id`, `spot_plan_id`, `trade_area_id`, `user_id`, `created_at`, `updated_at`) VALUES
(1, 1, 1, '事業所1', '事業所フルネーム1', '070', '0000', '住所1', '090', '1111', '2222', 1, 1, 1, 0, 0, '見出し1', 'コメント1', 1000, 9000, 1, 10000, 90000, 1, 1, '6畳', '43.76281006321748', '142.35817790725756', '事業所1', 2, 2, 2, 2, 2, 2, 2, 2, 2, 1, '2022-10-05 03:22:35', '2022-10-05 03:22:35'),
(2, 1, 1, '事業所2', '事業所フルネーム2', '070', '0000', '住所2', '090', '1111', '2222', 1, 1, 1, 0, 0, '見出し2', 'コメント2', 1000, 9000, 1, 10000, 90000, 1, 1, '6畳', '43.76281006321748', '142.35817790725756', '事業所2', 2, 2, 2, 2, 2, 2, 2, 2, 2, 1, '2022-10-05 03:22:35', '2022-10-05 03:22:35'),
(3, 1, 1, '事業所3', '事業所フルネーム3', '070', '0000', '住所3', '090', '1111', '2222', 1, 1, 1, 0, 0, '見出し3', 'コメント3', 1000, 9000, 1, 10000, 90000, 1, 1, '6畳', '43.76281006321748', '142.35817790725756', '事業所3', 2, 2, 2, 2, 2, 2, 2, 2, 2, 1, '2022-10-05 03:22:35', '2022-10-05 03:22:35'),
(4, 1, 1, '事業所4', '事業所フルネーム4', '070', '0000', '住所4', '090', '1111', '2222', 1, 1, 1, 0, 0, '見出し4', 'コメント4', 1000, 9000, 1, 10000, 90000, 1, 1, '6畳', '43.76281006321748', '142.35817790725756', '事業所4', 2, 2, 2, 2, 2, 2, 2, 2, 2, 1, '2022-10-05 03:22:35', '2022-10-05 03:22:35'),
(5, 1, 1, '事業所5', '事業所フルネーム5', '070', '0000', '住所5', '090', '1111', '2222', 1, 1, 1, 0, 0, '見出し5', 'コメント5', 1000, 9000, 1, 10000, 90000, 1, 1, '6畳', '43.76281006321748', '142.35817790725756', '事業所5', 2, 2, 2, 2, 2, 2, 2, 2, 2, 1, '2022-10-05 03:22:35', '2022-10-05 03:22:35'),
(6, 1, 1, '事業所6', '事業所フルネーム6', '070', '0000', '住所6', '090', '1111', '2222', 1, 1, 1, 0, 0, '見出し6', 'コメント6', 1000, 9000, 1, 10000, 90000, 1, 1, '6畳', '43.76281006321748', '142.35817790725756', '事業所6', 2, 2, 2, 2, 2, 2, 2, 2, 2, 1, '2022-10-05 03:22:35', '2022-10-05 03:22:35'),
(7, 1, 1, '事業所7', '事業所フルネーム7', '070', '0000', '住所7', '090', '1111', '2222', 1, 1, 1, 0, 0, '見出し7', 'コメント7', 1000, 9000, 1, 10000, 90000, 1, 1, '6畳', '43.76281006321748', '142.35817790725756', '事業所7', 2, 2, 2, 2, 2, 2, 2, 2, 2, 1, '2022-10-05 03:22:35', '2022-10-05 03:22:35'),
(8, 1, 1, '事業所8', '事業所フルネーム8', '070', '0000', '住所8', '090', '1111', '2222', 1, 1, 1, 0, 0, '見出し8', 'コメント8', 1000, 9000, 1, 10000, 90000, 1, 1, '6畳', '43.76281006321748', '142.35817790725756', '事業所8', 2, 2, 2, 2, 2, 2, 2, 2, 2, 1, '2022-10-05 03:22:35', '2022-10-05 03:22:35'),
(9, 1, 1, '事業所9', '事業所フルネーム9', '070', '0000', '住所9', '090', '1111', '2222', 1, 1, 1, 0, 0, '見出し9', 'コメント9', 1000, 9000, 1, 10000, 90000, 1, 1, '6畳', '43.76281006321748', '142.35817790725756', '事業所9', 2, 2, 2, 2, 2, 2, 2, 2, 2, 1, '2022-10-05 03:22:35', '2022-10-05 03:22:35'),
(10, 1, 1, '事業所10', '事業所フルネーム10', '070', '0000', '住所10', '090', '1111', '2222', 1, 1, 1, 0, 0, '見出し10', 'コメント10', 1000, 9000, 1, 10000, 90000, 1, 1, '6畳', '43.76281006321748', '142.35817790725756', '事業所10', 2, 2, 2, 2, 2, 2, 2, 2, 2, 1, '2022-10-05 03:22:35', '2022-10-05 03:22:35');

-- --------------------------------------------------------

--
-- テーブルの構造 `spot_details`
--

CREATE TABLE `spot_details` (
  `id` int(10) UNSIGNED NOT NULL,
  `kana` varchar(255) COLLATE utf8mb4_bin NOT NULL COMMENT '名称ふりがな',
  `subname` varchar(255) COLLATE utf8mb4_bin NOT NULL COMMENT 'サブの名前',
  `email` varchar(255) COLLATE utf8mb4_bin NOT NULL COMMENT 'メールアドレス',
  `feature` text COLLATE utf8mb4_bin NOT NULL COMMENT '特徴',
  `rooms` varchar(255) COLLATE utf8mb4_bin NOT NULL COMMENT '部屋状況',
  `staff` varchar(255) COLLATE utf8mb4_bin NOT NULL COMMENT '先方の担当者',
  `staffs` varchar(255) COLLATE utf8mb4_bin NOT NULL COMMENT 'スタッフ人数',
  `staff_age` varchar(255) COLLATE utf8mb4_bin NOT NULL COMMENT 'スタッフ平均年齢',
  `nurses` varchar(255) COLLATE utf8mb4_bin NOT NULL COMMENT '看護師人数',
  `nurse_time` text COLLATE utf8mb4_bin NOT NULL COMMENT '看護師滞在時間',
  `build_start` varchar(255) COLLATE utf8mb4_bin NOT NULL COMMENT '建築年',
  `open_start` varchar(255) COLLATE utf8mb4_bin NOT NULL COMMENT '開設年',
  `website` text COLLATE utf8mb4_bin NOT NULL COMMENT 'WEBサイト',
  `introducer` text COLLATE utf8mb4_bin NOT NULL COMMENT '紹介者',
  `phone` varchar(255) COLLATE utf8mb4_bin NOT NULL COMMENT '電話番号',
  `reserved_phone` text COLLATE utf8mb4_bin NOT NULL COMMENT '予約用電話番号',
  `fax` varchar(255) COLLATE utf8mb4_bin NOT NULL COMMENT 'FAX番号',
  `comment` text COLLATE utf8mb4_bin NOT NULL COMMENT 'コメント',
  `comment2` text COLLATE utf8mb4_bin NOT NULL COMMENT 'コメント2',
  `company_name` varchar(255) COLLATE utf8mb4_bin NOT NULL COMMENT '法人名',
  `company_staff` varchar(255) COLLATE utf8mb4_bin NOT NULL COMMENT '法人スタッフ',
  `proarea` varchar(255) COLLATE utf8mb4_bin NOT NULL COMMENT 'エリア',
  `spot_id` int(10) UNSIGNED NOT NULL DEFAULT 1 COMMENT '親ID',
  `created_at` timestamp NOT NULL DEFAULT current_timestamp(),
  `updated_at` timestamp NOT NULL DEFAULT current_timestamp()
) ENGINE=InnoDB DEFAULT CHARSET=utf8mb4 COLLATE=utf8mb4_bin;

--
-- テーブルのデータのダンプ `spot_details`
--

INSERT INTO `spot_details` (`id`, `kana`, `subname`, `email`, `feature`, `rooms`, `staff`, `staffs`, `staff_age`, `nurses`, `nurse_time`, `build_start`, `open_start`, `website`, `introducer`, `phone`, `reserved_phone`, `fax`, `comment`, `comment2`, `company_name`, `company_staff`, `proarea`, `spot_id`, `created_at`, `updated_at`) VALUES
(1, '事業所ふりがな1', '事業所サブ名1', 'test1@test.co.jp', '特徴1', '1畳', 'スタッフ1', 'スタッフ1', '平均1歳', '看護士1', '看護士滞在時間1', '建築年 1901', '開始年 1901', 'WEBSITE1', '紹介者1', '電話番号1', '09012345671', 'FAX1', 'コメント1', 'コメント1', '法人名1', '法人スタッフ1', 'エリア名', 1, '2022-10-05 03:22:35', '2022-10-05 03:22:35'),
(2, '事業所ふりがな2', '事業所サブ名2', 'test2@test.co.jp', '特徴2', '2畳', 'スタッフ2', 'スタッフ2', '平均2歳', '看護士2', '看護士滞在時間2', '建築年 1902', '開始年 1902', 'WEBSITE2', '紹介者2', '電話番号2', '09012345672', 'FAX2', 'コメント2', 'コメント2', '法人名2', '法人スタッフ2', 'エリア名', 2, '2022-10-05 03:22:35', '2022-10-05 03:22:35'),
(3, '事業所ふりがな3', '事業所サブ名3', 'test3@test.co.jp', '特徴3', '3畳', 'スタッフ3', 'スタッフ3', '平均3歳', '看護士3', '看護士滞在時間3', '建築年 1903', '開始年 1903', 'WEBSITE3', '紹介者3', '電話番号3', '09012345673', 'FAX3', 'コメント3', 'コメント3', '法人名3', '法人スタッフ3', 'エリア名', 3, '2022-10-05 03:22:35', '2022-10-05 03:22:35'),
(4, '事業所ふりがな4', '事業所サブ名4', 'test4@test.co.jp', '特徴4', '4畳', 'スタッフ4', 'スタッフ4', '平均4歳', '看護士4', '看護士滞在時間4', '建築年 1904', '開始年 1904', 'WEBSITE4', '紹介者4', '電話番号4', '09012345674', 'FAX4', 'コメント4', 'コメント4', '法人名4', '法人スタッフ4', 'エリア名', 4, '2022-10-05 03:22:35', '2022-10-05 03:22:35'),
(5, '事業所ふりがな5', '事業所サブ名5', 'test5@test.co.jp', '特徴5', '5畳', 'スタッフ5', 'スタッフ5', '平均5歳', '看護士5', '看護士滞在時間5', '建築年 1905', '開始年 1905', 'WEBSITE5', '紹介者5', '電話番号5', '09012345675', 'FAX5', 'コメント5', 'コメント5', '法人名5', '法人スタッフ5', 'エリア名', 5, '2022-10-05 03:22:35', '2022-10-05 03:22:35'),
(6, '事業所ふりがな6', '事業所サブ名6', 'test6@test.co.jp', '特徴6', '6畳', 'スタッフ6', 'スタッフ6', '平均6歳', '看護士6', '看護士滞在時間6', '建築年 1906', '開始年 1906', 'WEBSITE6', '紹介者6', '電話番号6', '09012345676', 'FAX6', 'コメント6', 'コメント6', '法人名6', '法人スタッフ6', 'エリア名', 6, '2022-10-05 03:22:35', '2022-10-05 03:22:35'),
(7, '事業所ふりがな7', '事業所サブ名7', 'test7@test.co.jp', '特徴7', '7畳', 'スタッフ7', 'スタッフ7', '平均7歳', '看護士7', '看護士滞在時間7', '建築年 1907', '開始年 1907', 'WEBSITE7', '紹介者7', '電話番号7', '09012345677', 'FAX7', 'コメント7', 'コメント7', '法人名7', '法人スタッフ7', 'エリア名', 7, '2022-10-05 03:22:35', '2022-10-05 03:22:35'),
(8, '事業所ふりがな8', '事業所サブ名8', 'test8@test.co.jp', '特徴8', '8畳', 'スタッフ8', 'スタッフ8', '平均8歳', '看護士8', '看護士滞在時間8', '建築年 1908', '開始年 1908', 'WEBSITE8', '紹介者8', '電話番号8', '09012345678', 'FAX8', 'コメント8', 'コメント8', '法人名8', '法人スタッフ8', 'エリア名', 8, '2022-10-05 03:22:35', '2022-10-05 03:22:35'),
(9, '事業所ふりがな9', '事業所サブ名9', 'test9@test.co.jp', '特徴9', '9畳', 'スタッフ9', 'スタッフ9', '平均9歳', '看護士9', '看護士滞在時間9', '建築年 1909', '開始年 1909', 'WEBSITE9', '紹介者9', '電話番号9', '09012345679', 'FAX9', 'コメント9', 'コメント9', '法人名9', '法人スタッフ9', 'エリア名', 9, '2022-10-05 03:22:35', '2022-10-05 03:22:35'),
(10, '事業所ふりがな10', '事業所サブ名10', 'test10@test.co.jp', '特徴10', '10畳', 'スタッフ10', 'スタッフ10', '平均10歳', '看護士10', '看護士滞在時間10', '建築年 19010', '開始年 19010', 'WEBSITE10', '紹介者10', '電話番号10', '090123456710', 'FAX10', 'コメント10', 'コメント10', '法人名10', '法人スタッフ10', 'エリア名', 10, '2022-10-05 03:22:35', '2022-10-05 03:22:35');

-- --------------------------------------------------------

--
-- テーブルの構造 `spot_icon_genres`
--

CREATE TABLE `spot_icon_genres` (
  `id` int(10) UNSIGNED NOT NULL,
  `display` tinyint(1) NOT NULL DEFAULT 0 COMMENT '表示',
  `serial` varchar(255) COLLATE utf8mb4_bin NOT NULL COMMENT 'シリアル',
  `name` varchar(255) COLLATE utf8mb4_bin NOT NULL COMMENT '名前',
  `description` text COLLATE utf8mb4_bin NOT NULL COMMENT 'このジャンルについての概要',
  `reorder` int(10) UNSIGNED NOT NULL DEFAULT 1 COMMENT '並び順',
  `created_at` timestamp NOT NULL DEFAULT current_timestamp(),
  `updated_at` timestamp NOT NULL DEFAULT current_timestamp()
) ENGINE=InnoDB DEFAULT CHARSET=utf8mb4 COLLATE=utf8mb4_bin;

--
-- テーブルのデータのダンプ `spot_icon_genres`
--

INSERT INTO `spot_icon_genres` (`id`, `display`, `serial`, `name`, `description`, `reorder`, `created_at`, `updated_at`) VALUES
(1, 0, 'empty', '指定なし', '', 1, '2022-10-05 03:22:33', '2022-10-05 03:22:33'),
(2, 1, 'status', '対応種別', '', 2, '2022-10-05 03:22:33', '2022-10-05 03:22:33'),
(3, 1, 'nursing', '看護体制', '', 3, '2022-10-05 03:22:33', '2022-10-05 03:22:33'),
(4, 1, 'care', '介護体制', '', 5, '2022-10-05 03:22:33', '2022-10-05 03:22:33'),
(5, 1, 'privatespace', '個室内状況', '', 5, '2022-10-05 03:22:33', '2022-10-05 03:22:33'),
(6, 1, 'eating', '食事体制', '', 6, '2022-10-05 03:22:33', '2022-10-05 03:22:33'),
(7, 1, 'health', '健康管理サービス', '', 7, '2022-10-05 03:22:33', '2022-10-05 03:22:33'),
(8, 1, 'life', '生活サービス', '', 8, '2022-10-05 03:22:33', '2022-10-05 03:22:33'),
(9, 1, 'hospitalization', '入院時サービス', '', 9, '2022-10-05 03:22:33', '2022-10-05 03:22:33'),
(10, 1, 'other', 'その他項目', '', 10, '2022-10-05 03:22:33', '2022-10-05 03:22:33');

-- --------------------------------------------------------

--
-- テーブルの構造 `spot_icon_genre_comments`
--

CREATE TABLE `spot_icon_genre_comments` (
  `id` int(10) UNSIGNED NOT NULL,
  `display` tinyint(1) NOT NULL DEFAULT 0 COMMENT '表示',
  `comment` text COLLATE utf8mb4_bin NOT NULL COMMENT 'コメント',
  `spot_icon_genre_id` int(10) UNSIGNED NOT NULL DEFAULT 1 COMMENT '事業所アイコンジャンルID',
  `spot_id` int(10) UNSIGNED NOT NULL DEFAULT 1 COMMENT '親ID',
  `user_id` int(10) UNSIGNED NOT NULL DEFAULT 1 COMMENT 'ユーザーID',
  `created_at` timestamp NOT NULL DEFAULT current_timestamp(),
  `updated_at` timestamp NOT NULL DEFAULT current_timestamp()
) ENGINE=InnoDB DEFAULT CHARSET=utf8mb4 COLLATE=utf8mb4_bin;

--
-- テーブルのデータのダンプ `spot_icon_genre_comments`
--

INSERT INTO `spot_icon_genre_comments` (`id`, `display`, `comment`, `spot_icon_genre_id`, `spot_id`, `user_id`, `created_at`, `updated_at`) VALUES
(1, 1, '指定なしコメント1', 1, 1, 1, '2022-10-05 03:22:36', '2022-10-05 03:22:36'),
(2, 1, '対応種別コメント1', 2, 1, 1, '2022-10-05 03:22:36', '2022-10-05 03:22:36'),
(3, 1, '看護体制コメント1', 3, 1, 1, '2022-10-05 03:22:36', '2022-10-05 03:22:36'),
(4, 1, '介護体制コメント1', 4, 1, 1, '2022-10-05 03:22:36', '2022-10-05 03:22:36'),
(5, 1, '個室内状況コメント1', 5, 1, 1, '2022-10-05 03:22:36', '2022-10-05 03:22:36'),
(6, 1, '食事体制コメント1', 6, 1, 1, '2022-10-05 03:22:36', '2022-10-05 03:22:36'),
(7, 1, '健康管理コメント1', 7, 1, 1, '2022-10-05 03:22:36', '2022-10-05 03:22:36'),
(8, 1, '生活サービスコメント1', 8, 1, 1, '2022-10-05 03:22:36', '2022-10-05 03:22:36'),
(9, 1, '入院時サービスコメント1', 9, 1, 1, '2022-10-05 03:22:36', '2022-10-05 03:22:36'),
(10, 1, 'その他コメント1', 10, 1, 1, '2022-10-05 03:22:36', '2022-10-05 03:22:36'),
(11, 1, '指定なしコメント2', 1, 2, 1, '2022-10-05 03:22:36', '2022-10-05 03:22:36'),
(12, 1, '対応種別コメント2', 2, 2, 1, '2022-10-05 03:22:36', '2022-10-05 03:22:36'),
(13, 1, '看護体制コメント2', 3, 2, 1, '2022-10-05 03:22:36', '2022-10-05 03:22:36'),
(14, 1, '介護体制コメント2', 4, 2, 1, '2022-10-05 03:22:36', '2022-10-05 03:22:36'),
(15, 1, '個室内状況コメント2', 5, 2, 1, '2022-10-05 03:22:36', '2022-10-05 03:22:36'),
(16, 1, '食事体制コメント2', 6, 2, 1, '2022-10-05 03:22:36', '2022-10-05 03:22:36'),
(17, 1, '健康管理コメント2', 7, 2, 1, '2022-10-05 03:22:36', '2022-10-05 03:22:36'),
(18, 1, '生活サービスコメント2', 8, 2, 1, '2022-10-05 03:22:36', '2022-10-05 03:22:36'),
(19, 1, '入院時サービスコメント2', 9, 2, 1, '2022-10-05 03:22:36', '2022-10-05 03:22:36'),
(20, 1, 'その他コメント2', 10, 2, 1, '2022-10-05 03:22:36', '2022-10-05 03:22:36'),
(21, 1, '指定なしコメント3', 1, 3, 1, '2022-10-05 03:22:36', '2022-10-05 03:22:36'),
(22, 1, '対応種別コメント3', 2, 3, 1, '2022-10-05 03:22:36', '2022-10-05 03:22:36'),
(23, 1, '看護体制コメント3', 3, 3, 1, '2022-10-05 03:22:36', '2022-10-05 03:22:36'),
(24, 1, '介護体制コメント3', 4, 3, 1, '2022-10-05 03:22:36', '2022-10-05 03:22:36'),
(25, 1, '個室内状況コメント3', 5, 3, 1, '2022-10-05 03:22:36', '2022-10-05 03:22:36'),
(26, 1, '食事体制コメント3', 6, 3, 1, '2022-10-05 03:22:36', '2022-10-05 03:22:36'),
(27, 1, '健康管理コメント3', 7, 3, 1, '2022-10-05 03:22:36', '2022-10-05 03:22:36'),
(28, 1, '生活サービスコメント3', 8, 3, 1, '2022-10-05 03:22:36', '2022-10-05 03:22:36'),
(29, 1, '入院時サービスコメント3', 9, 3, 1, '2022-10-05 03:22:36', '2022-10-05 03:22:36'),
(30, 1, 'その他コメント3', 10, 3, 1, '2022-10-05 03:22:36', '2022-10-05 03:22:36'),
(31, 1, '指定なしコメント4', 1, 4, 1, '2022-10-05 03:22:36', '2022-10-05 03:22:36'),
(32, 1, '対応種別コメント4', 2, 4, 1, '2022-10-05 03:22:36', '2022-10-05 03:22:36'),
(33, 1, '看護体制コメント4', 3, 4, 1, '2022-10-05 03:22:36', '2022-10-05 03:22:36'),
(34, 1, '介護体制コメント4', 4, 4, 1, '2022-10-05 03:22:36', '2022-10-05 03:22:36'),
(35, 1, '個室内状況コメント4', 5, 4, 1, '2022-10-05 03:22:36', '2022-10-05 03:22:36'),
(36, 1, '食事体制コメント4', 6, 4, 1, '2022-10-05 03:22:36', '2022-10-05 03:22:36'),
(37, 1, '健康管理コメント4', 7, 4, 1, '2022-10-05 03:22:36', '2022-10-05 03:22:36'),
(38, 1, '生活サービスコメント4', 8, 4, 1, '2022-10-05 03:22:36', '2022-10-05 03:22:36'),
(39, 1, '入院時サービスコメント4', 9, 4, 1, '2022-10-05 03:22:36', '2022-10-05 03:22:36'),
(40, 1, 'その他コメント4', 10, 4, 1, '2022-10-05 03:22:36', '2022-10-05 03:22:36'),
(41, 1, '指定なしコメント5', 1, 5, 1, '2022-10-05 03:22:36', '2022-10-05 03:22:36'),
(42, 1, '対応種別コメント5', 2, 5, 1, '2022-10-05 03:22:36', '2022-10-05 03:22:36'),
(43, 1, '看護体制コメント5', 3, 5, 1, '2022-10-05 03:22:36', '2022-10-05 03:22:36'),
(44, 1, '介護体制コメント5', 4, 5, 1, '2022-10-05 03:22:36', '2022-10-05 03:22:36'),
(45, 1, '個室内状況コメント5', 5, 5, 1, '2022-10-05 03:22:36', '2022-10-05 03:22:36'),
(46, 1, '食事体制コメント5', 6, 5, 1, '2022-10-05 03:22:36', '2022-10-05 03:22:36'),
(47, 1, '健康管理コメント5', 7, 5, 1, '2022-10-05 03:22:36', '2022-10-05 03:22:36'),
(48, 1, '生活サービスコメント5', 8, 5, 1, '2022-10-05 03:22:36', '2022-10-05 03:22:36'),
(49, 1, '入院時サービスコメント5', 9, 5, 1, '2022-10-05 03:22:36', '2022-10-05 03:22:36'),
(50, 1, 'その他コメント5', 10, 5, 1, '2022-10-05 03:22:36', '2022-10-05 03:22:36'),
(51, 1, '指定なしコメント6', 1, 6, 1, '2022-10-05 03:22:36', '2022-10-05 03:22:36'),
(52, 1, '対応種別コメント6', 2, 6, 1, '2022-10-05 03:22:36', '2022-10-05 03:22:36'),
(53, 1, '看護体制コメント6', 3, 6, 1, '2022-10-05 03:22:36', '2022-10-05 03:22:36'),
(54, 1, '介護体制コメント6', 4, 6, 1, '2022-10-05 03:22:36', '2022-10-05 03:22:36'),
(55, 1, '個室内状況コメント6', 5, 6, 1, '2022-10-05 03:22:36', '2022-10-05 03:22:36'),
(56, 1, '食事体制コメント6', 6, 6, 1, '2022-10-05 03:22:36', '2022-10-05 03:22:36'),
(57, 1, '健康管理コメント6', 7, 6, 1, '2022-10-05 03:22:36', '2022-10-05 03:22:36'),
(58, 1, '生活サービスコメント6', 8, 6, 1, '2022-10-05 03:22:36', '2022-10-05 03:22:36'),
(59, 1, '入院時サービスコメント6', 9, 6, 1, '2022-10-05 03:22:36', '2022-10-05 03:22:36'),
(60, 1, 'その他コメント6', 10, 6, 1, '2022-10-05 03:22:36', '2022-10-05 03:22:36'),
(61, 1, '指定なしコメント7', 1, 7, 1, '2022-10-05 03:22:36', '2022-10-05 03:22:36'),
(62, 1, '対応種別コメント7', 2, 7, 1, '2022-10-05 03:22:36', '2022-10-05 03:22:36'),
(63, 1, '看護体制コメント7', 3, 7, 1, '2022-10-05 03:22:36', '2022-10-05 03:22:36'),
(64, 1, '介護体制コメント7', 4, 7, 1, '2022-10-05 03:22:36', '2022-10-05 03:22:36'),
(65, 1, '個室内状況コメント7', 5, 7, 1, '2022-10-05 03:22:36', '2022-10-05 03:22:36'),
(66, 1, '食事体制コメント7', 6, 7, 1, '2022-10-05 03:22:36', '2022-10-05 03:22:36'),
(67, 1, '健康管理コメント7', 7, 7, 1, '2022-10-05 03:22:36', '2022-10-05 03:22:36'),
(68, 1, '生活サービスコメント7', 8, 7, 1, '2022-10-05 03:22:36', '2022-10-05 03:22:36'),
(69, 1, '入院時サービスコメント7', 9, 7, 1, '2022-10-05 03:22:36', '2022-10-05 03:22:36'),
(70, 1, 'その他コメント7', 10, 7, 1, '2022-10-05 03:22:36', '2022-10-05 03:22:36'),
(71, 1, '指定なしコメント8', 1, 8, 1, '2022-10-05 03:22:36', '2022-10-05 03:22:36'),
(72, 1, '対応種別コメント8', 2, 8, 1, '2022-10-05 03:22:36', '2022-10-05 03:22:36'),
(73, 1, '看護体制コメント8', 3, 8, 1, '2022-10-05 03:22:36', '2022-10-05 03:22:36'),
(74, 1, '介護体制コメント8', 4, 8, 1, '2022-10-05 03:22:36', '2022-10-05 03:22:36'),
(75, 1, '個室内状況コメント8', 5, 8, 1, '2022-10-05 03:22:36', '2022-10-05 03:22:36'),
(76, 1, '食事体制コメント8', 6, 8, 1, '2022-10-05 03:22:36', '2022-10-05 03:22:36'),
(77, 1, '健康管理コメント8', 7, 8, 1, '2022-10-05 03:22:36', '2022-10-05 03:22:36'),
(78, 1, '生活サービスコメント8', 8, 8, 1, '2022-10-05 03:22:36', '2022-10-05 03:22:36'),
(79, 1, '入院時サービスコメント8', 9, 8, 1, '2022-10-05 03:22:36', '2022-10-05 03:22:36'),
(80, 1, 'その他コメント8', 10, 8, 1, '2022-10-05 03:22:36', '2022-10-05 03:22:36'),
(81, 1, '指定なしコメント9', 1, 9, 1, '2022-10-05 03:22:36', '2022-10-05 03:22:36'),
(82, 1, '対応種別コメント9', 2, 9, 1, '2022-10-05 03:22:36', '2022-10-05 03:22:36'),
(83, 1, '看護体制コメント9', 3, 9, 1, '2022-10-05 03:22:36', '2022-10-05 03:22:36'),
(84, 1, '介護体制コメント9', 4, 9, 1, '2022-10-05 03:22:36', '2022-10-05 03:22:36'),
(85, 1, '個室内状況コメント9', 5, 9, 1, '2022-10-05 03:22:36', '2022-10-05 03:22:36'),
(86, 1, '食事体制コメント9', 6, 9, 1, '2022-10-05 03:22:36', '2022-10-05 03:22:36'),
(87, 1, '健康管理コメント9', 7, 9, 1, '2022-10-05 03:22:36', '2022-10-05 03:22:36'),
(88, 1, '生活サービスコメント9', 8, 9, 1, '2022-10-05 03:22:36', '2022-10-05 03:22:36'),
(89, 1, '入院時サービスコメント9', 9, 9, 1, '2022-10-05 03:22:36', '2022-10-05 03:22:36'),
(90, 1, 'その他コメント9', 10, 9, 1, '2022-10-05 03:22:36', '2022-10-05 03:22:36'),
(91, 1, '指定なしコメント10', 1, 10, 1, '2022-10-05 03:22:36', '2022-10-05 03:22:36'),
(92, 1, '対応種別コメント10', 2, 10, 1, '2022-10-05 03:22:36', '2022-10-05 03:22:36'),
(93, 1, '看護体制コメント10', 3, 10, 1, '2022-10-05 03:22:36', '2022-10-05 03:22:36'),
(94, 1, '介護体制コメント10', 4, 10, 1, '2022-10-05 03:22:36', '2022-10-05 03:22:36'),
(95, 1, '個室内状況コメント10', 5, 10, 1, '2022-10-05 03:22:36', '2022-10-05 03:22:36'),
(96, 1, '食事体制コメント10', 6, 10, 1, '2022-10-05 03:22:36', '2022-10-05 03:22:36'),
(97, 1, '健康管理コメント10', 7, 10, 1, '2022-10-05 03:22:36', '2022-10-05 03:22:36'),
(98, 1, '生活サービスコメント10', 8, 10, 1, '2022-10-05 03:22:36', '2022-10-05 03:22:36'),
(99, 1, '入院時サービスコメント10', 9, 10, 1, '2022-10-05 03:22:36', '2022-10-05 03:22:36'),
(100, 1, 'その他コメント10', 10, 10, 1, '2022-10-05 03:22:36', '2022-10-05 03:22:36');

-- --------------------------------------------------------

--
-- テーブルの構造 `spot_icon_items`
--

CREATE TABLE `spot_icon_items` (
  `id` int(10) UNSIGNED NOT NULL,
  `display` tinyint(1) NOT NULL DEFAULT 0 COMMENT '表示',
  `name` varchar(255) COLLATE utf8mb4_bin NOT NULL COMMENT '名前',
  `serial` varchar(50) COLLATE utf8mb4_bin NOT NULL COMMENT 'シリアル',
  `description` text COLLATE utf8mb4_bin NOT NULL COMMENT '概要',
  `reorder` int(10) UNSIGNED NOT NULL DEFAULT 1 COMMENT '並び順',
  `spot_icon_genre_id` int(10) UNSIGNED NOT NULL DEFAULT 1 COMMENT '事業所アイコンジャンルID',
  `user_id` int(10) UNSIGNED NOT NULL DEFAULT 1 COMMENT 'ユーザーID',
  `created_at` timestamp NOT NULL DEFAULT current_timestamp(),
  `updated_at` timestamp NOT NULL DEFAULT current_timestamp()
) ENGINE=InnoDB DEFAULT CHARSET=utf8mb4 COLLATE=utf8mb4_bin;

--
-- テーブルのデータのダンプ `spot_icon_items`
--

INSERT INTO `spot_icon_items` (`id`, `display`, `name`, `serial`, `description`, `reorder`, `spot_icon_genre_id`, `user_id`, `created_at`, `updated_at`) VALUES
(1, 1, '指定なし', 'empty', '', 1, 1, 1, '2022-10-05 03:22:33', '2022-10-05 03:22:33'),
(2, 1, '自立', 'status_self', '', 1, 2, 1, '2022-10-05 03:22:33', '2022-10-05 03:22:33'),
(3, 1, '要支援', 'status_support', '', 2, 2, 1, '2022-10-05 03:22:33', '2022-10-05 03:22:33'),
(4, 1, '要介護', 'status_care', '', 3, 2, 1, '2022-10-05 03:22:33', '2022-10-05 03:22:33'),
(5, 1, '認知症', 'status_dementia', '', 4, 2, 1, '2022-10-05 03:22:33', '2022-10-05 03:22:33'),
(6, 1, '障がい', 'status_disability', '', 5, 2, 1, '2022-10-05 03:22:33', '2022-10-05 03:22:33'),
(7, 1, '看護', 'status_nursing', '', 6, 2, 1, '2022-10-05 03:22:33', '2022-10-05 03:22:33'),
(8, 1, '感染症', 'nursing_infection', '', 1, 3, 1, '2022-10-05 03:22:33', '2022-10-05 03:22:33'),
(9, 1, 'バルーン', 'nursing_baloon', '', 2, 3, 1, '2022-10-05 03:22:33', '2022-10-05 03:22:33'),
(10, 1, '導尿', 'nursing_uc', '', 3, 3, 1, '2022-10-05 03:22:33', '2022-10-05 03:22:33'),
(11, 1, 'インスリン', 'nursing_insulin', '', 4, 3, 1, '2022-10-05 03:22:33', '2022-10-05 03:22:33'),
(12, 1, '胃ろう', 'nursing_gastrostomy', '', 5, 3, 1, '2022-10-05 03:22:33', '2022-10-05 03:22:33'),
(13, 1, '経鼻栄養', 'nursing_nn', '', 6, 3, 1, '2022-10-05 03:22:33', '2022-10-05 03:22:33'),
(14, 1, 'ストマ及びカテーテル', 'nursing_stoma', '', 7, 3, 1, '2022-10-05 03:22:33', '2022-10-05 03:22:33'),
(15, 1, '人工透析', 'nursing_dialysis', '', 8, 3, 1, '2022-10-05 03:22:33', '2022-10-05 03:22:33'),
(16, 1, 'サクション', 'nursing_suction', '', 9, 3, 1, '2022-10-05 03:22:33', '2022-10-05 03:22:33'),
(17, 1, '点滴及び注射', 'nursing_injection', '', 10, 3, 1, '2022-10-05 03:22:33', '2022-10-05 03:22:33'),
(18, 1, '中心静脈栄養（CVポート・IVH）', 'nursing_ivh', '', 11, 3, 1, '2022-10-05 03:22:33', '2022-10-05 03:22:33'),
(19, 1, '褥瘡措置・創傷', 'nursing_bedsores', '', 12, 3, 1, '2022-10-05 03:22:33', '2022-10-05 03:22:33'),
(20, 1, '在宅酸素', 'nursing_home_oxygen', '', 13, 3, 1, '2022-10-05 03:22:33', '2022-10-05 03:22:33'),
(21, 1, 'ターミナル・看取りケア', 'nursing_terminal', '', 14, 3, 1, '2022-10-05 03:22:33', '2022-10-05 03:22:33'),
(22, 1, '麻薬管理', 'nursing_drag', '', 15, 3, 1, '2022-10-05 03:22:33', '2022-10-05 03:22:33'),
(23, 1, '食事介助', 'care_eatingsupport', '', 1, 4, 1, '2022-10-05 03:22:33', '2022-10-05 03:22:33'),
(24, 1, '排泄介助', 'care_excretion', '', 2, 4, 1, '2022-10-05 03:22:33', '2022-10-05 03:22:33'),
(25, 1, '入浴介助', 'care_bathingsupport', '', 3, 4, 1, '2022-10-05 03:22:33', '2022-10-05 03:22:33'),
(26, 1, '特浴介助（機械）', 'care_specialbath', '', 4, 4, 1, '2022-10-05 03:22:33', '2022-10-05 03:22:33'),
(27, 1, '通院介助', 'care_visitsupport', '', 5, 4, 1, '2022-10-05 03:22:33', '2022-10-05 03:22:33'),
(28, 1, '個室清掃', 'care_roomcleanup', '', 6, 4, 1, '2022-10-05 03:22:33', '2022-10-05 03:22:33'),
(29, 1, '買い物代行', 'care_shopping', '', 7, 4, 1, '2022-10-05 03:22:33', '2022-10-05 03:22:33'),
(30, 1, '金銭管理', 'care_money', '', 8, 4, 1, '2022-10-05 03:22:33', '2022-10-05 03:22:33'),
(31, 1, '服薬支援', 'care_medicine', '', 9, 4, 1, '2022-10-05 03:22:33', '2022-10-05 03:22:33'),
(32, 1, '入退院時サポート', 'care_hospitalsupport', '', 10, 4, 1, '2022-10-05 03:22:33', '2022-10-05 03:22:33'),
(33, 1, 'トイレ', 'privatespace_toilet', '', 1, 5, 1, '2022-10-05 03:22:33', '2022-10-05 03:22:33'),
(34, 1, '洗面台', 'privatespace_washstand', '', 2, 5, 1, '2022-10-05 03:22:33', '2022-10-05 03:22:33'),
(35, 1, 'クローゼット', 'privatespace_closet', '', 3, 5, 1, '2022-10-05 03:22:33', '2022-10-05 03:22:33'),
(36, 1, 'キッチン', 'privatespace_kitchen', '', 4, 5, 1, '2022-10-05 03:22:33', '2022-10-05 03:22:33'),
(37, 1, 'お風呂', 'privatespace_bath', '', 5, 5, 1, '2022-10-05 03:22:33', '2022-10-05 03:22:33'),
(38, 1, 'ベッド', 'privatespace_bed', '', 6, 5, 1, '2022-10-05 03:22:33', '2022-10-05 03:22:33'),
(39, 1, 'インターネット', 'privatespace_internet', '', 7, 5, 1, '2022-10-05 03:22:33', '2022-10-05 03:22:33'),
(40, 1, '外部委託', 'eating_outsourcing', '', 1, 6, 1, '2022-10-05 03:22:33', '2022-10-05 03:22:33'),
(41, 1, '事業所内料理', 'eating_within', '', 2, 6, 1, '2022-10-05 03:22:33', '2022-10-05 03:22:33'),
(42, 1, '糖尿病', 'eating_diabetes', '', 3, 6, 1, '2022-10-05 03:22:33', '2022-10-05 03:22:33'),
(43, 1, '自炊可能', 'eating_selfcatering', '', 4, 6, 1, '2022-10-05 03:22:33', '2022-10-05 03:22:33'),
(44, 1, '透析食', 'eating_dialysisfood', '', 5, 6, 1, '2022-10-05 03:22:33', '2022-10-05 03:22:33'),
(45, 1, '健康相談', 'health_consul', '', 1, 7, 1, '2022-10-05 03:22:33', '2022-10-05 03:22:33'),
(46, 1, '健康診断', 'health_diagnosis', '', 2, 7, 1, '2022-10-05 03:22:33', '2022-10-05 03:22:33'),
(47, 1, '排便・睡眠記録', 'health_recoding', '', 3, 7, 1, '2022-10-05 03:22:33', '2022-10-05 03:22:33'),
(48, 1, ' 服薬指導', 'health_medicineguide', '', 4, 7, 1, '2022-10-05 03:22:33', '2022-10-05 03:22:33'),
(49, 1, '生活指導・栄養指導', 'health_lifeguide', '', 5, 7, 1, '2022-10-05 03:22:33', '2022-10-05 03:22:33'),
(50, 1, 'おやつ', 'life_snack', '', 1, 8, 1, '2022-10-05 03:22:33', '2022-10-05 03:22:33'),
(51, 1, '寝具交換', 'life_bedmake', '', 2, 8, 1, '2022-10-05 03:22:33', '2022-10-05 03:22:33'),
(52, 1, '居室内清掃', 'life_cleanup', '', 3, 8, 1, '2022-10-05 03:22:33', '2022-10-05 03:22:33'),
(53, 1, '役所手続き代行', 'life_government', '', 4, 8, 1, '2022-10-05 03:22:33', '2022-10-05 03:22:33'),
(54, 1, '日常の洗濯', 'life_wash', '', 5, 8, 1, '2022-10-05 03:22:33', '2022-10-05 03:22:33'),
(55, 1, '理美容サービス', 'life_salon', '', 6, 8, 1, '2022-10-05 03:22:33', '2022-10-05 03:22:33'),
(56, 1, '買い物代行', 'life_buy', '', 7, 8, 1, '2022-10-05 03:22:33', '2022-10-05 03:22:33'),
(57, 1, '金銭・貯金管理', 'life_money', '', 8, 8, 1, '2022-10-05 03:22:33', '2022-10-05 03:22:33'),
(58, 1, '入退院同行', 'hospitalization_accompany', '', 1, 9, 1, '2022-10-05 03:22:33', '2022-10-05 03:22:33'),
(59, 1, '入院御見舞', 'hospitalization_greeting', '', 2, 9, 1, '2022-10-05 03:22:33', '2022-10-05 03:22:33'),
(60, 1, '入院中買い物', 'hospitalization_shopping', '', 3, 9, 1, '2022-10-05 03:22:33', '2022-10-05 03:22:33'),
(61, 1, '送迎サービス', 'hospitalization_transport', '', 4, 9, 1, '2022-10-05 03:22:33', '2022-10-05 03:22:33'),
(62, 1, '生活保護', 'other_hogo', '', 1, 10, 1, '2022-10-05 03:22:33', '2022-10-05 03:22:33'),
(63, 1, 'ペット可', 'other_pet', '', 2, 10, 1, '2022-10-05 03:22:33', '2022-10-05 03:22:33'),
(64, 1, '年齢制限', 'other_age', '', 3, 10, 1, '2022-10-05 03:22:33', '2022-10-05 03:22:33'),
(65, 1, '夫婦入居', 'other_pare', '', 4, 10, 1, '2022-10-05 03:22:33', '2022-10-05 03:22:33'),
(66, 1, '体験入居', 'other_trial', '', 5, 10, 1, '2022-10-05 03:22:33', '2022-10-05 03:22:33');

-- --------------------------------------------------------

--
-- テーブルの構造 `spot_icon_statuses`
--

CREATE TABLE `spot_icon_statuses` (
  `id` int(10) UNSIGNED NOT NULL,
  `spot_icon_item_id` int(10) UNSIGNED NOT NULL DEFAULT 1 COMMENT '事業所アイコン項目ID',
  `spot_icon_type_id` int(10) UNSIGNED NOT NULL DEFAULT 1 COMMENT '事業所アイコンタイプID',
  `spot_icon_genre_id` int(10) UNSIGNED NOT NULL DEFAULT 1 COMMENT '事業所アイコンジャンルID',
  `spot_id` int(10) UNSIGNED NOT NULL DEFAULT 1 COMMENT '親ID',
  `user_id` int(10) UNSIGNED NOT NULL DEFAULT 1 COMMENT 'ユーザーID',
  `created_at` timestamp NOT NULL DEFAULT current_timestamp(),
  `updated_at` timestamp NOT NULL DEFAULT current_timestamp()
) ENGINE=InnoDB DEFAULT CHARSET=utf8mb4 COLLATE=utf8mb4_bin;

--
-- テーブルのデータのダンプ `spot_icon_statuses`
--

INSERT INTO `spot_icon_statuses` (`id`, `spot_icon_item_id`, `spot_icon_type_id`, `spot_icon_genre_id`, `spot_id`, `user_id`, `created_at`, `updated_at`) VALUES
(1, 2, 1, 2, 1, 1, '2022-10-05 03:22:36', '2022-10-05 03:22:36'),
(2, 3, 1, 2, 1, 1, '2022-10-05 03:22:36', '2022-10-05 03:22:36'),
(3, 4, 1, 2, 1, 1, '2022-10-05 03:22:36', '2022-10-05 03:22:36'),
(4, 5, 1, 2, 1, 1, '2022-10-05 03:22:36', '2022-10-05 03:22:36'),
(5, 6, 1, 2, 1, 1, '2022-10-05 03:22:36', '2022-10-05 03:22:36'),
(6, 7, 1, 2, 1, 1, '2022-10-05 03:22:36', '2022-10-05 03:22:36'),
(7, 8, 1, 3, 1, 1, '2022-10-05 03:22:36', '2022-10-05 03:22:36'),
(8, 9, 1, 3, 1, 1, '2022-10-05 03:22:36', '2022-10-05 03:22:36'),
(9, 10, 1, 3, 1, 1, '2022-10-05 03:22:36', '2022-10-05 03:22:36'),
(10, 11, 1, 3, 1, 1, '2022-10-05 03:22:36', '2022-10-05 03:22:36'),
(11, 12, 1, 3, 1, 1, '2022-10-05 03:22:36', '2022-10-05 03:22:36'),
(12, 13, 1, 3, 1, 1, '2022-10-05 03:22:36', '2022-10-05 03:22:36'),
(13, 14, 1, 3, 1, 1, '2022-10-05 03:22:36', '2022-10-05 03:22:36'),
(14, 15, 1, 3, 1, 1, '2022-10-05 03:22:36', '2022-10-05 03:22:36'),
(15, 16, 1, 3, 1, 1, '2022-10-05 03:22:36', '2022-10-05 03:22:36'),
(16, 17, 1, 3, 1, 1, '2022-10-05 03:22:36', '2022-10-05 03:22:36'),
(17, 18, 1, 3, 1, 1, '2022-10-05 03:22:36', '2022-10-05 03:22:36'),
(18, 19, 1, 3, 1, 1, '2022-10-05 03:22:36', '2022-10-05 03:22:36'),
(19, 20, 1, 3, 1, 1, '2022-10-05 03:22:36', '2022-10-05 03:22:36'),
(20, 21, 1, 3, 1, 1, '2022-10-05 03:22:36', '2022-10-05 03:22:36'),
(21, 22, 1, 3, 1, 1, '2022-10-05 03:22:36', '2022-10-05 03:22:36'),
(22, 23, 1, 4, 1, 1, '2022-10-05 03:22:36', '2022-10-05 03:22:36'),
(23, 24, 1, 4, 1, 1, '2022-10-05 03:22:36', '2022-10-05 03:22:36'),
(24, 25, 1, 4, 1, 1, '2022-10-05 03:22:36', '2022-10-05 03:22:36'),
(25, 26, 1, 4, 1, 1, '2022-10-05 03:22:36', '2022-10-05 03:22:36'),
(26, 27, 1, 4, 1, 1, '2022-10-05 03:22:36', '2022-10-05 03:22:36'),
(27, 28, 1, 4, 1, 1, '2022-10-05 03:22:36', '2022-10-05 03:22:36'),
(28, 29, 1, 4, 1, 1, '2022-10-05 03:22:36', '2022-10-05 03:22:36'),
(29, 30, 1, 4, 1, 1, '2022-10-05 03:22:36', '2022-10-05 03:22:36'),
(30, 31, 1, 4, 1, 1, '2022-10-05 03:22:36', '2022-10-05 03:22:36'),
(31, 32, 1, 4, 1, 1, '2022-10-05 03:22:36', '2022-10-05 03:22:36'),
(32, 33, 1, 5, 1, 1, '2022-10-05 03:22:36', '2022-10-05 03:22:36'),
(33, 34, 1, 5, 1, 1, '2022-10-05 03:22:36', '2022-10-05 03:22:36'),
(34, 35, 1, 5, 1, 1, '2022-10-05 03:22:36', '2022-10-05 03:22:36'),
(35, 36, 1, 5, 1, 1, '2022-10-05 03:22:36', '2022-10-05 03:22:36'),
(36, 37, 1, 5, 1, 1, '2022-10-05 03:22:36', '2022-10-05 03:22:36'),
(37, 38, 1, 5, 1, 1, '2022-10-05 03:22:36', '2022-10-05 03:22:36'),
(38, 39, 1, 5, 1, 1, '2022-10-05 03:22:36', '2022-10-05 03:22:36'),
(39, 40, 1, 6, 1, 1, '2022-10-05 03:22:36', '2022-10-05 03:22:36'),
(40, 41, 1, 6, 1, 1, '2022-10-05 03:22:36', '2022-10-05 03:22:36'),
(41, 42, 1, 6, 1, 1, '2022-10-05 03:22:36', '2022-10-05 03:22:36'),
(42, 43, 1, 6, 1, 1, '2022-10-05 03:22:36', '2022-10-05 03:22:36'),
(43, 44, 1, 6, 1, 1, '2022-10-05 03:22:36', '2022-10-05 03:22:36'),
(44, 45, 1, 7, 1, 1, '2022-10-05 03:22:36', '2022-10-05 03:22:36'),
(45, 46, 1, 7, 1, 1, '2022-10-05 03:22:36', '2022-10-05 03:22:36'),
(46, 47, 1, 7, 1, 1, '2022-10-05 03:22:36', '2022-10-05 03:22:36'),
(47, 48, 1, 7, 1, 1, '2022-10-05 03:22:36', '2022-10-05 03:22:36'),
(48, 49, 1, 7, 1, 1, '2022-10-05 03:22:36', '2022-10-05 03:22:36'),
(49, 50, 1, 8, 1, 1, '2022-10-05 03:22:36', '2022-10-05 03:22:36'),
(50, 51, 1, 8, 1, 1, '2022-10-05 03:22:36', '2022-10-05 03:22:36'),
(51, 52, 1, 8, 1, 1, '2022-10-05 03:22:36', '2022-10-05 03:22:36'),
(52, 53, 1, 8, 1, 1, '2022-10-05 03:22:36', '2022-10-05 03:22:36'),
(53, 54, 1, 8, 1, 1, '2022-10-05 03:22:36', '2022-10-05 03:22:36'),
(54, 55, 1, 8, 1, 1, '2022-10-05 03:22:36', '2022-10-05 03:22:36'),
(55, 56, 1, 8, 1, 1, '2022-10-05 03:22:36', '2022-10-05 03:22:36'),
(56, 57, 1, 8, 1, 1, '2022-10-05 03:22:36', '2022-10-05 03:22:36'),
(57, 58, 1, 9, 1, 1, '2022-10-05 03:22:36', '2022-10-05 03:22:36'),
(58, 59, 1, 9, 1, 1, '2022-10-05 03:22:36', '2022-10-05 03:22:36'),
(59, 60, 1, 9, 1, 1, '2022-10-05 03:22:36', '2022-10-05 03:22:36'),
(60, 61, 1, 9, 1, 1, '2022-10-05 03:22:36', '2022-10-05 03:22:36'),
(61, 62, 1, 10, 1, 1, '2022-10-05 03:22:36', '2022-10-05 03:22:36'),
(62, 63, 1, 10, 1, 1, '2022-10-05 03:22:36', '2022-10-05 03:22:36'),
(63, 64, 1, 10, 1, 1, '2022-10-05 03:22:36', '2022-10-05 03:22:36'),
(64, 65, 1, 10, 1, 1, '2022-10-05 03:22:36', '2022-10-05 03:22:36'),
(65, 66, 1, 10, 1, 1, '2022-10-05 03:22:36', '2022-10-05 03:22:36'),
(66, 2, 1, 2, 2, 1, '2022-10-05 03:22:36', '2022-10-05 03:22:36'),
(67, 3, 1, 2, 2, 1, '2022-10-05 03:22:36', '2022-10-05 03:22:36'),
(68, 4, 1, 2, 2, 1, '2022-10-05 03:22:36', '2022-10-05 03:22:36'),
(69, 5, 1, 2, 2, 1, '2022-10-05 03:22:36', '2022-10-05 03:22:36'),
(70, 6, 1, 2, 2, 1, '2022-10-05 03:22:36', '2022-10-05 03:22:36'),
(71, 7, 1, 2, 2, 1, '2022-10-05 03:22:36', '2022-10-05 03:22:36'),
(72, 8, 1, 3, 2, 1, '2022-10-05 03:22:36', '2022-10-05 03:22:36'),
(73, 9, 1, 3, 2, 1, '2022-10-05 03:22:36', '2022-10-05 03:22:36'),
(74, 10, 1, 3, 2, 1, '2022-10-05 03:22:36', '2022-10-05 03:22:36'),
(75, 11, 1, 3, 2, 1, '2022-10-05 03:22:36', '2022-10-05 03:22:36'),
(76, 12, 1, 3, 2, 1, '2022-10-05 03:22:36', '2022-10-05 03:22:36'),
(77, 13, 1, 3, 2, 1, '2022-10-05 03:22:36', '2022-10-05 03:22:36'),
(78, 14, 1, 3, 2, 1, '2022-10-05 03:22:36', '2022-10-05 03:22:36'),
(79, 15, 1, 3, 2, 1, '2022-10-05 03:22:36', '2022-10-05 03:22:36'),
(80, 16, 1, 3, 2, 1, '2022-10-05 03:22:36', '2022-10-05 03:22:36'),
(81, 17, 1, 3, 2, 1, '2022-10-05 03:22:36', '2022-10-05 03:22:36'),
(82, 18, 1, 3, 2, 1, '2022-10-05 03:22:36', '2022-10-05 03:22:36'),
(83, 19, 1, 3, 2, 1, '2022-10-05 03:22:36', '2022-10-05 03:22:36'),
(84, 20, 1, 3, 2, 1, '2022-10-05 03:22:36', '2022-10-05 03:22:36'),
(85, 21, 1, 3, 2, 1, '2022-10-05 03:22:36', '2022-10-05 03:22:36'),
(86, 22, 1, 3, 2, 1, '2022-10-05 03:22:36', '2022-10-05 03:22:36'),
(87, 23, 1, 4, 2, 1, '2022-10-05 03:22:36', '2022-10-05 03:22:36'),
(88, 24, 1, 4, 2, 1, '2022-10-05 03:22:36', '2022-10-05 03:22:36'),
(89, 25, 1, 4, 2, 1, '2022-10-05 03:22:36', '2022-10-05 03:22:36'),
(90, 26, 1, 4, 2, 1, '2022-10-05 03:22:36', '2022-10-05 03:22:36'),
(91, 27, 1, 4, 2, 1, '2022-10-05 03:22:36', '2022-10-05 03:22:36'),
(92, 28, 1, 4, 2, 1, '2022-10-05 03:22:36', '2022-10-05 03:22:36'),
(93, 29, 1, 4, 2, 1, '2022-10-05 03:22:36', '2022-10-05 03:22:36'),
(94, 30, 1, 4, 2, 1, '2022-10-05 03:22:36', '2022-10-05 03:22:36'),
(95, 31, 1, 4, 2, 1, '2022-10-05 03:22:36', '2022-10-05 03:22:36'),
(96, 32, 1, 4, 2, 1, '2022-10-05 03:22:36', '2022-10-05 03:22:36'),
(97, 33, 1, 5, 2, 1, '2022-10-05 03:22:36', '2022-10-05 03:22:36'),
(98, 34, 1, 5, 2, 1, '2022-10-05 03:22:36', '2022-10-05 03:22:36'),
(99, 35, 1, 5, 2, 1, '2022-10-05 03:22:36', '2022-10-05 03:22:36'),
(100, 36, 1, 5, 2, 1, '2022-10-05 03:22:36', '2022-10-05 03:22:36'),
(101, 37, 1, 5, 2, 1, '2022-10-05 03:22:36', '2022-10-05 03:22:36'),
(102, 38, 1, 5, 2, 1, '2022-10-05 03:22:36', '2022-10-05 03:22:36'),
(103, 39, 1, 5, 2, 1, '2022-10-05 03:22:36', '2022-10-05 03:22:36'),
(104, 40, 1, 6, 2, 1, '2022-10-05 03:22:36', '2022-10-05 03:22:36'),
(105, 41, 1, 6, 2, 1, '2022-10-05 03:22:36', '2022-10-05 03:22:36'),
(106, 42, 1, 6, 2, 1, '2022-10-05 03:22:36', '2022-10-05 03:22:36'),
(107, 43, 1, 6, 2, 1, '2022-10-05 03:22:36', '2022-10-05 03:22:36'),
(108, 44, 1, 6, 2, 1, '2022-10-05 03:22:36', '2022-10-05 03:22:36'),
(109, 45, 1, 7, 2, 1, '2022-10-05 03:22:36', '2022-10-05 03:22:36'),
(110, 46, 1, 7, 2, 1, '2022-10-05 03:22:36', '2022-10-05 03:22:36'),
(111, 47, 1, 7, 2, 1, '2022-10-05 03:22:36', '2022-10-05 03:22:36'),
(112, 48, 1, 7, 2, 1, '2022-10-05 03:22:36', '2022-10-05 03:22:36'),
(113, 49, 1, 7, 2, 1, '2022-10-05 03:22:36', '2022-10-05 03:22:36'),
(114, 50, 1, 8, 2, 1, '2022-10-05 03:22:36', '2022-10-05 03:22:36'),
(115, 51, 1, 8, 2, 1, '2022-10-05 03:22:36', '2022-10-05 03:22:36'),
(116, 52, 1, 8, 2, 1, '2022-10-05 03:22:36', '2022-10-05 03:22:36'),
(117, 53, 1, 8, 2, 1, '2022-10-05 03:22:36', '2022-10-05 03:22:36'),
(118, 54, 1, 8, 2, 1, '2022-10-05 03:22:36', '2022-10-05 03:22:36'),
(119, 55, 1, 8, 2, 1, '2022-10-05 03:22:36', '2022-10-05 03:22:36'),
(120, 56, 1, 8, 2, 1, '2022-10-05 03:22:36', '2022-10-05 03:22:36'),
(121, 57, 1, 8, 2, 1, '2022-10-05 03:22:36', '2022-10-05 03:22:36'),
(122, 58, 1, 9, 2, 1, '2022-10-05 03:22:36', '2022-10-05 03:22:36'),
(123, 59, 1, 9, 2, 1, '2022-10-05 03:22:37', '2022-10-05 03:22:37'),
(124, 60, 1, 9, 2, 1, '2022-10-05 03:22:37', '2022-10-05 03:22:37'),
(125, 61, 1, 9, 2, 1, '2022-10-05 03:22:37', '2022-10-05 03:22:37'),
(126, 62, 1, 10, 2, 1, '2022-10-05 03:22:37', '2022-10-05 03:22:37'),
(127, 63, 1, 10, 2, 1, '2022-10-05 03:22:37', '2022-10-05 03:22:37'),
(128, 64, 1, 10, 2, 1, '2022-10-05 03:22:37', '2022-10-05 03:22:37'),
(129, 65, 1, 10, 2, 1, '2022-10-05 03:22:37', '2022-10-05 03:22:37'),
(130, 66, 1, 10, 2, 1, '2022-10-05 03:22:37', '2022-10-05 03:22:37'),
(131, 2, 1, 2, 3, 1, '2022-10-05 03:22:37', '2022-10-05 03:22:37'),
(132, 3, 1, 2, 3, 1, '2022-10-05 03:22:37', '2022-10-05 03:22:37'),
(133, 4, 1, 2, 3, 1, '2022-10-05 03:22:37', '2022-10-05 03:22:37'),
(134, 5, 1, 2, 3, 1, '2022-10-05 03:22:37', '2022-10-05 03:22:37'),
(135, 6, 1, 2, 3, 1, '2022-10-05 03:22:37', '2022-10-05 03:22:37'),
(136, 7, 1, 2, 3, 1, '2022-10-05 03:22:37', '2022-10-05 03:22:37'),
(137, 8, 1, 3, 3, 1, '2022-10-05 03:22:37', '2022-10-05 03:22:37'),
(138, 9, 1, 3, 3, 1, '2022-10-05 03:22:37', '2022-10-05 03:22:37'),
(139, 10, 1, 3, 3, 1, '2022-10-05 03:22:37', '2022-10-05 03:22:37'),
(140, 11, 1, 3, 3, 1, '2022-10-05 03:22:37', '2022-10-05 03:22:37'),
(141, 12, 1, 3, 3, 1, '2022-10-05 03:22:37', '2022-10-05 03:22:37'),
(142, 13, 1, 3, 3, 1, '2022-10-05 03:22:37', '2022-10-05 03:22:37'),
(143, 14, 1, 3, 3, 1, '2022-10-05 03:22:37', '2022-10-05 03:22:37'),
(144, 15, 1, 3, 3, 1, '2022-10-05 03:22:37', '2022-10-05 03:22:37'),
(145, 16, 1, 3, 3, 1, '2022-10-05 03:22:37', '2022-10-05 03:22:37'),
(146, 17, 1, 3, 3, 1, '2022-10-05 03:22:37', '2022-10-05 03:22:37'),
(147, 18, 1, 3, 3, 1, '2022-10-05 03:22:37', '2022-10-05 03:22:37'),
(148, 19, 1, 3, 3, 1, '2022-10-05 03:22:37', '2022-10-05 03:22:37'),
(149, 20, 1, 3, 3, 1, '2022-10-05 03:22:37', '2022-10-05 03:22:37'),
(150, 21, 1, 3, 3, 1, '2022-10-05 03:22:37', '2022-10-05 03:22:37'),
(151, 22, 1, 3, 3, 1, '2022-10-05 03:22:37', '2022-10-05 03:22:37'),
(152, 23, 1, 4, 3, 1, '2022-10-05 03:22:37', '2022-10-05 03:22:37'),
(153, 24, 1, 4, 3, 1, '2022-10-05 03:22:37', '2022-10-05 03:22:37'),
(154, 25, 1, 4, 3, 1, '2022-10-05 03:22:37', '2022-10-05 03:22:37'),
(155, 26, 1, 4, 3, 1, '2022-10-05 03:22:37', '2022-10-05 03:22:37'),
(156, 27, 1, 4, 3, 1, '2022-10-05 03:22:37', '2022-10-05 03:22:37'),
(157, 28, 1, 4, 3, 1, '2022-10-05 03:22:37', '2022-10-05 03:22:37'),
(158, 29, 1, 4, 3, 1, '2022-10-05 03:22:37', '2022-10-05 03:22:37'),
(159, 30, 1, 4, 3, 1, '2022-10-05 03:22:37', '2022-10-05 03:22:37'),
(160, 31, 1, 4, 3, 1, '2022-10-05 03:22:37', '2022-10-05 03:22:37'),
(161, 32, 1, 4, 3, 1, '2022-10-05 03:22:37', '2022-10-05 03:22:37'),
(162, 33, 1, 5, 3, 1, '2022-10-05 03:22:37', '2022-10-05 03:22:37'),
(163, 34, 1, 5, 3, 1, '2022-10-05 03:22:37', '2022-10-05 03:22:37'),
(164, 35, 1, 5, 3, 1, '2022-10-05 03:22:37', '2022-10-05 03:22:37'),
(165, 36, 1, 5, 3, 1, '2022-10-05 03:22:37', '2022-10-05 03:22:37'),
(166, 37, 1, 5, 3, 1, '2022-10-05 03:22:37', '2022-10-05 03:22:37'),
(167, 38, 1, 5, 3, 1, '2022-10-05 03:22:37', '2022-10-05 03:22:37'),
(168, 39, 1, 5, 3, 1, '2022-10-05 03:22:37', '2022-10-05 03:22:37'),
(169, 40, 1, 6, 3, 1, '2022-10-05 03:22:37', '2022-10-05 03:22:37'),
(170, 41, 1, 6, 3, 1, '2022-10-05 03:22:37', '2022-10-05 03:22:37'),
(171, 42, 1, 6, 3, 1, '2022-10-05 03:22:37', '2022-10-05 03:22:37'),
(172, 43, 1, 6, 3, 1, '2022-10-05 03:22:37', '2022-10-05 03:22:37'),
(173, 44, 1, 6, 3, 1, '2022-10-05 03:22:37', '2022-10-05 03:22:37'),
(174, 45, 1, 7, 3, 1, '2022-10-05 03:22:37', '2022-10-05 03:22:37'),
(175, 46, 1, 7, 3, 1, '2022-10-05 03:22:37', '2022-10-05 03:22:37'),
(176, 47, 1, 7, 3, 1, '2022-10-05 03:22:37', '2022-10-05 03:22:37'),
(177, 48, 1, 7, 3, 1, '2022-10-05 03:22:37', '2022-10-05 03:22:37'),
(178, 49, 1, 7, 3, 1, '2022-10-05 03:22:37', '2022-10-05 03:22:37'),
(179, 50, 1, 8, 3, 1, '2022-10-05 03:22:37', '2022-10-05 03:22:37'),
(180, 51, 1, 8, 3, 1, '2022-10-05 03:22:37', '2022-10-05 03:22:37'),
(181, 52, 1, 8, 3, 1, '2022-10-05 03:22:37', '2022-10-05 03:22:37'),
(182, 53, 1, 8, 3, 1, '2022-10-05 03:22:37', '2022-10-05 03:22:37'),
(183, 54, 1, 8, 3, 1, '2022-10-05 03:22:37', '2022-10-05 03:22:37'),
(184, 55, 1, 8, 3, 1, '2022-10-05 03:22:37', '2022-10-05 03:22:37'),
(185, 56, 1, 8, 3, 1, '2022-10-05 03:22:37', '2022-10-05 03:22:37'),
(186, 57, 1, 8, 3, 1, '2022-10-05 03:22:37', '2022-10-05 03:22:37'),
(187, 58, 1, 9, 3, 1, '2022-10-05 03:22:37', '2022-10-05 03:22:37'),
(188, 59, 1, 9, 3, 1, '2022-10-05 03:22:37', '2022-10-05 03:22:37'),
(189, 60, 1, 9, 3, 1, '2022-10-05 03:22:37', '2022-10-05 03:22:37'),
(190, 61, 1, 9, 3, 1, '2022-10-05 03:22:37', '2022-10-05 03:22:37'),
(191, 62, 1, 10, 3, 1, '2022-10-05 03:22:37', '2022-10-05 03:22:37'),
(192, 63, 1, 10, 3, 1, '2022-10-05 03:22:37', '2022-10-05 03:22:37'),
(193, 64, 1, 10, 3, 1, '2022-10-05 03:22:37', '2022-10-05 03:22:37'),
(194, 65, 1, 10, 3, 1, '2022-10-05 03:22:37', '2022-10-05 03:22:37'),
(195, 66, 1, 10, 3, 1, '2022-10-05 03:22:37', '2022-10-05 03:22:37'),
(196, 2, 1, 2, 4, 1, '2022-10-05 03:22:37', '2022-10-05 03:22:37'),
(197, 3, 1, 2, 4, 1, '2022-10-05 03:22:37', '2022-10-05 03:22:37'),
(198, 4, 1, 2, 4, 1, '2022-10-05 03:22:37', '2022-10-05 03:22:37'),
(199, 5, 1, 2, 4, 1, '2022-10-05 03:22:37', '2022-10-05 03:22:37'),
(200, 6, 1, 2, 4, 1, '2022-10-05 03:22:37', '2022-10-05 03:22:37'),
(201, 7, 1, 2, 4, 1, '2022-10-05 03:22:37', '2022-10-05 03:22:37'),
(202, 8, 1, 3, 4, 1, '2022-10-05 03:22:37', '2022-10-05 03:22:37'),
(203, 9, 1, 3, 4, 1, '2022-10-05 03:22:37', '2022-10-05 03:22:37'),
(204, 10, 1, 3, 4, 1, '2022-10-05 03:22:37', '2022-10-05 03:22:37'),
(205, 11, 1, 3, 4, 1, '2022-10-05 03:22:37', '2022-10-05 03:22:37'),
(206, 12, 1, 3, 4, 1, '2022-10-05 03:22:37', '2022-10-05 03:22:37'),
(207, 13, 1, 3, 4, 1, '2022-10-05 03:22:37', '2022-10-05 03:22:37'),
(208, 14, 1, 3, 4, 1, '2022-10-05 03:22:37', '2022-10-05 03:22:37'),
(209, 15, 1, 3, 4, 1, '2022-10-05 03:22:37', '2022-10-05 03:22:37'),
(210, 16, 1, 3, 4, 1, '2022-10-05 03:22:37', '2022-10-05 03:22:37'),
(211, 17, 1, 3, 4, 1, '2022-10-05 03:22:37', '2022-10-05 03:22:37'),
(212, 18, 1, 3, 4, 1, '2022-10-05 03:22:37', '2022-10-05 03:22:37'),
(213, 19, 1, 3, 4, 1, '2022-10-05 03:22:37', '2022-10-05 03:22:37'),
(214, 20, 1, 3, 4, 1, '2022-10-05 03:22:37', '2022-10-05 03:22:37'),
(215, 21, 1, 3, 4, 1, '2022-10-05 03:22:37', '2022-10-05 03:22:37'),
(216, 22, 1, 3, 4, 1, '2022-10-05 03:22:37', '2022-10-05 03:22:37'),
(217, 23, 1, 4, 4, 1, '2022-10-05 03:22:37', '2022-10-05 03:22:37'),
(218, 24, 1, 4, 4, 1, '2022-10-05 03:22:37', '2022-10-05 03:22:37'),
(219, 25, 1, 4, 4, 1, '2022-10-05 03:22:37', '2022-10-05 03:22:37'),
(220, 26, 1, 4, 4, 1, '2022-10-05 03:22:37', '2022-10-05 03:22:37'),
(221, 27, 1, 4, 4, 1, '2022-10-05 03:22:37', '2022-10-05 03:22:37'),
(222, 28, 1, 4, 4, 1, '2022-10-05 03:22:37', '2022-10-05 03:22:37'),
(223, 29, 1, 4, 4, 1, '2022-10-05 03:22:37', '2022-10-05 03:22:37'),
(224, 30, 1, 4, 4, 1, '2022-10-05 03:22:37', '2022-10-05 03:22:37'),
(225, 31, 1, 4, 4, 1, '2022-10-05 03:22:37', '2022-10-05 03:22:37'),
(226, 32, 1, 4, 4, 1, '2022-10-05 03:22:37', '2022-10-05 03:22:37'),
(227, 33, 1, 5, 4, 1, '2022-10-05 03:22:37', '2022-10-05 03:22:37'),
(228, 34, 1, 5, 4, 1, '2022-10-05 03:22:37', '2022-10-05 03:22:37'),
(229, 35, 1, 5, 4, 1, '2022-10-05 03:22:37', '2022-10-05 03:22:37'),
(230, 36, 1, 5, 4, 1, '2022-10-05 03:22:37', '2022-10-05 03:22:37'),
(231, 37, 1, 5, 4, 1, '2022-10-05 03:22:37', '2022-10-05 03:22:37'),
(232, 38, 1, 5, 4, 1, '2022-10-05 03:22:37', '2022-10-05 03:22:37'),
(233, 39, 1, 5, 4, 1, '2022-10-05 03:22:37', '2022-10-05 03:22:37'),
(234, 40, 1, 6, 4, 1, '2022-10-05 03:22:37', '2022-10-05 03:22:37'),
(235, 41, 1, 6, 4, 1, '2022-10-05 03:22:37', '2022-10-05 03:22:37'),
(236, 42, 1, 6, 4, 1, '2022-10-05 03:22:37', '2022-10-05 03:22:37'),
(237, 43, 1, 6, 4, 1, '2022-10-05 03:22:37', '2022-10-05 03:22:37'),
(238, 44, 1, 6, 4, 1, '2022-10-05 03:22:37', '2022-10-05 03:22:37'),
(239, 45, 1, 7, 4, 1, '2022-10-05 03:22:37', '2022-10-05 03:22:37'),
(240, 46, 1, 7, 4, 1, '2022-10-05 03:22:37', '2022-10-05 03:22:37'),
(241, 47, 1, 7, 4, 1, '2022-10-05 03:22:37', '2022-10-05 03:22:37'),
(242, 48, 1, 7, 4, 1, '2022-10-05 03:22:37', '2022-10-05 03:22:37'),
(243, 49, 1, 7, 4, 1, '2022-10-05 03:22:37', '2022-10-05 03:22:37'),
(244, 50, 1, 8, 4, 1, '2022-10-05 03:22:37', '2022-10-05 03:22:37'),
(245, 51, 1, 8, 4, 1, '2022-10-05 03:22:37', '2022-10-05 03:22:37'),
(246, 52, 1, 8, 4, 1, '2022-10-05 03:22:37', '2022-10-05 03:22:37'),
(247, 53, 1, 8, 4, 1, '2022-10-05 03:22:37', '2022-10-05 03:22:37'),
(248, 54, 1, 8, 4, 1, '2022-10-05 03:22:37', '2022-10-05 03:22:37'),
(249, 55, 1, 8, 4, 1, '2022-10-05 03:22:37', '2022-10-05 03:22:37'),
(250, 56, 1, 8, 4, 1, '2022-10-05 03:22:37', '2022-10-05 03:22:37'),
(251, 57, 1, 8, 4, 1, '2022-10-05 03:22:37', '2022-10-05 03:22:37'),
(252, 58, 1, 9, 4, 1, '2022-10-05 03:22:37', '2022-10-05 03:22:37'),
(253, 59, 1, 9, 4, 1, '2022-10-05 03:22:37', '2022-10-05 03:22:37'),
(254, 60, 1, 9, 4, 1, '2022-10-05 03:22:37', '2022-10-05 03:22:37'),
(255, 61, 1, 9, 4, 1, '2022-10-05 03:22:37', '2022-10-05 03:22:37'),
(256, 62, 1, 10, 4, 1, '2022-10-05 03:22:37', '2022-10-05 03:22:37'),
(257, 63, 1, 10, 4, 1, '2022-10-05 03:22:37', '2022-10-05 03:22:37'),
(258, 64, 1, 10, 4, 1, '2022-10-05 03:22:37', '2022-10-05 03:22:37'),
(259, 65, 1, 10, 4, 1, '2022-10-05 03:22:37', '2022-10-05 03:22:37'),
(260, 66, 1, 10, 4, 1, '2022-10-05 03:22:37', '2022-10-05 03:22:37'),
(261, 2, 1, 2, 5, 1, '2022-10-05 03:22:37', '2022-10-05 03:22:37'),
(262, 3, 1, 2, 5, 1, '2022-10-05 03:22:37', '2022-10-05 03:22:37'),
(263, 4, 1, 2, 5, 1, '2022-10-05 03:22:37', '2022-10-05 03:22:37'),
(264, 5, 1, 2, 5, 1, '2022-10-05 03:22:37', '2022-10-05 03:22:37'),
(265, 6, 1, 2, 5, 1, '2022-10-05 03:22:37', '2022-10-05 03:22:37'),
(266, 7, 1, 2, 5, 1, '2022-10-05 03:22:37', '2022-10-05 03:22:37'),
(267, 8, 1, 3, 5, 1, '2022-10-05 03:22:37', '2022-10-05 03:22:37'),
(268, 9, 1, 3, 5, 1, '2022-10-05 03:22:37', '2022-10-05 03:22:37'),
(269, 10, 1, 3, 5, 1, '2022-10-05 03:22:37', '2022-10-05 03:22:37'),
(270, 11, 1, 3, 5, 1, '2022-10-05 03:22:37', '2022-10-05 03:22:37'),
(271, 12, 1, 3, 5, 1, '2022-10-05 03:22:37', '2022-10-05 03:22:37'),
(272, 13, 1, 3, 5, 1, '2022-10-05 03:22:37', '2022-10-05 03:22:37'),
(273, 14, 1, 3, 5, 1, '2022-10-05 03:22:37', '2022-10-05 03:22:37'),
(274, 15, 1, 3, 5, 1, '2022-10-05 03:22:37', '2022-10-05 03:22:37'),
(275, 16, 1, 3, 5, 1, '2022-10-05 03:22:37', '2022-10-05 03:22:37'),
(276, 17, 1, 3, 5, 1, '2022-10-05 03:22:37', '2022-10-05 03:22:37'),
(277, 18, 1, 3, 5, 1, '2022-10-05 03:22:37', '2022-10-05 03:22:37'),
(278, 19, 1, 3, 5, 1, '2022-10-05 03:22:37', '2022-10-05 03:22:37'),
(279, 20, 1, 3, 5, 1, '2022-10-05 03:22:37', '2022-10-05 03:22:37'),
(280, 21, 1, 3, 5, 1, '2022-10-05 03:22:37', '2022-10-05 03:22:37'),
(281, 22, 1, 3, 5, 1, '2022-10-05 03:22:37', '2022-10-05 03:22:37'),
(282, 23, 1, 4, 5, 1, '2022-10-05 03:22:37', '2022-10-05 03:22:37'),
(283, 24, 1, 4, 5, 1, '2022-10-05 03:22:37', '2022-10-05 03:22:37'),
(284, 25, 1, 4, 5, 1, '2022-10-05 03:22:37', '2022-10-05 03:22:37'),
(285, 26, 1, 4, 5, 1, '2022-10-05 03:22:37', '2022-10-05 03:22:37'),
(286, 27, 1, 4, 5, 1, '2022-10-05 03:22:37', '2022-10-05 03:22:37'),
(287, 28, 1, 4, 5, 1, '2022-10-05 03:22:37', '2022-10-05 03:22:37'),
(288, 29, 1, 4, 5, 1, '2022-10-05 03:22:37', '2022-10-05 03:22:37'),
(289, 30, 1, 4, 5, 1, '2022-10-05 03:22:37', '2022-10-05 03:22:37'),
(290, 31, 1, 4, 5, 1, '2022-10-05 03:22:37', '2022-10-05 03:22:37'),
(291, 32, 1, 4, 5, 1, '2022-10-05 03:22:37', '2022-10-05 03:22:37'),
(292, 33, 1, 5, 5, 1, '2022-10-05 03:22:37', '2022-10-05 03:22:37'),
(293, 34, 1, 5, 5, 1, '2022-10-05 03:22:37', '2022-10-05 03:22:37'),
(294, 35, 1, 5, 5, 1, '2022-10-05 03:22:37', '2022-10-05 03:22:37'),
(295, 36, 1, 5, 5, 1, '2022-10-05 03:22:37', '2022-10-05 03:22:37'),
(296, 37, 1, 5, 5, 1, '2022-10-05 03:22:37', '2022-10-05 03:22:37'),
(297, 38, 1, 5, 5, 1, '2022-10-05 03:22:37', '2022-10-05 03:22:37'),
(298, 39, 1, 5, 5, 1, '2022-10-05 03:22:37', '2022-10-05 03:22:37'),
(299, 40, 1, 6, 5, 1, '2022-10-05 03:22:37', '2022-10-05 03:22:37'),
(300, 41, 1, 6, 5, 1, '2022-10-05 03:22:37', '2022-10-05 03:22:37'),
(301, 42, 1, 6, 5, 1, '2022-10-05 03:22:37', '2022-10-05 03:22:37'),
(302, 43, 1, 6, 5, 1, '2022-10-05 03:22:37', '2022-10-05 03:22:37'),
(303, 44, 1, 6, 5, 1, '2022-10-05 03:22:37', '2022-10-05 03:22:37'),
(304, 45, 1, 7, 5, 1, '2022-10-05 03:22:37', '2022-10-05 03:22:37'),
(305, 46, 1, 7, 5, 1, '2022-10-05 03:22:37', '2022-10-05 03:22:37'),
(306, 47, 1, 7, 5, 1, '2022-10-05 03:22:37', '2022-10-05 03:22:37'),
(307, 48, 1, 7, 5, 1, '2022-10-05 03:22:37', '2022-10-05 03:22:37'),
(308, 49, 1, 7, 5, 1, '2022-10-05 03:22:37', '2022-10-05 03:22:37'),
(309, 50, 1, 8, 5, 1, '2022-10-05 03:22:37', '2022-10-05 03:22:37'),
(310, 51, 1, 8, 5, 1, '2022-10-05 03:22:37', '2022-10-05 03:22:37'),
(311, 52, 1, 8, 5, 1, '2022-10-05 03:22:37', '2022-10-05 03:22:37'),
(312, 53, 1, 8, 5, 1, '2022-10-05 03:22:37', '2022-10-05 03:22:37'),
(313, 54, 1, 8, 5, 1, '2022-10-05 03:22:37', '2022-10-05 03:22:37'),
(314, 55, 1, 8, 5, 1, '2022-10-05 03:22:37', '2022-10-05 03:22:37'),
(315, 56, 1, 8, 5, 1, '2022-10-05 03:22:37', '2022-10-05 03:22:37'),
(316, 57, 1, 8, 5, 1, '2022-10-05 03:22:37', '2022-10-05 03:22:37'),
(317, 58, 1, 9, 5, 1, '2022-10-05 03:22:37', '2022-10-05 03:22:37'),
(318, 59, 1, 9, 5, 1, '2022-10-05 03:22:37', '2022-10-05 03:22:37'),
(319, 60, 1, 9, 5, 1, '2022-10-05 03:22:37', '2022-10-05 03:22:37'),
(320, 61, 1, 9, 5, 1, '2022-10-05 03:22:37', '2022-10-05 03:22:37'),
(321, 62, 1, 10, 5, 1, '2022-10-05 03:22:37', '2022-10-05 03:22:37'),
(322, 63, 1, 10, 5, 1, '2022-10-05 03:22:37', '2022-10-05 03:22:37'),
(323, 64, 1, 10, 5, 1, '2022-10-05 03:22:37', '2022-10-05 03:22:37'),
(324, 65, 1, 10, 5, 1, '2022-10-05 03:22:37', '2022-10-05 03:22:37'),
(325, 66, 1, 10, 5, 1, '2022-10-05 03:22:37', '2022-10-05 03:22:37'),
(326, 2, 1, 2, 6, 1, '2022-10-05 03:22:37', '2022-10-05 03:22:37'),
(327, 3, 1, 2, 6, 1, '2022-10-05 03:22:37', '2022-10-05 03:22:37'),
(328, 4, 1, 2, 6, 1, '2022-10-05 03:22:37', '2022-10-05 03:22:37'),
(329, 5, 1, 2, 6, 1, '2022-10-05 03:22:37', '2022-10-05 03:22:37'),
(330, 6, 1, 2, 6, 1, '2022-10-05 03:22:37', '2022-10-05 03:22:37'),
(331, 7, 1, 2, 6, 1, '2022-10-05 03:22:37', '2022-10-05 03:22:37'),
(332, 8, 1, 3, 6, 1, '2022-10-05 03:22:37', '2022-10-05 03:22:37'),
(333, 9, 1, 3, 6, 1, '2022-10-05 03:22:37', '2022-10-05 03:22:37'),
(334, 10, 1, 3, 6, 1, '2022-10-05 03:22:37', '2022-10-05 03:22:37'),
(335, 11, 1, 3, 6, 1, '2022-10-05 03:22:37', '2022-10-05 03:22:37'),
(336, 12, 1, 3, 6, 1, '2022-10-05 03:22:37', '2022-10-05 03:22:37'),
(337, 13, 1, 3, 6, 1, '2022-10-05 03:22:37', '2022-10-05 03:22:37'),
(338, 14, 1, 3, 6, 1, '2022-10-05 03:22:37', '2022-10-05 03:22:37'),
(339, 15, 1, 3, 6, 1, '2022-10-05 03:22:37', '2022-10-05 03:22:37'),
(340, 16, 1, 3, 6, 1, '2022-10-05 03:22:37', '2022-10-05 03:22:37'),
(341, 17, 1, 3, 6, 1, '2022-10-05 03:22:37', '2022-10-05 03:22:37'),
(342, 18, 1, 3, 6, 1, '2022-10-05 03:22:37', '2022-10-05 03:22:37'),
(343, 19, 1, 3, 6, 1, '2022-10-05 03:22:37', '2022-10-05 03:22:37'),
(344, 20, 1, 3, 6, 1, '2022-10-05 03:22:37', '2022-10-05 03:22:37'),
(345, 21, 1, 3, 6, 1, '2022-10-05 03:22:37', '2022-10-05 03:22:37'),
(346, 22, 1, 3, 6, 1, '2022-10-05 03:22:37', '2022-10-05 03:22:37'),
(347, 23, 1, 4, 6, 1, '2022-10-05 03:22:37', '2022-10-05 03:22:37'),
(348, 24, 1, 4, 6, 1, '2022-10-05 03:22:37', '2022-10-05 03:22:37'),
(349, 25, 1, 4, 6, 1, '2022-10-05 03:22:37', '2022-10-05 03:22:37'),
(350, 26, 1, 4, 6, 1, '2022-10-05 03:22:37', '2022-10-05 03:22:37'),
(351, 27, 1, 4, 6, 1, '2022-10-05 03:22:37', '2022-10-05 03:22:37'),
(352, 28, 1, 4, 6, 1, '2022-10-05 03:22:37', '2022-10-05 03:22:37'),
(353, 29, 1, 4, 6, 1, '2022-10-05 03:22:37', '2022-10-05 03:22:37'),
(354, 30, 1, 4, 6, 1, '2022-10-05 03:22:37', '2022-10-05 03:22:37'),
(355, 31, 1, 4, 6, 1, '2022-10-05 03:22:37', '2022-10-05 03:22:37'),
(356, 32, 1, 4, 6, 1, '2022-10-05 03:22:37', '2022-10-05 03:22:37'),
(357, 33, 1, 5, 6, 1, '2022-10-05 03:22:37', '2022-10-05 03:22:37'),
(358, 34, 1, 5, 6, 1, '2022-10-05 03:22:37', '2022-10-05 03:22:37'),
(359, 35, 1, 5, 6, 1, '2022-10-05 03:22:37', '2022-10-05 03:22:37'),
(360, 36, 1, 5, 6, 1, '2022-10-05 03:22:37', '2022-10-05 03:22:37'),
(361, 37, 1, 5, 6, 1, '2022-10-05 03:22:37', '2022-10-05 03:22:37'),
(362, 38, 1, 5, 6, 1, '2022-10-05 03:22:37', '2022-10-05 03:22:37'),
(363, 39, 1, 5, 6, 1, '2022-10-05 03:22:37', '2022-10-05 03:22:37'),
(364, 40, 1, 6, 6, 1, '2022-10-05 03:22:37', '2022-10-05 03:22:37'),
(365, 41, 1, 6, 6, 1, '2022-10-05 03:22:37', '2022-10-05 03:22:37'),
(366, 42, 1, 6, 6, 1, '2022-10-05 03:22:37', '2022-10-05 03:22:37'),
(367, 43, 1, 6, 6, 1, '2022-10-05 03:22:37', '2022-10-05 03:22:37'),
(368, 44, 1, 6, 6, 1, '2022-10-05 03:22:37', '2022-10-05 03:22:37'),
(369, 45, 1, 7, 6, 1, '2022-10-05 03:22:37', '2022-10-05 03:22:37'),
(370, 46, 1, 7, 6, 1, '2022-10-05 03:22:37', '2022-10-05 03:22:37'),
(371, 47, 1, 7, 6, 1, '2022-10-05 03:22:37', '2022-10-05 03:22:37'),
(372, 48, 1, 7, 6, 1, '2022-10-05 03:22:37', '2022-10-05 03:22:37'),
(373, 49, 1, 7, 6, 1, '2022-10-05 03:22:37', '2022-10-05 03:22:37'),
(374, 50, 1, 8, 6, 1, '2022-10-05 03:22:37', '2022-10-05 03:22:37'),
(375, 51, 1, 8, 6, 1, '2022-10-05 03:22:37', '2022-10-05 03:22:37'),
(376, 52, 1, 8, 6, 1, '2022-10-05 03:22:37', '2022-10-05 03:22:37'),
(377, 53, 1, 8, 6, 1, '2022-10-05 03:22:37', '2022-10-05 03:22:37'),
(378, 54, 1, 8, 6, 1, '2022-10-05 03:22:37', '2022-10-05 03:22:37'),
(379, 55, 1, 8, 6, 1, '2022-10-05 03:22:37', '2022-10-05 03:22:37'),
(380, 56, 1, 8, 6, 1, '2022-10-05 03:22:37', '2022-10-05 03:22:37'),
(381, 57, 1, 8, 6, 1, '2022-10-05 03:22:37', '2022-10-05 03:22:37'),
(382, 58, 1, 9, 6, 1, '2022-10-05 03:22:37', '2022-10-05 03:22:37'),
(383, 59, 1, 9, 6, 1, '2022-10-05 03:22:37', '2022-10-05 03:22:37'),
(384, 60, 1, 9, 6, 1, '2022-10-05 03:22:37', '2022-10-05 03:22:37'),
(385, 61, 1, 9, 6, 1, '2022-10-05 03:22:37', '2022-10-05 03:22:37'),
(386, 62, 1, 10, 6, 1, '2022-10-05 03:22:37', '2022-10-05 03:22:37'),
(387, 63, 1, 10, 6, 1, '2022-10-05 03:22:37', '2022-10-05 03:22:37'),
(388, 64, 1, 10, 6, 1, '2022-10-05 03:22:37', '2022-10-05 03:22:37'),
(389, 65, 1, 10, 6, 1, '2022-10-05 03:22:37', '2022-10-05 03:22:37'),
(390, 66, 1, 10, 6, 1, '2022-10-05 03:22:37', '2022-10-05 03:22:37'),
(391, 2, 1, 2, 7, 1, '2022-10-05 03:22:37', '2022-10-05 03:22:37'),
(392, 3, 1, 2, 7, 1, '2022-10-05 03:22:38', '2022-10-05 03:22:38'),
(393, 4, 1, 2, 7, 1, '2022-10-05 03:22:38', '2022-10-05 03:22:38'),
(394, 5, 1, 2, 7, 1, '2022-10-05 03:22:38', '2022-10-05 03:22:38'),
(395, 6, 1, 2, 7, 1, '2022-10-05 03:22:38', '2022-10-05 03:22:38'),
(396, 7, 1, 2, 7, 1, '2022-10-05 03:22:38', '2022-10-05 03:22:38'),
(397, 8, 1, 3, 7, 1, '2022-10-05 03:22:38', '2022-10-05 03:22:38'),
(398, 9, 1, 3, 7, 1, '2022-10-05 03:22:38', '2022-10-05 03:22:38'),
(399, 10, 1, 3, 7, 1, '2022-10-05 03:22:38', '2022-10-05 03:22:38'),
(400, 11, 1, 3, 7, 1, '2022-10-05 03:22:38', '2022-10-05 03:22:38'),
(401, 12, 1, 3, 7, 1, '2022-10-05 03:22:38', '2022-10-05 03:22:38'),
(402, 13, 1, 3, 7, 1, '2022-10-05 03:22:38', '2022-10-05 03:22:38'),
(403, 14, 1, 3, 7, 1, '2022-10-05 03:22:38', '2022-10-05 03:22:38'),
(404, 15, 1, 3, 7, 1, '2022-10-05 03:22:38', '2022-10-05 03:22:38'),
(405, 16, 1, 3, 7, 1, '2022-10-05 03:22:38', '2022-10-05 03:22:38'),
(406, 17, 1, 3, 7, 1, '2022-10-05 03:22:38', '2022-10-05 03:22:38'),
(407, 18, 1, 3, 7, 1, '2022-10-05 03:22:38', '2022-10-05 03:22:38'),
(408, 19, 1, 3, 7, 1, '2022-10-05 03:22:38', '2022-10-05 03:22:38'),
(409, 20, 1, 3, 7, 1, '2022-10-05 03:22:38', '2022-10-05 03:22:38'),
(410, 21, 1, 3, 7, 1, '2022-10-05 03:22:38', '2022-10-05 03:22:38'),
(411, 22, 1, 3, 7, 1, '2022-10-05 03:22:38', '2022-10-05 03:22:38'),
(412, 23, 1, 4, 7, 1, '2022-10-05 03:22:38', '2022-10-05 03:22:38'),
(413, 24, 1, 4, 7, 1, '2022-10-05 03:22:38', '2022-10-05 03:22:38'),
(414, 25, 1, 4, 7, 1, '2022-10-05 03:22:38', '2022-10-05 03:22:38'),
(415, 26, 1, 4, 7, 1, '2022-10-05 03:22:38', '2022-10-05 03:22:38'),
(416, 27, 1, 4, 7, 1, '2022-10-05 03:22:38', '2022-10-05 03:22:38'),
(417, 28, 1, 4, 7, 1, '2022-10-05 03:22:38', '2022-10-05 03:22:38'),
(418, 29, 1, 4, 7, 1, '2022-10-05 03:22:38', '2022-10-05 03:22:38'),
(419, 30, 1, 4, 7, 1, '2022-10-05 03:22:38', '2022-10-05 03:22:38'),
(420, 31, 1, 4, 7, 1, '2022-10-05 03:22:38', '2022-10-05 03:22:38'),
(421, 32, 1, 4, 7, 1, '2022-10-05 03:22:38', '2022-10-05 03:22:38'),
(422, 33, 1, 5, 7, 1, '2022-10-05 03:22:38', '2022-10-05 03:22:38'),
(423, 34, 1, 5, 7, 1, '2022-10-05 03:22:38', '2022-10-05 03:22:38'),
(424, 35, 1, 5, 7, 1, '2022-10-05 03:22:38', '2022-10-05 03:22:38'),
(425, 36, 1, 5, 7, 1, '2022-10-05 03:22:38', '2022-10-05 03:22:38'),
(426, 37, 1, 5, 7, 1, '2022-10-05 03:22:38', '2022-10-05 03:22:38'),
(427, 38, 1, 5, 7, 1, '2022-10-05 03:22:38', '2022-10-05 03:22:38'),
(428, 39, 1, 5, 7, 1, '2022-10-05 03:22:38', '2022-10-05 03:22:38'),
(429, 40, 1, 6, 7, 1, '2022-10-05 03:22:38', '2022-10-05 03:22:38'),
(430, 41, 1, 6, 7, 1, '2022-10-05 03:22:38', '2022-10-05 03:22:38'),
(431, 42, 1, 6, 7, 1, '2022-10-05 03:22:38', '2022-10-05 03:22:38'),
(432, 43, 1, 6, 7, 1, '2022-10-05 03:22:38', '2022-10-05 03:22:38'),
(433, 44, 1, 6, 7, 1, '2022-10-05 03:22:38', '2022-10-05 03:22:38'),
(434, 45, 1, 7, 7, 1, '2022-10-05 03:22:38', '2022-10-05 03:22:38'),
(435, 46, 1, 7, 7, 1, '2022-10-05 03:22:38', '2022-10-05 03:22:38'),
(436, 47, 1, 7, 7, 1, '2022-10-05 03:22:38', '2022-10-05 03:22:38'),
(437, 48, 1, 7, 7, 1, '2022-10-05 03:22:38', '2022-10-05 03:22:38'),
(438, 49, 1, 7, 7, 1, '2022-10-05 03:22:38', '2022-10-05 03:22:38'),
(439, 50, 1, 8, 7, 1, '2022-10-05 03:22:38', '2022-10-05 03:22:38'),
(440, 51, 1, 8, 7, 1, '2022-10-05 03:22:38', '2022-10-05 03:22:38'),
(441, 52, 1, 8, 7, 1, '2022-10-05 03:22:38', '2022-10-05 03:22:38'),
(442, 53, 1, 8, 7, 1, '2022-10-05 03:22:38', '2022-10-05 03:22:38'),
(443, 54, 1, 8, 7, 1, '2022-10-05 03:22:38', '2022-10-05 03:22:38'),
(444, 55, 1, 8, 7, 1, '2022-10-05 03:22:38', '2022-10-05 03:22:38'),
(445, 56, 1, 8, 7, 1, '2022-10-05 03:22:38', '2022-10-05 03:22:38'),
(446, 57, 1, 8, 7, 1, '2022-10-05 03:22:38', '2022-10-05 03:22:38'),
(447, 58, 1, 9, 7, 1, '2022-10-05 03:22:38', '2022-10-05 03:22:38'),
(448, 59, 1, 9, 7, 1, '2022-10-05 03:22:38', '2022-10-05 03:22:38'),
(449, 60, 1, 9, 7, 1, '2022-10-05 03:22:38', '2022-10-05 03:22:38'),
(450, 61, 1, 9, 7, 1, '2022-10-05 03:22:38', '2022-10-05 03:22:38'),
(451, 62, 1, 10, 7, 1, '2022-10-05 03:22:38', '2022-10-05 03:22:38'),
(452, 63, 1, 10, 7, 1, '2022-10-05 03:22:38', '2022-10-05 03:22:38'),
(453, 64, 1, 10, 7, 1, '2022-10-05 03:22:38', '2022-10-05 03:22:38'),
(454, 65, 1, 10, 7, 1, '2022-10-05 03:22:38', '2022-10-05 03:22:38'),
(455, 66, 1, 10, 7, 1, '2022-10-05 03:22:38', '2022-10-05 03:22:38'),
(456, 2, 1, 2, 8, 1, '2022-10-05 03:22:38', '2022-10-05 03:22:38'),
(457, 3, 1, 2, 8, 1, '2022-10-05 03:22:38', '2022-10-05 03:22:38'),
(458, 4, 1, 2, 8, 1, '2022-10-05 03:22:38', '2022-10-05 03:22:38'),
(459, 5, 1, 2, 8, 1, '2022-10-05 03:22:38', '2022-10-05 03:22:38'),
(460, 6, 1, 2, 8, 1, '2022-10-05 03:22:38', '2022-10-05 03:22:38'),
(461, 7, 1, 2, 8, 1, '2022-10-05 03:22:38', '2022-10-05 03:22:38'),
(462, 8, 1, 3, 8, 1, '2022-10-05 03:22:38', '2022-10-05 03:22:38'),
(463, 9, 1, 3, 8, 1, '2022-10-05 03:22:38', '2022-10-05 03:22:38'),
(464, 10, 1, 3, 8, 1, '2022-10-05 03:22:38', '2022-10-05 03:22:38'),
(465, 11, 1, 3, 8, 1, '2022-10-05 03:22:38', '2022-10-05 03:22:38'),
(466, 12, 1, 3, 8, 1, '2022-10-05 03:22:38', '2022-10-05 03:22:38'),
(467, 13, 1, 3, 8, 1, '2022-10-05 03:22:38', '2022-10-05 03:22:38'),
(468, 14, 1, 3, 8, 1, '2022-10-05 03:22:38', '2022-10-05 03:22:38'),
(469, 15, 1, 3, 8, 1, '2022-10-05 03:22:38', '2022-10-05 03:22:38'),
(470, 16, 1, 3, 8, 1, '2022-10-05 03:22:38', '2022-10-05 03:22:38'),
(471, 17, 1, 3, 8, 1, '2022-10-05 03:22:38', '2022-10-05 03:22:38'),
(472, 18, 1, 3, 8, 1, '2022-10-05 03:22:38', '2022-10-05 03:22:38'),
(473, 19, 1, 3, 8, 1, '2022-10-05 03:22:38', '2022-10-05 03:22:38'),
(474, 20, 1, 3, 8, 1, '2022-10-05 03:22:38', '2022-10-05 03:22:38'),
(475, 21, 1, 3, 8, 1, '2022-10-05 03:22:38', '2022-10-05 03:22:38'),
(476, 22, 1, 3, 8, 1, '2022-10-05 03:22:38', '2022-10-05 03:22:38'),
(477, 23, 1, 4, 8, 1, '2022-10-05 03:22:38', '2022-10-05 03:22:38'),
(478, 24, 1, 4, 8, 1, '2022-10-05 03:22:38', '2022-10-05 03:22:38'),
(479, 25, 1, 4, 8, 1, '2022-10-05 03:22:38', '2022-10-05 03:22:38'),
(480, 26, 1, 4, 8, 1, '2022-10-05 03:22:38', '2022-10-05 03:22:38'),
(481, 27, 1, 4, 8, 1, '2022-10-05 03:22:38', '2022-10-05 03:22:38'),
(482, 28, 1, 4, 8, 1, '2022-10-05 03:22:38', '2022-10-05 03:22:38'),
(483, 29, 1, 4, 8, 1, '2022-10-05 03:22:38', '2022-10-05 03:22:38'),
(484, 30, 1, 4, 8, 1, '2022-10-05 03:22:38', '2022-10-05 03:22:38'),
(485, 31, 1, 4, 8, 1, '2022-10-05 03:22:38', '2022-10-05 03:22:38'),
(486, 32, 1, 4, 8, 1, '2022-10-05 03:22:38', '2022-10-05 03:22:38'),
(487, 33, 1, 5, 8, 1, '2022-10-05 03:22:38', '2022-10-05 03:22:38'),
(488, 34, 1, 5, 8, 1, '2022-10-05 03:22:38', '2022-10-05 03:22:38'),
(489, 35, 1, 5, 8, 1, '2022-10-05 03:22:38', '2022-10-05 03:22:38'),
(490, 36, 1, 5, 8, 1, '2022-10-05 03:22:38', '2022-10-05 03:22:38'),
(491, 37, 1, 5, 8, 1, '2022-10-05 03:22:38', '2022-10-05 03:22:38'),
(492, 38, 1, 5, 8, 1, '2022-10-05 03:22:38', '2022-10-05 03:22:38'),
(493, 39, 1, 5, 8, 1, '2022-10-05 03:22:38', '2022-10-05 03:22:38'),
(494, 40, 1, 6, 8, 1, '2022-10-05 03:22:38', '2022-10-05 03:22:38'),
(495, 41, 1, 6, 8, 1, '2022-10-05 03:22:38', '2022-10-05 03:22:38'),
(496, 42, 1, 6, 8, 1, '2022-10-05 03:22:38', '2022-10-05 03:22:38'),
(497, 43, 1, 6, 8, 1, '2022-10-05 03:22:38', '2022-10-05 03:22:38'),
(498, 44, 1, 6, 8, 1, '2022-10-05 03:22:38', '2022-10-05 03:22:38'),
(499, 45, 1, 7, 8, 1, '2022-10-05 03:22:38', '2022-10-05 03:22:38'),
(500, 46, 1, 7, 8, 1, '2022-10-05 03:22:38', '2022-10-05 03:22:38'),
(501, 47, 1, 7, 8, 1, '2022-10-05 03:22:38', '2022-10-05 03:22:38'),
(502, 48, 1, 7, 8, 1, '2022-10-05 03:22:38', '2022-10-05 03:22:38'),
(503, 49, 1, 7, 8, 1, '2022-10-05 03:22:38', '2022-10-05 03:22:38'),
(504, 50, 1, 8, 8, 1, '2022-10-05 03:22:38', '2022-10-05 03:22:38'),
(505, 51, 1, 8, 8, 1, '2022-10-05 03:22:38', '2022-10-05 03:22:38'),
(506, 52, 1, 8, 8, 1, '2022-10-05 03:22:38', '2022-10-05 03:22:38'),
(507, 53, 1, 8, 8, 1, '2022-10-05 03:22:38', '2022-10-05 03:22:38'),
(508, 54, 1, 8, 8, 1, '2022-10-05 03:22:38', '2022-10-05 03:22:38'),
(509, 55, 1, 8, 8, 1, '2022-10-05 03:22:38', '2022-10-05 03:22:38'),
(510, 56, 1, 8, 8, 1, '2022-10-05 03:22:38', '2022-10-05 03:22:38'),
(511, 57, 1, 8, 8, 1, '2022-10-05 03:22:38', '2022-10-05 03:22:38'),
(512, 58, 1, 9, 8, 1, '2022-10-05 03:22:38', '2022-10-05 03:22:38'),
(513, 59, 1, 9, 8, 1, '2022-10-05 03:22:38', '2022-10-05 03:22:38'),
(514, 60, 1, 9, 8, 1, '2022-10-05 03:22:38', '2022-10-05 03:22:38'),
(515, 61, 1, 9, 8, 1, '2022-10-05 03:22:38', '2022-10-05 03:22:38'),
(516, 62, 1, 10, 8, 1, '2022-10-05 03:22:38', '2022-10-05 03:22:38'),
(517, 63, 1, 10, 8, 1, '2022-10-05 03:22:38', '2022-10-05 03:22:38'),
(518, 64, 1, 10, 8, 1, '2022-10-05 03:22:38', '2022-10-05 03:22:38'),
(519, 65, 1, 10, 8, 1, '2022-10-05 03:22:38', '2022-10-05 03:22:38'),
(520, 66, 1, 10, 8, 1, '2022-10-05 03:22:38', '2022-10-05 03:22:38'),
(521, 2, 1, 2, 9, 1, '2022-10-05 03:22:38', '2022-10-05 03:22:38'),
(522, 3, 1, 2, 9, 1, '2022-10-05 03:22:38', '2022-10-05 03:22:38'),
(523, 4, 1, 2, 9, 1, '2022-10-05 03:22:38', '2022-10-05 03:22:38'),
(524, 5, 1, 2, 9, 1, '2022-10-05 03:22:38', '2022-10-05 03:22:38'),
(525, 6, 1, 2, 9, 1, '2022-10-05 03:22:38', '2022-10-05 03:22:38'),
(526, 7, 1, 2, 9, 1, '2022-10-05 03:22:38', '2022-10-05 03:22:38'),
(527, 8, 1, 3, 9, 1, '2022-10-05 03:22:38', '2022-10-05 03:22:38'),
(528, 9, 1, 3, 9, 1, '2022-10-05 03:22:38', '2022-10-05 03:22:38'),
(529, 10, 1, 3, 9, 1, '2022-10-05 03:22:38', '2022-10-05 03:22:38'),
(530, 11, 1, 3, 9, 1, '2022-10-05 03:22:38', '2022-10-05 03:22:38'),
(531, 12, 1, 3, 9, 1, '2022-10-05 03:22:38', '2022-10-05 03:22:38'),
(532, 13, 1, 3, 9, 1, '2022-10-05 03:22:38', '2022-10-05 03:22:38'),
(533, 14, 1, 3, 9, 1, '2022-10-05 03:22:38', '2022-10-05 03:22:38'),
(534, 15, 1, 3, 9, 1, '2022-10-05 03:22:38', '2022-10-05 03:22:38'),
(535, 16, 1, 3, 9, 1, '2022-10-05 03:22:38', '2022-10-05 03:22:38'),
(536, 17, 1, 3, 9, 1, '2022-10-05 03:22:38', '2022-10-05 03:22:38'),
(537, 18, 1, 3, 9, 1, '2022-10-05 03:22:38', '2022-10-05 03:22:38'),
(538, 19, 1, 3, 9, 1, '2022-10-05 03:22:38', '2022-10-05 03:22:38'),
(539, 20, 1, 3, 9, 1, '2022-10-05 03:22:38', '2022-10-05 03:22:38'),
(540, 21, 1, 3, 9, 1, '2022-10-05 03:22:38', '2022-10-05 03:22:38'),
(541, 22, 1, 3, 9, 1, '2022-10-05 03:22:38', '2022-10-05 03:22:38'),
(542, 23, 1, 4, 9, 1, '2022-10-05 03:22:38', '2022-10-05 03:22:38'),
(543, 24, 1, 4, 9, 1, '2022-10-05 03:22:38', '2022-10-05 03:22:38'),
(544, 25, 1, 4, 9, 1, '2022-10-05 03:22:38', '2022-10-05 03:22:38'),
(545, 26, 1, 4, 9, 1, '2022-10-05 03:22:38', '2022-10-05 03:22:38'),
(546, 27, 1, 4, 9, 1, '2022-10-05 03:22:38', '2022-10-05 03:22:38'),
(547, 28, 1, 4, 9, 1, '2022-10-05 03:22:38', '2022-10-05 03:22:38'),
(548, 29, 1, 4, 9, 1, '2022-10-05 03:22:38', '2022-10-05 03:22:38'),
(549, 30, 1, 4, 9, 1, '2022-10-05 03:22:38', '2022-10-05 03:22:38'),
(550, 31, 1, 4, 9, 1, '2022-10-05 03:22:38', '2022-10-05 03:22:38'),
(551, 32, 1, 4, 9, 1, '2022-10-05 03:22:38', '2022-10-05 03:22:38'),
(552, 33, 1, 5, 9, 1, '2022-10-05 03:22:38', '2022-10-05 03:22:38'),
(553, 34, 1, 5, 9, 1, '2022-10-05 03:22:38', '2022-10-05 03:22:38'),
(554, 35, 1, 5, 9, 1, '2022-10-05 03:22:38', '2022-10-05 03:22:38'),
(555, 36, 1, 5, 9, 1, '2022-10-05 03:22:38', '2022-10-05 03:22:38'),
(556, 37, 1, 5, 9, 1, '2022-10-05 03:22:38', '2022-10-05 03:22:38'),
(557, 38, 1, 5, 9, 1, '2022-10-05 03:22:38', '2022-10-05 03:22:38'),
(558, 39, 1, 5, 9, 1, '2022-10-05 03:22:38', '2022-10-05 03:22:38'),
(559, 40, 1, 6, 9, 1, '2022-10-05 03:22:38', '2022-10-05 03:22:38'),
(560, 41, 1, 6, 9, 1, '2022-10-05 03:22:38', '2022-10-05 03:22:38'),
(561, 42, 1, 6, 9, 1, '2022-10-05 03:22:38', '2022-10-05 03:22:38'),
(562, 43, 1, 6, 9, 1, '2022-10-05 03:22:38', '2022-10-05 03:22:38'),
(563, 44, 1, 6, 9, 1, '2022-10-05 03:22:38', '2022-10-05 03:22:38'),
(564, 45, 1, 7, 9, 1, '2022-10-05 03:22:38', '2022-10-05 03:22:38'),
(565, 46, 1, 7, 9, 1, '2022-10-05 03:22:38', '2022-10-05 03:22:38'),
(566, 47, 1, 7, 9, 1, '2022-10-05 03:22:38', '2022-10-05 03:22:38'),
(567, 48, 1, 7, 9, 1, '2022-10-05 03:22:38', '2022-10-05 03:22:38'),
(568, 49, 1, 7, 9, 1, '2022-10-05 03:22:38', '2022-10-05 03:22:38'),
(569, 50, 1, 8, 9, 1, '2022-10-05 03:22:38', '2022-10-05 03:22:38'),
(570, 51, 1, 8, 9, 1, '2022-10-05 03:22:38', '2022-10-05 03:22:38'),
(571, 52, 1, 8, 9, 1, '2022-10-05 03:22:38', '2022-10-05 03:22:38'),
(572, 53, 1, 8, 9, 1, '2022-10-05 03:22:38', '2022-10-05 03:22:38'),
(573, 54, 1, 8, 9, 1, '2022-10-05 03:22:38', '2022-10-05 03:22:38'),
(574, 55, 1, 8, 9, 1, '2022-10-05 03:22:38', '2022-10-05 03:22:38'),
(575, 56, 1, 8, 9, 1, '2022-10-05 03:22:38', '2022-10-05 03:22:38'),
(576, 57, 1, 8, 9, 1, '2022-10-05 03:22:38', '2022-10-05 03:22:38'),
(577, 58, 1, 9, 9, 1, '2022-10-05 03:22:38', '2022-10-05 03:22:38'),
(578, 59, 1, 9, 9, 1, '2022-10-05 03:22:38', '2022-10-05 03:22:38'),
(579, 60, 1, 9, 9, 1, '2022-10-05 03:22:38', '2022-10-05 03:22:38'),
(580, 61, 1, 9, 9, 1, '2022-10-05 03:22:38', '2022-10-05 03:22:38'),
(581, 62, 1, 10, 9, 1, '2022-10-05 03:22:38', '2022-10-05 03:22:38'),
(582, 63, 1, 10, 9, 1, '2022-10-05 03:22:38', '2022-10-05 03:22:38'),
(583, 64, 1, 10, 9, 1, '2022-10-05 03:22:38', '2022-10-05 03:22:38'),
(584, 65, 1, 10, 9, 1, '2022-10-05 03:22:38', '2022-10-05 03:22:38'),
(585, 66, 1, 10, 9, 1, '2022-10-05 03:22:38', '2022-10-05 03:22:38'),
(586, 2, 1, 2, 10, 1, '2022-10-05 03:22:38', '2022-10-05 03:22:38'),
(587, 3, 1, 2, 10, 1, '2022-10-05 03:22:38', '2022-10-05 03:22:38'),
(588, 4, 1, 2, 10, 1, '2022-10-05 03:22:38', '2022-10-05 03:22:38'),
(589, 5, 1, 2, 10, 1, '2022-10-05 03:22:38', '2022-10-05 03:22:38'),
(590, 6, 1, 2, 10, 1, '2022-10-05 03:22:38', '2022-10-05 03:22:38'),
(591, 7, 1, 2, 10, 1, '2022-10-05 03:22:38', '2022-10-05 03:22:38'),
(592, 8, 1, 3, 10, 1, '2022-10-05 03:22:38', '2022-10-05 03:22:38'),
(593, 9, 1, 3, 10, 1, '2022-10-05 03:22:38', '2022-10-05 03:22:38'),
(594, 10, 1, 3, 10, 1, '2022-10-05 03:22:38', '2022-10-05 03:22:38'),
(595, 11, 1, 3, 10, 1, '2022-10-05 03:22:38', '2022-10-05 03:22:38'),
(596, 12, 1, 3, 10, 1, '2022-10-05 03:22:38', '2022-10-05 03:22:38'),
(597, 13, 1, 3, 10, 1, '2022-10-05 03:22:38', '2022-10-05 03:22:38'),
(598, 14, 1, 3, 10, 1, '2022-10-05 03:22:38', '2022-10-05 03:22:38'),
(599, 15, 1, 3, 10, 1, '2022-10-05 03:22:38', '2022-10-05 03:22:38'),
(600, 16, 1, 3, 10, 1, '2022-10-05 03:22:38', '2022-10-05 03:22:38'),
(601, 17, 1, 3, 10, 1, '2022-10-05 03:22:38', '2022-10-05 03:22:38'),
(602, 18, 1, 3, 10, 1, '2022-10-05 03:22:38', '2022-10-05 03:22:38'),
(603, 19, 1, 3, 10, 1, '2022-10-05 03:22:38', '2022-10-05 03:22:38'),
(604, 20, 1, 3, 10, 1, '2022-10-05 03:22:38', '2022-10-05 03:22:38'),
(605, 21, 1, 3, 10, 1, '2022-10-05 03:22:38', '2022-10-05 03:22:38'),
(606, 22, 1, 3, 10, 1, '2022-10-05 03:22:38', '2022-10-05 03:22:38'),
(607, 23, 1, 4, 10, 1, '2022-10-05 03:22:38', '2022-10-05 03:22:38'),
(608, 24, 1, 4, 10, 1, '2022-10-05 03:22:38', '2022-10-05 03:22:38'),
(609, 25, 1, 4, 10, 1, '2022-10-05 03:22:38', '2022-10-05 03:22:38'),
(610, 26, 1, 4, 10, 1, '2022-10-05 03:22:38', '2022-10-05 03:22:38'),
(611, 27, 1, 4, 10, 1, '2022-10-05 03:22:38', '2022-10-05 03:22:38'),
(612, 28, 1, 4, 10, 1, '2022-10-05 03:22:38', '2022-10-05 03:22:38'),
(613, 29, 1, 4, 10, 1, '2022-10-05 03:22:38', '2022-10-05 03:22:38'),
(614, 30, 1, 4, 10, 1, '2022-10-05 03:22:38', '2022-10-05 03:22:38'),
(615, 31, 1, 4, 10, 1, '2022-10-05 03:22:38', '2022-10-05 03:22:38'),
(616, 32, 1, 4, 10, 1, '2022-10-05 03:22:38', '2022-10-05 03:22:38'),
(617, 33, 1, 5, 10, 1, '2022-10-05 03:22:38', '2022-10-05 03:22:38'),
(618, 34, 1, 5, 10, 1, '2022-10-05 03:22:38', '2022-10-05 03:22:38'),
(619, 35, 1, 5, 10, 1, '2022-10-05 03:22:38', '2022-10-05 03:22:38'),
(620, 36, 1, 5, 10, 1, '2022-10-05 03:22:38', '2022-10-05 03:22:38'),
(621, 37, 1, 5, 10, 1, '2022-10-05 03:22:38', '2022-10-05 03:22:38'),
(622, 38, 1, 5, 10, 1, '2022-10-05 03:22:38', '2022-10-05 03:22:38'),
(623, 39, 1, 5, 10, 1, '2022-10-05 03:22:38', '2022-10-05 03:22:38'),
(624, 40, 1, 6, 10, 1, '2022-10-05 03:22:38', '2022-10-05 03:22:38'),
(625, 41, 1, 6, 10, 1, '2022-10-05 03:22:38', '2022-10-05 03:22:38'),
(626, 42, 1, 6, 10, 1, '2022-10-05 03:22:38', '2022-10-05 03:22:38'),
(627, 43, 1, 6, 10, 1, '2022-10-05 03:22:38', '2022-10-05 03:22:38'),
(628, 44, 1, 6, 10, 1, '2022-10-05 03:22:38', '2022-10-05 03:22:38'),
(629, 45, 1, 7, 10, 1, '2022-10-05 03:22:38', '2022-10-05 03:22:38'),
(630, 46, 1, 7, 10, 1, '2022-10-05 03:22:38', '2022-10-05 03:22:38'),
(631, 47, 1, 7, 10, 1, '2022-10-05 03:22:38', '2022-10-05 03:22:38'),
(632, 48, 1, 7, 10, 1, '2022-10-05 03:22:38', '2022-10-05 03:22:38'),
(633, 49, 1, 7, 10, 1, '2022-10-05 03:22:38', '2022-10-05 03:22:38'),
(634, 50, 1, 8, 10, 1, '2022-10-05 03:22:38', '2022-10-05 03:22:38'),
(635, 51, 1, 8, 10, 1, '2022-10-05 03:22:38', '2022-10-05 03:22:38'),
(636, 52, 1, 8, 10, 1, '2022-10-05 03:22:38', '2022-10-05 03:22:38'),
(637, 53, 1, 8, 10, 1, '2022-10-05 03:22:38', '2022-10-05 03:22:38'),
(638, 54, 1, 8, 10, 1, '2022-10-05 03:22:38', '2022-10-05 03:22:38'),
(639, 55, 1, 8, 10, 1, '2022-10-05 03:22:38', '2022-10-05 03:22:38'),
(640, 56, 1, 8, 10, 1, '2022-10-05 03:22:38', '2022-10-05 03:22:38'),
(641, 57, 1, 8, 10, 1, '2022-10-05 03:22:38', '2022-10-05 03:22:38'),
(642, 58, 1, 9, 10, 1, '2022-10-05 03:22:38', '2022-10-05 03:22:38'),
(643, 59, 1, 9, 10, 1, '2022-10-05 03:22:38', '2022-10-05 03:22:38'),
(644, 60, 1, 9, 10, 1, '2022-10-05 03:22:38', '2022-10-05 03:22:38'),
(645, 61, 1, 9, 10, 1, '2022-10-05 03:22:38', '2022-10-05 03:22:38'),
(646, 62, 1, 10, 10, 1, '2022-10-05 03:22:38', '2022-10-05 03:22:38'),
(647, 63, 1, 10, 10, 1, '2022-10-05 03:22:38', '2022-10-05 03:22:38'),
(648, 64, 1, 10, 10, 1, '2022-10-05 03:22:38', '2022-10-05 03:22:38'),
(649, 65, 1, 10, 10, 1, '2022-10-05 03:22:38', '2022-10-05 03:22:38'),
(650, 66, 1, 10, 10, 1, '2022-10-05 03:22:38', '2022-10-05 03:22:38');

-- --------------------------------------------------------

--
-- テーブルの構造 `spot_icon_types`
--

CREATE TABLE `spot_icon_types` (
  `id` int(10) UNSIGNED NOT NULL,
  `display` tinyint(1) NOT NULL DEFAULT 0 COMMENT '表示',
  `name` varchar(255) COLLATE utf8mb4_bin NOT NULL COMMENT '名前',
  `icon` varchar(10) COLLATE utf8mb4_bin NOT NULL COMMENT '-｜×｜△｜○｜◎',
  `serial` varchar(50) COLLATE utf8mb4_bin NOT NULL,
  `description` text COLLATE utf8mb4_bin NOT NULL COMMENT '概要',
  `reorder` int(10) UNSIGNED NOT NULL DEFAULT 1 COMMENT '並び順',
  `created_at` timestamp NOT NULL DEFAULT current_timestamp(),
  `updated_at` timestamp NOT NULL DEFAULT current_timestamp()
) ENGINE=InnoDB DEFAULT CHARSET=utf8mb4 COLLATE=utf8mb4_bin;

--
-- テーブルのデータのダンプ `spot_icon_types`
--

INSERT INTO `spot_icon_types` (`id`, `display`, `name`, `icon`, `serial`, `description`, `reorder`, `created_at`, `updated_at`) VALUES
(1, 0, '未選択', '-', 'empty', '', 1, '2022-10-05 03:22:33', '2022-10-05 03:22:33'),
(2, 0, '対応していません', '×', 'cross', '', 2, '2022-10-05 03:22:33', '2022-10-05 03:22:33'),
(3, 0, '要問い合わせ', '△', 'triangle', '', 3, '2022-10-05 03:22:33', '2022-10-05 03:22:33'),
(4, 0, '対応可能です', '○', 'circle', '', 4, '2022-10-05 03:22:33', '2022-10-05 03:22:33'),
(5, 0, '対応可かつ対応実績あり', '◎', 'double_circle', '', 5, '2022-10-05 03:22:33', '2022-10-05 03:22:33');

-- --------------------------------------------------------

--
-- テーブルの構造 `spot_images`
--

CREATE TABLE `spot_images` (
  `id` int(10) UNSIGNED NOT NULL,
  `display` tinyint(1) NOT NULL DEFAULT 0 COMMENT '表示',
  `name` varchar(255) COLLATE utf8mb4_bin NOT NULL COMMENT 'ファイル名',
  `tag` varchar(50) COLLATE utf8mb4_bin NOT NULL COMMENT 'タグ',
  `msg` text COLLATE utf8mb4_bin NOT NULL COMMENT 'キャプション',
  `reorder` int(10) UNSIGNED NOT NULL DEFAULT 1 COMMENT '並び順',
  `spot_id` int(10) UNSIGNED NOT NULL DEFAULT 1 COMMENT '親ID',
  `user_id` int(10) UNSIGNED NOT NULL DEFAULT 1 COMMENT 'ユーザーID',
  `created_at` timestamp NOT NULL DEFAULT current_timestamp(),
  `updated_at` timestamp NOT NULL DEFAULT current_timestamp()
) ENGINE=InnoDB DEFAULT CHARSET=utf8mb4 COLLATE=utf8mb4_bin;

--
-- テーブルのデータのダンプ `spot_images`
--

INSERT INTO `spot_images` (`id`, `display`, `name`, `tag`, `msg`, `reorder`, `spot_id`, `user_id`, `created_at`, `updated_at`) VALUES
(1, 1, '1_0000', 'main', 'キャプション1', 1, 1, 1, '2022-10-05 03:22:35', '2022-10-05 03:22:35'),
(2, 1, '2_0000', 'main', 'キャプション2', 2, 2, 2, '2022-10-05 03:22:35', '2022-10-05 03:22:35'),
(3, 1, '3_0000', 'main', 'キャプション3', 3, 3, 3, '2022-10-05 03:22:35', '2022-10-05 03:22:35'),
(4, 1, '4_0000', 'main', 'キャプション4', 4, 4, 4, '2022-10-05 03:22:35', '2022-10-05 03:22:35'),
(5, 1, '5_0000', 'main', 'キャプション5', 5, 5, 5, '2022-10-05 03:22:35', '2022-10-05 03:22:35'),
(6, 1, '6_0000', 'main', 'キャプション6', 6, 6, 6, '2022-10-05 03:22:35', '2022-10-05 03:22:35'),
(7, 1, '7_0000', 'main', 'キャプション7', 7, 7, 7, '2022-10-05 03:22:35', '2022-10-05 03:22:35'),
(8, 1, '8_0000', 'main', 'キャプション8', 8, 8, 8, '2022-10-05 03:22:35', '2022-10-05 03:22:35'),
(9, 1, '9_0000', 'main', 'キャプション9', 9, 9, 9, '2022-10-05 03:22:35', '2022-10-05 03:22:35'),
(10, 1, '10_0000', 'main', 'キャプション10', 10, 10, 10, '2022-10-05 03:22:35', '2022-10-05 03:22:35');

-- --------------------------------------------------------

--
-- テーブルの構造 `spot_plans`
--

CREATE TABLE `spot_plans` (
  `id` int(10) UNSIGNED NOT NULL,
  `display` tinyint(1) NOT NULL DEFAULT 0 COMMENT '表示',
  `name` varchar(255) COLLATE utf8mb4_bin NOT NULL COMMENT '名前',
  `description` text COLLATE utf8mb4_bin NOT NULL COMMENT '概要',
  `reorder` int(10) UNSIGNED NOT NULL DEFAULT 1 COMMENT '並び順',
  `created_at` timestamp NOT NULL DEFAULT current_timestamp(),
  `updated_at` timestamp NOT NULL DEFAULT current_timestamp()
) ENGINE=InnoDB DEFAULT CHARSET=utf8mb4 COLLATE=utf8mb4_bin;

--
-- テーブルのデータのダンプ `spot_plans`
--

INSERT INTO `spot_plans` (`id`, `display`, `name`, `description`, `reorder`, `created_at`, `updated_at`) VALUES
(1, 1, '未確認', '確認が済んでいません。', 1, '2022-10-05 03:22:33', '2022-10-05 03:22:33'),
(2, 1, '法人確認済み', '確認が済みました', 2, '2022-10-05 03:22:33', '2022-10-05 03:22:33'),
(3, 0, 'プレミアム', '有料のプレミアムプランです。確認も完了済みで、管理ページにログインが可能なほか、様々なオプションを使用することができます。', 3, '2022-10-05 03:22:33', '2022-10-05 03:22:33');

-- --------------------------------------------------------

--
-- テーブルの構造 `spot_prices`
--

CREATE TABLE `spot_prices` (
  `id` int(10) UNSIGNED NOT NULL,
  `name` varchar(255) COLLATE utf8mb4_bin NOT NULL COMMENT '内容',
  `description` varchar(255) COLLATE utf8mb4_bin NOT NULL COMMENT '説明',
  `ps` varchar(255) COLLATE utf8mb4_bin NOT NULL COMMENT '追記：例や注意事項など',
  `reorder` int(10) UNSIGNED NOT NULL DEFAULT 1 COMMENT '並び順',
  `price_genre_id` int(10) UNSIGNED NOT NULL DEFAULT 1 COMMENT '料金種類ID',
  `spot_id` int(10) UNSIGNED NOT NULL DEFAULT 1 COMMENT '親ID',
  `user_id` int(10) UNSIGNED NOT NULL DEFAULT 1 COMMENT 'ユーザーID',
  `created_at` timestamp NOT NULL DEFAULT current_timestamp(),
  `updated_at` timestamp NOT NULL DEFAULT current_timestamp()
) ENGINE=InnoDB DEFAULT CHARSET=utf8mb4 COLLATE=utf8mb4_bin;

--
-- テーブルのデータのダンプ `spot_prices`
--

INSERT INTO `spot_prices` (`id`, `name`, `description`, `ps`, `reorder`, `price_genre_id`, `spot_id`, `user_id`, `created_at`, `updated_at`) VALUES
(1, '内容1_2', '説明1_2', '例：例文を入れます2', 1, 2, 1, 1, '2022-10-05 03:22:35', '2022-10-05 03:22:35'),
(2, '内容1_3', '説明1_3', '例：例文を入れます3', 2, 3, 1, 1, '2022-10-05 03:22:35', '2022-10-05 03:22:35'),
(3, '内容1_4', '説明1_4', '例：例文を入れます4', 3, 4, 1, 1, '2022-10-05 03:22:35', '2022-10-05 03:22:35'),
(4, '内容1_5', '説明1_5', '例：例文を入れます5', 4, 5, 1, 1, '2022-10-05 03:22:35', '2022-10-05 03:22:35'),
(5, '内容1_6', '説明1_6', '例：例文を入れます6', 5, 6, 1, 1, '2022-10-05 03:22:35', '2022-10-05 03:22:35'),
(6, '内容1_7', '説明1_7', '例：例文を入れます7', 6, 7, 1, 1, '2022-10-05 03:22:35', '2022-10-05 03:22:35'),
(7, '内容2_2', '説明2_2', '例：例文を入れます2', 1, 2, 2, 1, '2022-10-05 03:22:35', '2022-10-05 03:22:35'),
(8, '内容2_3', '説明2_3', '例：例文を入れます3', 2, 3, 2, 1, '2022-10-05 03:22:35', '2022-10-05 03:22:35'),
(9, '内容2_4', '説明2_4', '例：例文を入れます4', 3, 4, 2, 1, '2022-10-05 03:22:35', '2022-10-05 03:22:35'),
(10, '内容2_5', '説明2_5', '例：例文を入れます5', 4, 5, 2, 1, '2022-10-05 03:22:35', '2022-10-05 03:22:35'),
(11, '内容2_6', '説明2_6', '例：例文を入れます6', 5, 6, 2, 1, '2022-10-05 03:22:35', '2022-10-05 03:22:35'),
(12, '内容2_7', '説明2_7', '例：例文を入れます7', 6, 7, 2, 1, '2022-10-05 03:22:35', '2022-10-05 03:22:35'),
(13, '内容3_2', '説明3_2', '例：例文を入れます2', 1, 2, 3, 1, '2022-10-05 03:22:35', '2022-10-05 03:22:35'),
(14, '内容3_3', '説明3_3', '例：例文を入れます3', 2, 3, 3, 1, '2022-10-05 03:22:35', '2022-10-05 03:22:35'),
(15, '内容3_4', '説明3_4', '例：例文を入れます4', 3, 4, 3, 1, '2022-10-05 03:22:35', '2022-10-05 03:22:35'),
(16, '内容3_5', '説明3_5', '例：例文を入れます5', 4, 5, 3, 1, '2022-10-05 03:22:35', '2022-10-05 03:22:35'),
(17, '内容3_6', '説明3_6', '例：例文を入れます6', 5, 6, 3, 1, '2022-10-05 03:22:35', '2022-10-05 03:22:35'),
(18, '内容3_7', '説明3_7', '例：例文を入れます7', 6, 7, 3, 1, '2022-10-05 03:22:35', '2022-10-05 03:22:35'),
(19, '内容4_2', '説明4_2', '例：例文を入れます2', 1, 2, 4, 1, '2022-10-05 03:22:35', '2022-10-05 03:22:35'),
(20, '内容4_3', '説明4_3', '例：例文を入れます3', 2, 3, 4, 1, '2022-10-05 03:22:35', '2022-10-05 03:22:35'),
(21, '内容4_4', '説明4_4', '例：例文を入れます4', 3, 4, 4, 1, '2022-10-05 03:22:35', '2022-10-05 03:22:35'),
(22, '内容4_5', '説明4_5', '例：例文を入れます5', 4, 5, 4, 1, '2022-10-05 03:22:35', '2022-10-05 03:22:35'),
(23, '内容4_6', '説明4_6', '例：例文を入れます6', 5, 6, 4, 1, '2022-10-05 03:22:35', '2022-10-05 03:22:35'),
(24, '内容4_7', '説明4_7', '例：例文を入れます7', 6, 7, 4, 1, '2022-10-05 03:22:35', '2022-10-05 03:22:35'),
(25, '内容5_2', '説明5_2', '例：例文を入れます2', 1, 2, 5, 1, '2022-10-05 03:22:35', '2022-10-05 03:22:35'),
(26, '内容5_3', '説明5_3', '例：例文を入れます3', 2, 3, 5, 1, '2022-10-05 03:22:35', '2022-10-05 03:22:35'),
(27, '内容5_4', '説明5_4', '例：例文を入れます4', 3, 4, 5, 1, '2022-10-05 03:22:35', '2022-10-05 03:22:35'),
(28, '内容5_5', '説明5_5', '例：例文を入れます5', 4, 5, 5, 1, '2022-10-05 03:22:35', '2022-10-05 03:22:35'),
(29, '内容5_6', '説明5_6', '例：例文を入れます6', 5, 6, 5, 1, '2022-10-05 03:22:35', '2022-10-05 03:22:35'),
(30, '内容5_7', '説明5_7', '例：例文を入れます7', 6, 7, 5, 1, '2022-10-05 03:22:35', '2022-10-05 03:22:35'),
(31, '内容6_2', '説明6_2', '例：例文を入れます2', 1, 2, 6, 1, '2022-10-05 03:22:35', '2022-10-05 03:22:35'),
(32, '内容6_3', '説明6_3', '例：例文を入れます3', 2, 3, 6, 1, '2022-10-05 03:22:36', '2022-10-05 03:22:36'),
(33, '内容6_4', '説明6_4', '例：例文を入れます4', 3, 4, 6, 1, '2022-10-05 03:22:36', '2022-10-05 03:22:36'),
(34, '内容6_5', '説明6_5', '例：例文を入れます5', 4, 5, 6, 1, '2022-10-05 03:22:36', '2022-10-05 03:22:36'),
(35, '内容6_6', '説明6_6', '例：例文を入れます6', 5, 6, 6, 1, '2022-10-05 03:22:36', '2022-10-05 03:22:36'),
(36, '内容6_7', '説明6_7', '例：例文を入れます7', 6, 7, 6, 1, '2022-10-05 03:22:36', '2022-10-05 03:22:36'),
(37, '内容7_2', '説明7_2', '例：例文を入れます2', 1, 2, 7, 1, '2022-10-05 03:22:36', '2022-10-05 03:22:36'),
(38, '内容7_3', '説明7_3', '例：例文を入れます3', 2, 3, 7, 1, '2022-10-05 03:22:36', '2022-10-05 03:22:36'),
(39, '内容7_4', '説明7_4', '例：例文を入れます4', 3, 4, 7, 1, '2022-10-05 03:22:36', '2022-10-05 03:22:36'),
(40, '内容7_5', '説明7_5', '例：例文を入れます5', 4, 5, 7, 1, '2022-10-05 03:22:36', '2022-10-05 03:22:36'),
(41, '内容7_6', '説明7_6', '例：例文を入れます6', 5, 6, 7, 1, '2022-10-05 03:22:36', '2022-10-05 03:22:36'),
(42, '内容7_7', '説明7_7', '例：例文を入れます7', 6, 7, 7, 1, '2022-10-05 03:22:36', '2022-10-05 03:22:36'),
(43, '内容8_2', '説明8_2', '例：例文を入れます2', 1, 2, 8, 1, '2022-10-05 03:22:36', '2022-10-05 03:22:36'),
(44, '内容8_3', '説明8_3', '例：例文を入れます3', 2, 3, 8, 1, '2022-10-05 03:22:36', '2022-10-05 03:22:36'),
(45, '内容8_4', '説明8_4', '例：例文を入れます4', 3, 4, 8, 1, '2022-10-05 03:22:36', '2022-10-05 03:22:36'),
(46, '内容8_5', '説明8_5', '例：例文を入れます5', 4, 5, 8, 1, '2022-10-05 03:22:36', '2022-10-05 03:22:36'),
(47, '内容8_6', '説明8_6', '例：例文を入れます6', 5, 6, 8, 1, '2022-10-05 03:22:36', '2022-10-05 03:22:36'),
(48, '内容8_7', '説明8_7', '例：例文を入れます7', 6, 7, 8, 1, '2022-10-05 03:22:36', '2022-10-05 03:22:36'),
(49, '内容9_2', '説明9_2', '例：例文を入れます2', 1, 2, 9, 1, '2022-10-05 03:22:36', '2022-10-05 03:22:36'),
(50, '内容9_3', '説明9_3', '例：例文を入れます3', 2, 3, 9, 1, '2022-10-05 03:22:36', '2022-10-05 03:22:36'),
(51, '内容9_4', '説明9_4', '例：例文を入れます4', 3, 4, 9, 1, '2022-10-05 03:22:36', '2022-10-05 03:22:36'),
(52, '内容9_5', '説明9_5', '例：例文を入れます5', 4, 5, 9, 1, '2022-10-05 03:22:36', '2022-10-05 03:22:36'),
(53, '内容9_6', '説明9_6', '例：例文を入れます6', 5, 6, 9, 1, '2022-10-05 03:22:36', '2022-10-05 03:22:36'),
(54, '内容9_7', '説明9_7', '例：例文を入れます7', 6, 7, 9, 1, '2022-10-05 03:22:36', '2022-10-05 03:22:36'),
(55, '内容10_2', '説明10_2', '例：例文を入れます2', 1, 2, 10, 1, '2022-10-05 03:22:36', '2022-10-05 03:22:36'),
(56, '内容10_3', '説明10_3', '例：例文を入れます3', 2, 3, 10, 1, '2022-10-05 03:22:36', '2022-10-05 03:22:36'),
(57, '内容10_4', '説明10_4', '例：例文を入れます4', 3, 4, 10, 1, '2022-10-05 03:22:36', '2022-10-05 03:22:36'),
(58, '内容10_5', '説明10_5', '例：例文を入れます5', 4, 5, 10, 1, '2022-10-05 03:22:36', '2022-10-05 03:22:36'),
(59, '内容10_6', '説明10_6', '例：例文を入れます6', 5, 6, 10, 1, '2022-10-05 03:22:36', '2022-10-05 03:22:36'),
(60, '内容10_7', '説明10_7', '例：例文を入れます7', 6, 7, 10, 1, '2022-10-05 03:22:36', '2022-10-05 03:22:36');

-- --------------------------------------------------------

--
-- テーブルの構造 `spot_user`
--

CREATE TABLE `spot_user` (
  `id` int(10) UNSIGNED NOT NULL,
  `spot_id` int(10) UNSIGNED NOT NULL,
  `user_id` int(10) UNSIGNED NOT NULL,
  `created_at` timestamp NOT NULL DEFAULT current_timestamp(),
  `updated_at` timestamp NOT NULL DEFAULT current_timestamp()
) ENGINE=InnoDB DEFAULT CHARSET=utf8mb4 COLLATE=utf8mb4_bin;

--
-- テーブルのデータのダンプ `spot_user`
--

INSERT INTO `spot_user` (`id`, `spot_id`, `user_id`, `created_at`, `updated_at`) VALUES
(1, 1, 1, '2022-10-05 03:22:38', '2022-10-05 03:22:38'),
(2, 2, 1, '2022-10-05 03:22:38', '2022-10-05 03:22:38'),
(3, 3, 1, '2022-10-05 03:22:39', '2022-10-05 03:22:39'),
(4, 4, 1, '2022-10-05 03:22:39', '2022-10-05 03:22:39'),
(5, 5, 1, '2022-10-05 03:22:39', '2022-10-05 03:22:39'),
(6, 6, 1, '2022-10-05 03:22:39', '2022-10-05 03:22:39'),
(7, 7, 1, '2022-10-05 03:22:39', '2022-10-05 03:22:39'),
(8, 8, 1, '2022-10-05 03:22:39', '2022-10-05 03:22:39'),
(9, 9, 1, '2022-10-05 03:22:39', '2022-10-05 03:22:39'),
(10, 10, 1, '2022-10-05 03:22:39', '2022-10-05 03:22:39'),
(11, 1, 3, '2022-10-05 03:22:39', '2022-10-05 03:22:39'),
(12, 2, 3, '2022-10-05 03:22:39', '2022-10-05 03:22:39'),
(13, 3, 3, '2022-10-05 03:22:39', '2022-10-05 03:22:39'),
(14, 4, 3, '2022-10-05 03:22:39', '2022-10-05 03:22:39'),
(15, 5, 3, '2022-10-05 03:22:39', '2022-10-05 03:22:39'),
(16, 6, 3, '2022-10-05 03:22:39', '2022-10-05 03:22:39'),
(17, 7, 3, '2022-10-05 03:22:39', '2022-10-05 03:22:39'),
(18, 8, 3, '2022-10-05 03:22:39', '2022-10-05 03:22:39'),
(19, 9, 3, '2022-10-05 03:22:39', '2022-10-05 03:22:39'),
(20, 10, 3, '2022-10-05 03:22:39', '2022-10-05 03:22:39');

-- --------------------------------------------------------

--
-- テーブルの構造 `trade_areas`
--

CREATE TABLE `trade_areas` (
  `id` int(10) UNSIGNED NOT NULL,
  `display` tinyint(1) NOT NULL DEFAULT 0 COMMENT '表示',
  `serial` varchar(255) COLLATE utf8mb4_bin NOT NULL COMMENT 'シリアル',
  `name` varchar(255) COLLATE utf8mb4_bin NOT NULL COMMENT '名前',
  `reorder` int(10) UNSIGNED NOT NULL DEFAULT 1 COMMENT '並び順',
  `user_id` int(10) UNSIGNED NOT NULL DEFAULT 1 COMMENT 'ユーザーID',
  `created_at` timestamp NOT NULL DEFAULT current_timestamp(),
  `updated_at` timestamp NOT NULL DEFAULT current_timestamp()
) ENGINE=InnoDB DEFAULT CHARSET=utf8mb4 COLLATE=utf8mb4_bin;

--
-- テーブルのデータのダンプ `trade_areas`
--

INSERT INTO `trade_areas` (`id`, `display`, `serial`, `name`, `reorder`, `user_id`, `created_at`, `updated_at`) VALUES
(1, 1, 'asahikawa1', '旭川1次', 2, 1, '2022-10-05 03:22:33', '2022-10-05 03:22:33'),
(2, 1, 'asahikawa2', '旭川2次', 3, 1, '2022-10-05 03:22:33', '2022-10-05 03:22:33'),
(3, 1, 'asahikawa3', '旭川3次', 4, 1, '2022-10-05 03:22:33', '2022-10-05 03:22:33'),
(4, 1, 'iburihidaka1', '胆振・日高1次', 5, 1, '2022-10-05 03:22:33', '2022-10-05 03:22:33'),
(5, 1, 'iburihidaka2', '胆振・日高2次', 6, 1, '2022-10-05 03:22:33', '2022-10-05 03:22:33'),
(6, 1, 'iburihidaka3', '胆振・日高3次', 7, 1, '2022-10-05 03:22:33', '2022-10-05 03:22:33'),
(7, 1, 'obihiro1', '帯広1次', 8, 1, '2022-10-05 03:22:33', '2022-10-05 03:22:33'),
(8, 1, 'obihiro2', '帯広2次', 9, 1, '2022-10-05 03:22:33', '2022-10-05 03:22:33'),
(9, 1, 'obihiro3', '帯広3次', 10, 1, '2022-10-05 03:22:33', '2022-10-05 03:22:33'),
(10, 1, 'kitami1', '北見1次', 11, 1, '2022-10-05 03:22:33', '2022-10-05 03:22:33'),
(11, 1, 'kitami2', '北見2次', 12, 1, '2022-10-05 03:22:33', '2022-10-05 03:22:33'),
(12, 1, 'kitami3', '北見3次', 13, 1, '2022-10-05 03:22:33', '2022-10-05 03:22:33'),
(13, 1, 'kushiro1', '釧路1次', 14, 1, '2022-10-05 03:22:33', '2022-10-05 03:22:33'),
(14, 1, 'kushiro2', '釧路2次', 15, 1, '2022-10-05 03:22:33', '2022-10-05 03:22:33'),
(15, 1, 'kushiro3', '釧路3次', 16, 1, '2022-10-05 03:22:33', '2022-10-05 03:22:33'),
(16, 1, 'sapporo1', '札幌1次', 17, 1, '2022-10-05 03:22:33', '2022-10-05 03:22:33'),
(17, 1, 'sapporo2', '札幌2次', 18, 1, '2022-10-05 03:22:33', '2022-10-05 03:22:33'),
(18, 1, 'sapporo3', '札幌3次', 19, 1, '2022-10-05 03:22:33', '2022-10-05 03:22:33'),
(19, 1, 'hakodate1', '函館1次', 20, 1, '2022-10-05 03:22:33', '2022-10-05 03:22:33'),
(20, 1, 'hakodate2', '函館2次', 21, 1, '2022-10-05 03:22:33', '2022-10-05 03:22:33'),
(21, 1, 'hakodate3', '函館3次', 22, 1, '2022-10-05 03:22:33', '2022-10-05 03:22:33'),
(22, 1, 'wakkanai1', '稚内1次', 23, 1, '2022-10-05 03:22:33', '2022-10-05 03:22:33'),
(23, 1, 'wakkanai2', '稚内2次', 24, 1, '2022-10-05 03:22:33', '2022-10-05 03:22:33'),
(24, 1, 'wakkanai3', '稚内3次', 25, 1, '2022-10-05 03:22:33', '2022-10-05 03:22:33'),
(25, 0, 'no', '指定なし', 1, 1, '2022-10-05 03:22:33', '2022-10-05 03:22:33');

-- --------------------------------------------------------

--
-- テーブルの構造 `users`
--

CREATE TABLE `users` (
  `id` int(10) UNSIGNED NOT NULL,
  `enabled` tinyint(1) NOT NULL DEFAULT 0 COMMENT '有効かどうか',
  `name` varchar(255) COLLATE utf8mb4_bin NOT NULL COMMENT '名前',
  `kana` varchar(255) COLLATE utf8mb4_bin NOT NULL COMMENT 'かな',
  `zip1` varchar(3) COLLATE utf8mb4_bin NOT NULL COMMENT '郵便番号1',
  `zip2` varchar(4) COLLATE utf8mb4_bin NOT NULL COMMENT '郵便番号2',
  `address` varchar(255) COLLATE utf8mb4_bin NOT NULL COMMENT '住所',
  `tel1` varchar(5) COLLATE utf8mb4_bin NOT NULL COMMENT '電話番号1',
  `tel2` varchar(5) COLLATE utf8mb4_bin NOT NULL COMMENT '電話番号2',
  `tel3` varchar(5) COLLATE utf8mb4_bin NOT NULL COMMENT '電話番号3',
  `fax` varchar(255) COLLATE utf8mb4_bin NOT NULL COMMENT 'FAX',
  `email` varchar(255) COLLATE utf8mb4_bin NOT NULL COMMENT 'メールアドレス',
  `email_verified_at` timestamp NULL DEFAULT NULL,
  `password` varchar(255) COLLATE utf8mb4_bin NOT NULL COMMENT 'パスワード',
  `is_authenticated` tinyint(1) NOT NULL DEFAULT 0 COMMENT '認証済みかどうか',
  `authenticated_msg` text COLLATE utf8mb4_bin NOT NULL COMMENT '認証済みに関してのメモ',
  `authenticated_date` varchar(255) COLLATE utf8mb4_bin DEFAULT NULL COMMENT '認証した日',
  `company` text COLLATE utf8mb4_bin NOT NULL COMMENT '所属している事業所や法人',
  `lat` decimal(17,14) NOT NULL COMMENT 'LAT',
  `lng` decimal(17,14) NOT NULL COMMENT 'LNG',
  `msg` text COLLATE utf8mb4_bin NOT NULL COMMENT '備考',
  `reorder` int(10) UNSIGNED NOT NULL DEFAULT 99 COMMENT '並び順',
  `prefecture_id` int(10) UNSIGNED NOT NULL DEFAULT 1 COMMENT '都道府県ID',
  `city_id` int(10) UNSIGNED NOT NULL DEFAULT 1 COMMENT '市町村ID',
  `job_type_id` int(10) UNSIGNED NOT NULL DEFAULT 1 COMMENT '職種ID',
  `role_id` int(10) UNSIGNED NOT NULL DEFAULT 4 COMMENT '権限',
  `trade_area_id` int(10) UNSIGNED NOT NULL DEFAULT 1 COMMENT '商圏ID',
  `user_type_id` int(10) UNSIGNED NOT NULL DEFAULT 1 COMMENT 'ユーザータイプID',
  `user_id` int(10) UNSIGNED NOT NULL DEFAULT 1 COMMENT 'ユーザーID',
  `remember_token` varchar(100) COLLATE utf8mb4_bin DEFAULT NULL,
  `created_at` timestamp NOT NULL DEFAULT current_timestamp(),
  `updated_at` timestamp NOT NULL DEFAULT current_timestamp()
) ENGINE=InnoDB DEFAULT CHARSET=utf8mb4 COLLATE=utf8mb4_bin;

--
-- テーブルのデータのダンプ `users`
--

INSERT INTO `users` (`id`, `enabled`, `name`, `kana`, `zip1`, `zip2`, `address`, `tel1`, `tel2`, `tel3`, `fax`, `email`, `email_verified_at`, `password`, `is_authenticated`, `authenticated_msg`, `authenticated_date`, `company`, `lat`, `lng`, `msg`, `reorder`, `prefecture_id`, `city_id`, `job_type_id`, `role_id`, `trade_area_id`, `user_type_id`, `user_id`, `remember_token`, `created_at`, `updated_at`) VALUES
(1, 1, 'システム管理者', 'しすてむかんりしゃ', '070', '0000', '中央区1条1丁目1-1', '090', '000', '0000', '000-000-0000', 'root@hoge.co.jp', NULL, '$2y$10$AMBsCklr6fImez8AUN3vzeT5llPe3yfjH0lwcDOW3qMOWgFYWDLLW', 1, '承認済みメッセージ', '2022-01-01 11:22:33', '所属している事業所や法人', '43.00000000000000', '143.00000000000000', '備考', 1, 2, 2, 1, 1, 1, 1, 1, NULL, '2022-10-05 03:22:31', '2022-10-05 03:22:31'),
(2, 1, 'サイト管理者', 'さいとかんりしゃ', '070', '0000', '中央区1条1丁目1-1', '090', '000', '0000', '000-000-0000', 'admin@hoge.co.jp', NULL, '$2y$10$AMBsCklr6fImez8AUN3vzeT5llPe3yfjH0lwcDOW3qMOWgFYWDLLW', 1, '承認済みメッセージ', '2022-01-01 11:22:33', '所属している事業所や法人', '43.00000000000000', '143.00000000000000', '備考', 1, 2, 2, 1, 2, 1, 1, 1, NULL, '2022-10-05 03:22:31', '2022-10-05 03:22:31'),
(3, 1, '一般登録ユーザー', 'いっぱんとうろくゆーざー', '070', '0000', '中央区1条1丁目1-1', '090', '000', '0000', '000-000-0000', 'user@hoge.co.jp', NULL, '$2y$10$AMBsCklr6fImez8AUN3vzeT5llPe3yfjH0lwcDOW3qMOWgFYWDLLW', 1, '承認済みメッセージ', '2022-01-01 11:22:33', '所属している事業所や法人', '43.00000000000000', '143.00000000000000', '備考', 1, 2, 2, 1, 3, 1, 1, 1, NULL, '2022-10-05 03:22:32', '2022-10-05 03:22:32'),
(4, 1, '一般閲覧ユーザー', 'いっぱんえつらんゆーざー', '070', '0000', '中央区1条1丁目1-1', '090', '000', '0000', '000-000-0000', 'visitor@hoge.co.jp', NULL, '$2y$10$AMBsCklr6fImez8AUN3vzeT5llPe3yfjH0lwcDOW3qMOWgFYWDLLW', 0, '承認済みメッセージ', NULL, '所属している事業所や法人', '43.00000000000000', '143.00000000000000', '備考', 1, 2, 2, 1, 4, 1, 1, 1, NULL, '2022-10-05 03:22:32', '2022-10-05 03:22:32'),
(5, 1, 'ゲスト', 'げすと', '070', '0000', '中央区1条1丁目1-1', '090', '000', '0000', '000-000-0000', 'guest@hoge.co.jp', NULL, '$2y$10$AMBsCklr6fImez8AUN3vzeT5llPe3yfjH0lwcDOW3qMOWgFYWDLLW', 0, '承認済みメッセージ', NULL, '所属している事業所や法人', '43.00000000000000', '143.00000000000000', '備考', 1, 2, 2, 1, 5, 1, 1, 1, NULL, '2022-10-05 03:22:32', '2022-10-05 03:22:32');

-- --------------------------------------------------------

--
-- テーブルの構造 `user_types`
--

CREATE TABLE `user_types` (
  `id` int(10) UNSIGNED NOT NULL,
  `display` tinyint(1) NOT NULL DEFAULT 0 COMMENT '表示',
  `public` tinyint(1) NOT NULL DEFAULT 0 COMMENT '一般公開',
  `name` varchar(255) COLLATE utf8mb4_bin NOT NULL COMMENT '名前',
  `serial` varchar(50) COLLATE utf8mb4_bin NOT NULL COMMENT 'シリアル',
  `description` varchar(255) COLLATE utf8mb4_bin NOT NULL COMMENT '概要',
  `reorder` int(10) UNSIGNED NOT NULL DEFAULT 1 COMMENT '並び順',
  `created_at` timestamp NOT NULL DEFAULT current_timestamp(),
  `updated_at` timestamp NOT NULL DEFAULT current_timestamp()
) ENGINE=InnoDB DEFAULT CHARSET=utf8mb4 COLLATE=utf8mb4_bin;

--
-- テーブルのデータのダンプ `user_types`
--

INSERT INTO `user_types` (`id`, `display`, `public`, `name`, `serial`, `description`, `reorder`, `created_at`, `updated_at`) VALUES
(1, 1, 1, '設定なし・不明', 'empty', '', 6, '2022-10-05 03:22:31', '2022-10-05 03:22:31'),
(2, 1, 0, '運営向け', 'admin', '', 1, '2022-10-05 03:22:31', '2022-10-05 03:22:31'),
(3, 1, 0, '一般の方', 'user_general', '', 2, '2022-10-05 03:22:31', '2022-10-05 03:22:31'),
(4, 1, 1, '専門員・病院関係者', 'user_professional', '', 3, '2022-10-05 03:22:31', '2022-10-05 03:22:31'),
(5, 1, 1, '介護事業所・スタッフ', 'user_spot', '', 4, '2022-10-05 03:22:31', '2022-10-05 03:22:31'),
(6, 1, 1, '事業所を運営する法人', 'user_company', '', 5, '2022-10-05 03:22:31', '2022-10-05 03:22:31');

--
-- ダンプしたテーブルのインデックス
--

--
-- テーブルのインデックス `areas`
--
ALTER TABLE `areas`
  ADD PRIMARY KEY (`id`),
  ADD UNIQUE KEY `areas_city_id_name_unique` (`city_id`,`name`),
  ADD KEY `areas_area_label_id_foreign` (`area_label_id`),
  ADD KEY `areas_area_section_id_foreign` (`area_section_id`),
  ADD KEY `areas_prefecture_id_foreign` (`prefecture_id`),
  ADD KEY `areas_user_id_foreign` (`user_id`);

--
-- テーブルのインデックス `area_branches`
--
ALTER TABLE `area_branches`
  ADD PRIMARY KEY (`id`),
  ADD KEY `area_branches_user_id_foreign` (`user_id`);

--
-- テーブルのインデックス `area_centers`
--
ALTER TABLE `area_centers`
  ADD PRIMARY KEY (`id`),
  ADD UNIQUE KEY `area_centers_city_id_name_unique` (`city_id`,`name`),
  ADD KEY `area_centers_area_id_foreign` (`area_id`),
  ADD KEY `area_centers_area_section_id_foreign` (`area_section_id`),
  ADD KEY `area_centers_prefecture_id_foreign` (`prefecture_id`),
  ADD KEY `area_centers_user_id_foreign` (`user_id`);

--
-- テーブルのインデックス `area_labels`
--
ALTER TABLE `area_labels`
  ADD PRIMARY KEY (`id`),
  ADD UNIQUE KEY `area_labels_serial_unique` (`serial`),
  ADD KEY `area_labels_user_id_foreign` (`user_id`);

--
-- テーブルのインデックス `area_sections`
--
ALTER TABLE `area_sections`
  ADD PRIMARY KEY (`id`),
  ADD KEY `area_sections_book_id_foreign` (`book_id`),
  ADD KEY `area_sections_user_id_foreign` (`user_id`);

--
-- テーブルのインデックス `authenticates`
--
ALTER TABLE `authenticates`
  ADD PRIMARY KEY (`id`),
  ADD KEY `authenticates_user_id_foreign` (`user_id`);

--
-- テーブルのインデックス `books`
--
ALTER TABLE `books`
  ADD PRIMARY KEY (`id`),
  ADD UNIQUE KEY `books_serial_unique` (`serial`),
  ADD KEY `books_user_id_foreign` (`user_id`);

--
-- テーブルのインデックス `book_spot`
--
ALTER TABLE `book_spot`
  ADD PRIMARY KEY (`id`),
  ADD UNIQUE KEY `book_spot_book_id_spot_id_unique` (`book_id`,`spot_id`),
  ADD KEY `book_spot_spot_id_foreign` (`spot_id`);

--
-- テーブルのインデックス `categories`
--
ALTER TABLE `categories`
  ADD PRIMARY KEY (`id`),
  ADD KEY `categories_user_id_foreign` (`user_id`);

--
-- テーブルのインデックス `cities`
--
ALTER TABLE `cities`
  ADD PRIMARY KEY (`id`),
  ADD KEY `cities_area_branch_id_foreign` (`area_branch_id`),
  ADD KEY `cities_user_id_foreign` (`user_id`);

--
-- テーブルのインデックス `companies`
--
ALTER TABLE `companies`
  ADD PRIMARY KEY (`id`),
  ADD KEY `companies_city_id_foreign` (`city_id`),
  ADD KEY `companies_prefecture_id_foreign` (`prefecture_id`),
  ADD KEY `companies_trade_area_id_foreign` (`trade_area_id`),
  ADD KEY `companies_user_id_foreign` (`user_id`);

--
-- テーブルのインデックス `company_user`
--
ALTER TABLE `company_user`
  ADD PRIMARY KEY (`id`),
  ADD UNIQUE KEY `company_user_company_id_user_id_unique` (`company_id`,`user_id`),
  ADD KEY `company_user_user_id_foreign` (`user_id`);

--
-- テーブルのインデックス `contacts`
--
ALTER TABLE `contacts`
  ADD PRIMARY KEY (`id`);

--
-- テーブルのインデックス `conversations`
--
ALTER TABLE `conversations`
  ADD PRIMARY KEY (`id`),
  ADD KEY `conversations_user_id_foreign` (`user_id`);

--
-- テーブルのインデックス `document_orders`
--
ALTER TABLE `document_orders`
  ADD PRIMARY KEY (`id`);

--
-- テーブルのインデックス `failed_jobs`
--
ALTER TABLE `failed_jobs`
  ADD PRIMARY KEY (`id`),
  ADD UNIQUE KEY `failed_jobs_uuid_unique` (`uuid`);

--
-- テーブルのインデックス `jobs`
--
ALTER TABLE `jobs`
  ADD PRIMARY KEY (`id`),
  ADD KEY `jobs_queue_index` (`queue`);

--
-- テーブルのインデックス `job_types`
--
ALTER TABLE `job_types`
  ADD PRIMARY KEY (`id`);

--
-- テーブルのインデックス `logs`
--
ALTER TABLE `logs`
  ADD PRIMARY KEY (`id`);

--
-- テーブルのインデックス `migrations`
--
ALTER TABLE `migrations`
  ADD PRIMARY KEY (`id`);

--
-- テーブルのインデックス `news`
--
ALTER TABLE `news`
  ADD PRIMARY KEY (`id`),
  ADD KEY `news_user_id_foreign` (`user_id`);

--
-- テーブルのインデックス `personal_access_tokens`
--
ALTER TABLE `personal_access_tokens`
  ADD PRIMARY KEY (`id`),
  ADD UNIQUE KEY `personal_access_tokens_token_unique` (`token`),
  ADD KEY `personal_access_tokens_tokenable_type_tokenable_id_index` (`tokenable_type`,`tokenable_id`);

--
-- テーブルのインデックス `prefectures`
--
ALTER TABLE `prefectures`
  ADD PRIMARY KEY (`id`),
  ADD KEY `prefectures_user_id_foreign` (`user_id`);

--
-- テーブルのインデックス `price_genres`
--
ALTER TABLE `price_genres`
  ADD PRIMARY KEY (`id`);

--
-- テーブルのインデックス `price_ranges`
--
ALTER TABLE `price_ranges`
  ADD PRIMARY KEY (`id`),
  ADD KEY `price_ranges_user_id_foreign` (`user_id`);

--
-- テーブルのインデックス `reset_passwords`
--
ALTER TABLE `reset_passwords`
  ADD PRIMARY KEY (`id`),
  ADD KEY `reset_passwords_email_index` (`email`);

--
-- テーブルのインデックス `roles`
--
ALTER TABLE `roles`
  ADD PRIMARY KEY (`id`);

--
-- テーブルのインデックス `sessions`
--
ALTER TABLE `sessions`
  ADD PRIMARY KEY (`id`),
  ADD KEY `sessions_user_id_index` (`user_id`),
  ADD KEY `sessions_last_activity_index` (`last_activity`);

--
-- テーブルのインデックス `spaces`
--
ALTER TABLE `spaces`
  ADD PRIMARY KEY (`id`),
  ADD KEY `spaces_user_id_foreign` (`user_id`);

--
-- テーブルのインデックス `spots`
--
ALTER TABLE `spots`
  ADD PRIMARY KEY (`id`),
  ADD KEY `spots_area_center_id_foreign` (`area_center_id`),
  ADD KEY `spots_category_id_foreign` (`category_id`),
  ADD KEY `spots_city_id_foreign` (`city_id`),
  ADD KEY `spots_company_id_foreign` (`company_id`),
  ADD KEY `spots_prefecture_id_foreign` (`prefecture_id`),
  ADD KEY `spots_price_range_id_foreign` (`price_range_id`),
  ADD KEY `spots_spot_plan_id_foreign` (`spot_plan_id`),
  ADD KEY `spots_space_id_foreign` (`space_id`),
  ADD KEY `spots_trade_area_id_foreign` (`trade_area_id`),
  ADD KEY `spots_user_id_foreign` (`user_id`),
  ADD KEY `spots_vacancy_index` (`vacancy`),
  ADD KEY `spots_is_book_index` (`is_book`),
  ADD KEY `spots_is_meeting_index` (`is_meeting`);

--
-- テーブルのインデックス `spot_details`
--
ALTER TABLE `spot_details`
  ADD PRIMARY KEY (`id`),
  ADD KEY `spot_details_spot_id_foreign` (`spot_id`);

--
-- テーブルのインデックス `spot_icon_genres`
--
ALTER TABLE `spot_icon_genres`
  ADD PRIMARY KEY (`id`),
  ADD UNIQUE KEY `spot_icon_genres_serial_unique` (`serial`);

--
-- テーブルのインデックス `spot_icon_genre_comments`
--
ALTER TABLE `spot_icon_genre_comments`
  ADD PRIMARY KEY (`id`),
  ADD UNIQUE KEY `unique_spot_icon_genre_comment` (`spot_id`,`spot_icon_genre_id`),
  ADD KEY `spot_icon_genre_comments_spot_icon_genre_id_foreign` (`spot_icon_genre_id`),
  ADD KEY `spot_icon_genre_comments_user_id_foreign` (`user_id`);

--
-- テーブルのインデックス `spot_icon_items`
--
ALTER TABLE `spot_icon_items`
  ADD PRIMARY KEY (`id`),
  ADD UNIQUE KEY `unique_reorder_spot_icon_genre` (`reorder`,`spot_icon_genre_id`),
  ADD UNIQUE KEY `spot_icon_items_serial_unique` (`serial`),
  ADD KEY `spot_icon_items_spot_icon_genre_id_foreign` (`spot_icon_genre_id`),
  ADD KEY `spot_icon_items_user_id_foreign` (`user_id`);

--
-- テーブルのインデックス `spot_icon_statuses`
--
ALTER TABLE `spot_icon_statuses`
  ADD PRIMARY KEY (`id`),
  ADD UNIQUE KEY `unique_spot_icon_status` (`spot_id`,`spot_icon_item_id`,`spot_icon_type_id`),
  ADD KEY `spot_icon_statuses_spot_icon_item_id_foreign` (`spot_icon_item_id`),
  ADD KEY `spot_icon_statuses_spot_icon_type_id_foreign` (`spot_icon_type_id`),
  ADD KEY `spot_icon_statuses_spot_icon_genre_id_foreign` (`spot_icon_genre_id`),
  ADD KEY `spot_icon_statuses_user_id_foreign` (`user_id`);

--
-- テーブルのインデックス `spot_icon_types`
--
ALTER TABLE `spot_icon_types`
  ADD PRIMARY KEY (`id`),
  ADD UNIQUE KEY `spot_icon_types_serial_unique` (`serial`);

--
-- テーブルのインデックス `spot_images`
--
ALTER TABLE `spot_images`
  ADD PRIMARY KEY (`id`),
  ADD UNIQUE KEY `spot_images_name_unique` (`name`),
  ADD KEY `spot_images_spot_id_foreign` (`spot_id`);

--
-- テーブルのインデックス `spot_plans`
--
ALTER TABLE `spot_plans`
  ADD PRIMARY KEY (`id`);

--
-- テーブルのインデックス `spot_prices`
--
ALTER TABLE `spot_prices`
  ADD PRIMARY KEY (`id`),
  ADD UNIQUE KEY `unique_price_genre_id_spot_id` (`price_genre_id`,`spot_id`),
  ADD KEY `spot_prices_spot_id_foreign` (`spot_id`),
  ADD KEY `spot_prices_user_id_foreign` (`user_id`);

--
-- テーブルのインデックス `spot_user`
--
ALTER TABLE `spot_user`
  ADD PRIMARY KEY (`id`),
  ADD UNIQUE KEY `spot_user_spot_id_user_id_unique` (`spot_id`,`user_id`),
  ADD KEY `spot_user_user_id_foreign` (`user_id`);

--
-- テーブルのインデックス `trade_areas`
--
ALTER TABLE `trade_areas`
  ADD PRIMARY KEY (`id`),
  ADD KEY `trade_areas_user_id_foreign` (`user_id`);

--
-- テーブルのインデックス `users`
--
ALTER TABLE `users`
  ADD PRIMARY KEY (`id`),
  ADD UNIQUE KEY `users_email_unique` (`email`),
  ADD KEY `users_role_id_foreign` (`role_id`),
  ADD KEY `users_job_type_id_foreign` (`job_type_id`),
  ADD KEY `users_user_type_id_foreign` (`user_type_id`);

--
-- テーブルのインデックス `user_types`
--
ALTER TABLE `user_types`
  ADD PRIMARY KEY (`id`);

--
-- ダンプしたテーブルの AUTO_INCREMENT
--

--
-- テーブルの AUTO_INCREMENT `areas`
--
ALTER TABLE `areas`
  MODIFY `id` int(10) UNSIGNED NOT NULL AUTO_INCREMENT, AUTO_INCREMENT=39;

--
-- テーブルの AUTO_INCREMENT `area_branches`
--
ALTER TABLE `area_branches`
  MODIFY `id` int(10) UNSIGNED NOT NULL AUTO_INCREMENT, AUTO_INCREMENT=16;

--
-- テーブルの AUTO_INCREMENT `area_centers`
--
ALTER TABLE `area_centers`
  MODIFY `id` int(10) UNSIGNED NOT NULL AUTO_INCREMENT, AUTO_INCREMENT=284;

--
-- テーブルの AUTO_INCREMENT `area_labels`
--
ALTER TABLE `area_labels`
  MODIFY `id` int(10) UNSIGNED NOT NULL AUTO_INCREMENT, AUTO_INCREMENT=31;

--
-- テーブルの AUTO_INCREMENT `area_sections`
--
ALTER TABLE `area_sections`
  MODIFY `id` int(10) UNSIGNED NOT NULL AUTO_INCREMENT, AUTO_INCREMENT=8;

--
-- テーブルの AUTO_INCREMENT `authenticates`
--
ALTER TABLE `authenticates`
  MODIFY `id` int(10) UNSIGNED NOT NULL AUTO_INCREMENT;

--
-- テーブルの AUTO_INCREMENT `books`
--
ALTER TABLE `books`
  MODIFY `id` int(10) UNSIGNED NOT NULL AUTO_INCREMENT, AUTO_INCREMENT=8;

--
-- テーブルの AUTO_INCREMENT `book_spot`
--
ALTER TABLE `book_spot`
  MODIFY `id` int(10) UNSIGNED NOT NULL AUTO_INCREMENT;

--
-- テーブルの AUTO_INCREMENT `categories`
--
ALTER TABLE `categories`
  MODIFY `id` int(10) UNSIGNED NOT NULL AUTO_INCREMENT, AUTO_INCREMENT=23;

--
-- テーブルの AUTO_INCREMENT `cities`
--
ALTER TABLE `cities`
  MODIFY `id` int(10) UNSIGNED NOT NULL AUTO_INCREMENT, AUTO_INCREMENT=181;

--
-- テーブルの AUTO_INCREMENT `companies`
--
ALTER TABLE `companies`
  MODIFY `id` int(10) UNSIGNED NOT NULL AUTO_INCREMENT, AUTO_INCREMENT=101;

--
-- テーブルの AUTO_INCREMENT `company_user`
--
ALTER TABLE `company_user`
  MODIFY `id` int(10) UNSIGNED NOT NULL AUTO_INCREMENT;

--
-- テーブルの AUTO_INCREMENT `contacts`
--
ALTER TABLE `contacts`
  MODIFY `id` int(10) UNSIGNED NOT NULL AUTO_INCREMENT;

--
-- テーブルの AUTO_INCREMENT `conversations`
--
ALTER TABLE `conversations`
  MODIFY `id` int(10) UNSIGNED NOT NULL AUTO_INCREMENT;

--
-- テーブルの AUTO_INCREMENT `document_orders`
--
ALTER TABLE `document_orders`
  MODIFY `id` int(10) UNSIGNED NOT NULL AUTO_INCREMENT;

--
-- テーブルの AUTO_INCREMENT `failed_jobs`
--
ALTER TABLE `failed_jobs`
  MODIFY `id` int(10) UNSIGNED NOT NULL AUTO_INCREMENT;

--
-- テーブルの AUTO_INCREMENT `jobs`
--
ALTER TABLE `jobs`
  MODIFY `id` bigint(20) UNSIGNED NOT NULL AUTO_INCREMENT;

--
-- テーブルの AUTO_INCREMENT `job_types`
--
ALTER TABLE `job_types`
  MODIFY `id` int(10) UNSIGNED NOT NULL AUTO_INCREMENT, AUTO_INCREMENT=9;

--
-- テーブルの AUTO_INCREMENT `logs`
--
ALTER TABLE `logs`
  MODIFY `id` int(10) UNSIGNED NOT NULL AUTO_INCREMENT;

--
-- テーブルの AUTO_INCREMENT `migrations`
--
ALTER TABLE `migrations`
  MODIFY `id` int(10) UNSIGNED NOT NULL AUTO_INCREMENT, AUTO_INCREMENT=584;

--
-- テーブルの AUTO_INCREMENT `news`
--
ALTER TABLE `news`
  MODIFY `id` int(10) UNSIGNED NOT NULL AUTO_INCREMENT;

--
-- テーブルの AUTO_INCREMENT `personal_access_tokens`
--
ALTER TABLE `personal_access_tokens`
  MODIFY `id` bigint(20) UNSIGNED NOT NULL AUTO_INCREMENT;

--
-- テーブルの AUTO_INCREMENT `prefectures`
--
ALTER TABLE `prefectures`
  MODIFY `id` int(10) UNSIGNED NOT NULL AUTO_INCREMENT, AUTO_INCREMENT=49;

--
-- テーブルの AUTO_INCREMENT `price_genres`
--
ALTER TABLE `price_genres`
  MODIFY `id` int(10) UNSIGNED NOT NULL AUTO_INCREMENT, AUTO_INCREMENT=8;

--
-- テーブルの AUTO_INCREMENT `price_ranges`
--
ALTER TABLE `price_ranges`
  MODIFY `id` int(10) UNSIGNED NOT NULL AUTO_INCREMENT, AUTO_INCREMENT=6;

--
-- テーブルの AUTO_INCREMENT `reset_passwords`
--
ALTER TABLE `reset_passwords`
  MODIFY `id` int(10) UNSIGNED NOT NULL AUTO_INCREMENT;

--
-- テーブルの AUTO_INCREMENT `roles`
--
ALTER TABLE `roles`
  MODIFY `id` int(10) UNSIGNED NOT NULL AUTO_INCREMENT, AUTO_INCREMENT=6;

--
-- テーブルの AUTO_INCREMENT `spaces`
--
ALTER TABLE `spaces`
  MODIFY `id` int(10) UNSIGNED NOT NULL AUTO_INCREMENT, AUTO_INCREMENT=7;

--
-- テーブルの AUTO_INCREMENT `spots`
--
ALTER TABLE `spots`
  MODIFY `id` int(10) UNSIGNED NOT NULL AUTO_INCREMENT, AUTO_INCREMENT=11;

--
-- テーブルの AUTO_INCREMENT `spot_details`
--
ALTER TABLE `spot_details`
  MODIFY `id` int(10) UNSIGNED NOT NULL AUTO_INCREMENT, AUTO_INCREMENT=11;

--
-- テーブルの AUTO_INCREMENT `spot_icon_genres`
--
ALTER TABLE `spot_icon_genres`
  MODIFY `id` int(10) UNSIGNED NOT NULL AUTO_INCREMENT, AUTO_INCREMENT=11;

--
-- テーブルの AUTO_INCREMENT `spot_icon_genre_comments`
--
ALTER TABLE `spot_icon_genre_comments`
  MODIFY `id` int(10) UNSIGNED NOT NULL AUTO_INCREMENT, AUTO_INCREMENT=101;

--
-- テーブルの AUTO_INCREMENT `spot_icon_items`
--
ALTER TABLE `spot_icon_items`
  MODIFY `id` int(10) UNSIGNED NOT NULL AUTO_INCREMENT, AUTO_INCREMENT=67;

--
-- テーブルの AUTO_INCREMENT `spot_icon_statuses`
--
ALTER TABLE `spot_icon_statuses`
  MODIFY `id` int(10) UNSIGNED NOT NULL AUTO_INCREMENT, AUTO_INCREMENT=651;

--
-- テーブルの AUTO_INCREMENT `spot_icon_types`
--
ALTER TABLE `spot_icon_types`
  MODIFY `id` int(10) UNSIGNED NOT NULL AUTO_INCREMENT, AUTO_INCREMENT=6;

--
-- テーブルの AUTO_INCREMENT `spot_images`
--
ALTER TABLE `spot_images`
  MODIFY `id` int(10) UNSIGNED NOT NULL AUTO_INCREMENT, AUTO_INCREMENT=11;

--
-- テーブルの AUTO_INCREMENT `spot_plans`
--
ALTER TABLE `spot_plans`
  MODIFY `id` int(10) UNSIGNED NOT NULL AUTO_INCREMENT, AUTO_INCREMENT=4;

--
-- テーブルの AUTO_INCREMENT `spot_prices`
--
ALTER TABLE `spot_prices`
  MODIFY `id` int(10) UNSIGNED NOT NULL AUTO_INCREMENT, AUTO_INCREMENT=61;

--
-- テーブルの AUTO_INCREMENT `spot_user`
--
ALTER TABLE `spot_user`
  MODIFY `id` int(10) UNSIGNED NOT NULL AUTO_INCREMENT, AUTO_INCREMENT=21;

--
-- テーブルの AUTO_INCREMENT `trade_areas`
--
ALTER TABLE `trade_areas`
  MODIFY `id` int(10) UNSIGNED NOT NULL AUTO_INCREMENT, AUTO_INCREMENT=26;

--
-- テーブルの AUTO_INCREMENT `users`
--
ALTER TABLE `users`
  MODIFY `id` int(10) UNSIGNED NOT NULL AUTO_INCREMENT, AUTO_INCREMENT=6;

--
-- テーブルの AUTO_INCREMENT `user_types`
--
ALTER TABLE `user_types`
  MODIFY `id` int(10) UNSIGNED NOT NULL AUTO_INCREMENT, AUTO_INCREMENT=7;

--
-- ダンプしたテーブルの制約
--

--
-- テーブルの制約 `areas`
--
ALTER TABLE `areas`
  ADD CONSTRAINT `areas_area_label_id_foreign` FOREIGN KEY (`area_label_id`) REFERENCES `area_labels` (`id`),
  ADD CONSTRAINT `areas_area_section_id_foreign` FOREIGN KEY (`area_section_id`) REFERENCES `area_sections` (`id`),
  ADD CONSTRAINT `areas_city_id_foreign` FOREIGN KEY (`city_id`) REFERENCES `cities` (`id`),
  ADD CONSTRAINT `areas_prefecture_id_foreign` FOREIGN KEY (`prefecture_id`) REFERENCES `prefectures` (`id`),
  ADD CONSTRAINT `areas_user_id_foreign` FOREIGN KEY (`user_id`) REFERENCES `users` (`id`);

--
-- テーブルの制約 `area_branches`
--
ALTER TABLE `area_branches`
  ADD CONSTRAINT `area_branches_user_id_foreign` FOREIGN KEY (`user_id`) REFERENCES `users` (`id`);

--
-- テーブルの制約 `area_centers`
--
ALTER TABLE `area_centers`
  ADD CONSTRAINT `area_centers_area_id_foreign` FOREIGN KEY (`area_id`) REFERENCES `areas` (`id`),
  ADD CONSTRAINT `area_centers_area_section_id_foreign` FOREIGN KEY (`area_section_id`) REFERENCES `area_sections` (`id`),
  ADD CONSTRAINT `area_centers_city_id_foreign` FOREIGN KEY (`city_id`) REFERENCES `cities` (`id`),
  ADD CONSTRAINT `area_centers_prefecture_id_foreign` FOREIGN KEY (`prefecture_id`) REFERENCES `prefectures` (`id`),
  ADD CONSTRAINT `area_centers_user_id_foreign` FOREIGN KEY (`user_id`) REFERENCES `users` (`id`);

--
-- テーブルの制約 `area_labels`
--
ALTER TABLE `area_labels`
  ADD CONSTRAINT `area_labels_user_id_foreign` FOREIGN KEY (`user_id`) REFERENCES `users` (`id`);

--
-- テーブルの制約 `area_sections`
--
ALTER TABLE `area_sections`
  ADD CONSTRAINT `area_sections_book_id_foreign` FOREIGN KEY (`book_id`) REFERENCES `books` (`id`),
  ADD CONSTRAINT `area_sections_user_id_foreign` FOREIGN KEY (`user_id`) REFERENCES `users` (`id`);

--
-- テーブルの制約 `authenticates`
--
ALTER TABLE `authenticates`
  ADD CONSTRAINT `authenticates_user_id_foreign` FOREIGN KEY (`user_id`) REFERENCES `users` (`id`);

--
-- テーブルの制約 `books`
--
ALTER TABLE `books`
  ADD CONSTRAINT `books_user_id_foreign` FOREIGN KEY (`user_id`) REFERENCES `users` (`id`);

--
-- テーブルの制約 `book_spot`
--
ALTER TABLE `book_spot`
  ADD CONSTRAINT `book_spot_book_id_foreign` FOREIGN KEY (`book_id`) REFERENCES `books` (`id`) ON DELETE CASCADE,
  ADD CONSTRAINT `book_spot_spot_id_foreign` FOREIGN KEY (`spot_id`) REFERENCES `spots` (`id`) ON DELETE CASCADE;

--
-- テーブルの制約 `categories`
--
ALTER TABLE `categories`
  ADD CONSTRAINT `categories_user_id_foreign` FOREIGN KEY (`user_id`) REFERENCES `users` (`id`);

--
-- テーブルの制約 `cities`
--
ALTER TABLE `cities`
  ADD CONSTRAINT `cities_area_branch_id_foreign` FOREIGN KEY (`area_branch_id`) REFERENCES `area_branches` (`id`),
  ADD CONSTRAINT `cities_user_id_foreign` FOREIGN KEY (`user_id`) REFERENCES `users` (`id`);

--
-- テーブルの制約 `companies`
--
ALTER TABLE `companies`
  ADD CONSTRAINT `companies_city_id_foreign` FOREIGN KEY (`city_id`) REFERENCES `cities` (`id`),
  ADD CONSTRAINT `companies_prefecture_id_foreign` FOREIGN KEY (`prefecture_id`) REFERENCES `prefectures` (`id`),
  ADD CONSTRAINT `companies_trade_area_id_foreign` FOREIGN KEY (`trade_area_id`) REFERENCES `trade_areas` (`id`),
  ADD CONSTRAINT `companies_user_id_foreign` FOREIGN KEY (`user_id`) REFERENCES `users` (`id`);

--
-- テーブルの制約 `company_user`
--
ALTER TABLE `company_user`
  ADD CONSTRAINT `company_user_company_id_foreign` FOREIGN KEY (`company_id`) REFERENCES `companies` (`id`) ON DELETE CASCADE,
  ADD CONSTRAINT `company_user_user_id_foreign` FOREIGN KEY (`user_id`) REFERENCES `users` (`id`) ON DELETE CASCADE;

--
-- テーブルの制約 `conversations`
--
ALTER TABLE `conversations`
  ADD CONSTRAINT `conversations_user_id_foreign` FOREIGN KEY (`user_id`) REFERENCES `users` (`id`);

--
-- テーブルの制約 `news`
--
ALTER TABLE `news`
  ADD CONSTRAINT `news_user_id_foreign` FOREIGN KEY (`user_id`) REFERENCES `users` (`id`);

--
-- テーブルの制約 `prefectures`
--
ALTER TABLE `prefectures`
  ADD CONSTRAINT `prefectures_user_id_foreign` FOREIGN KEY (`user_id`) REFERENCES `users` (`id`);

--
-- テーブルの制約 `price_ranges`
--
ALTER TABLE `price_ranges`
  ADD CONSTRAINT `price_ranges_user_id_foreign` FOREIGN KEY (`user_id`) REFERENCES `users` (`id`);

--
-- テーブルの制約 `spaces`
--
ALTER TABLE `spaces`
  ADD CONSTRAINT `spaces_user_id_foreign` FOREIGN KEY (`user_id`) REFERENCES `users` (`id`);

--
-- テーブルの制約 `spots`
--
ALTER TABLE `spots`
  ADD CONSTRAINT `spots_area_center_id_foreign` FOREIGN KEY (`area_center_id`) REFERENCES `area_centers` (`id`),
  ADD CONSTRAINT `spots_category_id_foreign` FOREIGN KEY (`category_id`) REFERENCES `categories` (`id`),
  ADD CONSTRAINT `spots_city_id_foreign` FOREIGN KEY (`city_id`) REFERENCES `cities` (`id`),
  ADD CONSTRAINT `spots_company_id_foreign` FOREIGN KEY (`company_id`) REFERENCES `companies` (`id`),
  ADD CONSTRAINT `spots_prefecture_id_foreign` FOREIGN KEY (`prefecture_id`) REFERENCES `prefectures` (`id`),
  ADD CONSTRAINT `spots_price_range_id_foreign` FOREIGN KEY (`price_range_id`) REFERENCES `price_ranges` (`id`),
  ADD CONSTRAINT `spots_space_id_foreign` FOREIGN KEY (`space_id`) REFERENCES `spaces` (`id`),
  ADD CONSTRAINT `spots_spot_plan_id_foreign` FOREIGN KEY (`spot_plan_id`) REFERENCES `spot_plans` (`id`),
  ADD CONSTRAINT `spots_trade_area_id_foreign` FOREIGN KEY (`trade_area_id`) REFERENCES `trade_areas` (`id`),
  ADD CONSTRAINT `spots_user_id_foreign` FOREIGN KEY (`user_id`) REFERENCES `users` (`id`);

--
-- テーブルの制約 `spot_details`
--
ALTER TABLE `spot_details`
  ADD CONSTRAINT `spot_details_spot_id_foreign` FOREIGN KEY (`spot_id`) REFERENCES `spots` (`id`) ON DELETE CASCADE;

--
-- テーブルの制約 `spot_icon_genre_comments`
--
ALTER TABLE `spot_icon_genre_comments`
  ADD CONSTRAINT `spot_icon_genre_comments_spot_icon_genre_id_foreign` FOREIGN KEY (`spot_icon_genre_id`) REFERENCES `spot_icon_genres` (`id`),
  ADD CONSTRAINT `spot_icon_genre_comments_spot_id_foreign` FOREIGN KEY (`spot_id`) REFERENCES `spots` (`id`) ON DELETE CASCADE,
  ADD CONSTRAINT `spot_icon_genre_comments_user_id_foreign` FOREIGN KEY (`user_id`) REFERENCES `users` (`id`);

--
-- テーブルの制約 `spot_icon_items`
--
ALTER TABLE `spot_icon_items`
  ADD CONSTRAINT `spot_icon_items_spot_icon_genre_id_foreign` FOREIGN KEY (`spot_icon_genre_id`) REFERENCES `spot_icon_genres` (`id`),
  ADD CONSTRAINT `spot_icon_items_user_id_foreign` FOREIGN KEY (`user_id`) REFERENCES `users` (`id`);

--
-- テーブルの制約 `spot_icon_statuses`
--
ALTER TABLE `spot_icon_statuses`
  ADD CONSTRAINT `spot_icon_statuses_spot_icon_genre_id_foreign` FOREIGN KEY (`spot_icon_genre_id`) REFERENCES `spot_icon_genres` (`id`),
  ADD CONSTRAINT `spot_icon_statuses_spot_icon_item_id_foreign` FOREIGN KEY (`spot_icon_item_id`) REFERENCES `spot_icon_items` (`id`),
  ADD CONSTRAINT `spot_icon_statuses_spot_icon_type_id_foreign` FOREIGN KEY (`spot_icon_type_id`) REFERENCES `spot_icon_types` (`id`),
  ADD CONSTRAINT `spot_icon_statuses_spot_id_foreign` FOREIGN KEY (`spot_id`) REFERENCES `spots` (`id`) ON DELETE CASCADE,
  ADD CONSTRAINT `spot_icon_statuses_user_id_foreign` FOREIGN KEY (`user_id`) REFERENCES `users` (`id`);

--
-- テーブルの制約 `spot_images`
--
ALTER TABLE `spot_images`
  ADD CONSTRAINT `spot_images_spot_id_foreign` FOREIGN KEY (`spot_id`) REFERENCES `spots` (`id`) ON DELETE CASCADE;

--
-- テーブルの制約 `spot_prices`
--
ALTER TABLE `spot_prices`
  ADD CONSTRAINT `spot_prices_price_genre_id_foreign` FOREIGN KEY (`price_genre_id`) REFERENCES `price_genres` (`id`) ON DELETE CASCADE,
  ADD CONSTRAINT `spot_prices_spot_id_foreign` FOREIGN KEY (`spot_id`) REFERENCES `spots` (`id`) ON DELETE CASCADE,
  ADD CONSTRAINT `spot_prices_user_id_foreign` FOREIGN KEY (`user_id`) REFERENCES `users` (`id`);

--
-- テーブルの制約 `spot_user`
--
ALTER TABLE `spot_user`
  ADD CONSTRAINT `spot_user_spot_id_foreign` FOREIGN KEY (`spot_id`) REFERENCES `spots` (`id`) ON DELETE CASCADE,
  ADD CONSTRAINT `spot_user_user_id_foreign` FOREIGN KEY (`user_id`) REFERENCES `users` (`id`) ON DELETE CASCADE;

--
-- テーブルの制約 `trade_areas`
--
ALTER TABLE `trade_areas`
  ADD CONSTRAINT `trade_areas_user_id_foreign` FOREIGN KEY (`user_id`) REFERENCES `users` (`id`);

--
-- テーブルの制約 `users`
--
ALTER TABLE `users`
  ADD CONSTRAINT `users_job_type_id_foreign` FOREIGN KEY (`job_type_id`) REFERENCES `job_types` (`id`),
  ADD CONSTRAINT `users_role_id_foreign` FOREIGN KEY (`role_id`) REFERENCES `roles` (`id`),
  ADD CONSTRAINT `users_user_type_id_foreign` FOREIGN KEY (`user_type_id`) REFERENCES `user_types` (`id`);
COMMIT;
